CREATE DATABASE  IF NOT EXISTS `softwareengineering` /*!40100 DEFAULT CHARACTER SET utf8mb4 COLLATE utf8mb4_0900_ai_ci */ /*!80016 DEFAULT ENCRYPTION='N' */;
USE `softwareengineering`;
-- MySQL dump 10.13  Distrib 8.0.19, for Win64 (x86_64)
--
-- Host: localhost    Database: softwareengineering
-- ------------------------------------------------------
-- Server version	8.0.19

/*!40101 SET @OLD_CHARACTER_SET_CLIENT=@@CHARACTER_SET_CLIENT */;
/*!40101 SET @OLD_CHARACTER_SET_RESULTS=@@CHARACTER_SET_RESULTS */;
/*!40101 SET @OLD_COLLATION_CONNECTION=@@COLLATION_CONNECTION */;
/*!50503 SET NAMES utf8 */;
/*!40103 SET @OLD_TIME_ZONE=@@TIME_ZONE */;
/*!40103 SET TIME_ZONE='+00:00' */;
/*!40014 SET @OLD_UNIQUE_CHECKS=@@UNIQUE_CHECKS, UNIQUE_CHECKS=0 */;
/*!40014 SET @OLD_FOREIGN_KEY_CHECKS=@@FOREIGN_KEY_CHECKS, FOREIGN_KEY_CHECKS=0 */;
/*!40101 SET @OLD_SQL_MODE=@@SQL_MODE, SQL_MODE='NO_AUTO_VALUE_ON_ZERO' */;
/*!40111 SET @OLD_SQL_NOTES=@@SQL_NOTES, SQL_NOTES=0 */;

--
-- Table structure for table `diet`
--

DROP TABLE IF EXISTS `diet`;
/*!40101 SET @saved_cs_client     = @@character_set_client */;
/*!50503 SET character_set_client = utf8mb4 */;
CREATE TABLE `diet` (
  `idDiet` int NOT NULL,
  `idUser` int NOT NULL,
  `idMeal` int NOT NULL,
  `date` date NOT NULL,
  PRIMARY KEY (`idDiet`),
  KEY `idMeal_idx` (`idMeal`),
  KEY `idUserinDiet` (`idUser`),
  CONSTRAINT `idMealinDiet` FOREIGN KEY (`idMeal`) REFERENCES `meal` (`idMeal`),
  CONSTRAINT `idUserinDiet` FOREIGN KEY (`idUser`) REFERENCES `user` (`idUser`)
) ENGINE=InnoDB DEFAULT CHARSET=utf8mb4 COLLATE=utf8mb4_0900_ai_ci;
/*!40101 SET character_set_client = @saved_cs_client */;

--
-- Dumping data for table `diet`
--

LOCK TABLES `diet` WRITE;
/*!40000 ALTER TABLE `diet` DISABLE KEYS */;
INSERT INTO `diet` VALUES (0,0,7,'2020-05-09'),(1,0,13,'2020-05-09'),(2,0,22,'2020-05-09'),(3,0,20,'2020-05-09'),(4,0,22,'2020-05-09'),(5,0,36,'2020-05-09'),(6,0,37,'2020-05-09'),(7,0,58,'2020-05-09'),(8,0,46,'2020-05-09'),(9,0,2,'2020-05-08'),(10,0,5,'2020-05-08'),(11,0,22,'2020-05-08'),(12,0,29,'2020-05-08'),(13,0,22,'2020-05-08'),(14,0,42,'2020-05-08'),(15,0,42,'2020-05-08'),(16,0,31,'2020-05-08'),(17,0,50,'2020-05-08'),(18,0,50,'2020-05-08'),(19,0,11,'2020-05-07'),(20,0,13,'2020-05-07'),(21,0,24,'2020-05-07'),(22,0,27,'2020-05-07'),(23,0,18,'2020-05-07'),(24,0,35,'2020-05-07'),(25,0,36,'2020-05-07'),(26,0,58,'2020-05-07'),(27,0,59,'2020-05-07'),(28,0,52,'2020-05-07'),(29,0,12,'2020-05-06'),(30,0,6,'2020-05-06'),(31,0,14,'2020-05-06'),(32,0,25,'2020-05-06'),(33,0,29,'2020-05-06'),(34,0,20,'2020-05-06'),(35,0,32,'2020-05-06'),(36,0,34,'2020-05-06'),(37,0,50,'2020-05-06'),(38,0,48,'2020-05-06'),(39,0,11,'2020-05-05'),(40,0,6,'2020-05-05'),(41,0,1,'2020-05-05'),(42,0,28,'2020-05-05'),(43,0,15,'2020-05-05'),(44,0,31,'2020-05-05'),(45,0,40,'2020-05-05'),(46,0,43,'2020-05-05'),(47,0,46,'2020-05-05'),(48,0,47,'2020-05-05'),(49,0,6,'2020-05-04'),(50,0,5,'2020-05-04'),(51,0,20,'2020-05-04'),(52,0,16,'2020-05-04'),(53,0,15,'2020-05-04'),(54,0,32,'2020-05-04'),(55,0,37,'2020-05-04'),(56,0,30,'2020-05-04'),(57,0,58,'2020-05-04'),(58,0,45,'2020-05-04'),(59,0,9,'2020-05-03'),(60,0,5,'2020-05-03'),(61,0,23,'2020-05-03'),(62,0,19,'2020-05-03'),(63,0,25,'2020-05-03'),(64,0,31,'2020-05-03'),(65,0,43,'2020-05-03'),(66,0,56,'2020-05-03'),(67,0,52,'2020-05-03'),(68,0,1,'2020-05-02'),(69,0,10,'2020-05-02'),(70,0,16,'2020-05-02'),(71,0,28,'2020-05-02'),(72,0,35,'2020-05-02'),(73,0,43,'2020-05-02'),(74,0,39,'2020-05-02'),(75,0,52,'2020-05-02'),(76,0,54,'2020-05-02'),(77,0,48,'2020-05-02'),(78,0,9,'2020-05-01'),(79,0,10,'2020-05-01'),(80,0,22,'2020-05-01'),(81,0,29,'2020-05-01'),(82,0,40,'2020-05-01'),(83,0,31,'2020-05-01'),(84,0,33,'2020-05-01'),(85,0,50,'2020-05-01'),(86,0,52,'2020-05-01'),(87,0,14,'2020-04-30'),(88,0,10,'2020-04-30'),(89,0,12,'2020-04-30'),(90,0,24,'2020-04-30'),(91,0,15,'2020-04-30'),(92,0,39,'2020-04-30'),(93,0,40,'2020-04-30'),(94,0,52,'2020-04-30'),(95,0,53,'2020-04-30'),(96,0,12,'2020-04-29'),(97,0,9,'2020-04-29'),(98,0,21,'2020-04-29'),(99,0,18,'2020-04-29'),(100,0,30,'2020-04-29'),(101,0,41,'2020-04-29'),(102,0,31,'2020-04-29'),(103,0,50,'2020-04-29'),(104,0,47,'2020-04-29'),(105,0,51,'2020-04-29'),(106,0,3,'2020-04-28'),(107,0,9,'2020-04-28'),(108,0,6,'2020-04-28'),(109,0,24,'2020-04-28'),(110,0,28,'2020-04-28'),(111,0,18,'2020-04-28'),(112,0,43,'2020-04-28'),(113,0,43,'2020-04-28'),(114,0,42,'2020-04-28'),(115,0,55,'2020-04-28'),(116,0,55,'2020-04-28'),(117,0,14,'2020-04-27'),(118,0,13,'2020-04-27'),(119,0,15,'2020-04-27'),(120,0,19,'2020-04-27'),(121,0,22,'2020-04-27'),(122,0,35,'2020-04-27'),(123,0,42,'2020-04-27'),(124,0,36,'2020-04-27'),(125,0,57,'2020-04-27'),(126,0,58,'2020-04-27'),(127,0,14,'2020-04-26'),(128,0,11,'2020-04-26'),(129,0,2,'2020-04-26'),(130,0,25,'2020-04-26'),(131,0,25,'2020-04-26'),(132,0,35,'2020-04-26'),(133,0,42,'2020-04-26'),(134,0,38,'2020-04-26'),(135,0,54,'2020-04-26'),(136,0,54,'2020-04-26'),(137,0,53,'2020-04-26'),(138,0,7,'2020-04-25'),(139,0,4,'2020-04-25'),(140,0,17,'2020-04-25'),(141,0,18,'2020-04-25'),(142,0,15,'2020-04-25'),(143,0,34,'2020-04-25'),(144,0,40,'2020-04-25'),(145,0,51,'2020-04-25'),(146,0,48,'2020-04-25'),(147,0,3,'2020-04-24'),(148,0,11,'2020-04-24'),(149,0,12,'2020-04-24'),(150,0,18,'2020-04-24'),(151,0,23,'2020-04-24'),(152,0,31,'2020-04-24'),(153,0,31,'2020-04-24'),(154,0,50,'2020-04-24'),(155,0,48,'2020-04-24'),(156,0,1,'2020-04-23'),(157,0,1,'2020-04-23'),(158,0,28,'2020-04-23'),(159,0,15,'2020-04-23'),(160,0,26,'2020-04-23'),(161,0,41,'2020-04-23'),(162,0,32,'2020-04-23'),(163,0,52,'2020-04-23'),(164,0,50,'2020-04-23'),(165,0,54,'2020-04-23'),(166,0,14,'2020-04-22'),(167,0,9,'2020-04-22'),(168,0,24,'2020-04-22'),(169,0,18,'2020-04-22'),(170,0,20,'2020-04-22'),(171,0,38,'2020-04-22'),(172,0,37,'2020-04-22'),(173,0,59,'2020-04-22'),(174,0,58,'2020-04-22'),(175,0,0,'2020-04-21'),(176,0,7,'2020-04-21'),(177,0,14,'2020-04-21'),(178,0,25,'2020-04-21'),(179,0,18,'2020-04-21'),(180,0,15,'2020-04-21'),(181,0,30,'2020-04-21'),(182,0,34,'2020-04-21'),(183,0,42,'2020-04-21'),(184,0,59,'2020-04-21'),(185,0,48,'2020-04-21'),(186,0,47,'2020-04-21'),(187,0,5,'2020-04-20'),(188,0,3,'2020-04-20'),(189,0,26,'2020-04-20'),(190,0,27,'2020-04-20'),(191,0,15,'2020-04-20'),(192,0,37,'2020-04-20'),(193,0,39,'2020-04-20'),(194,0,40,'2020-04-20'),(195,0,58,'2020-04-20'),(196,0,50,'2020-04-20'),(197,0,1,'2020-04-19'),(198,0,7,'2020-04-19'),(199,0,25,'2020-04-19'),(200,0,20,'2020-04-19'),(201,0,28,'2020-04-19'),(202,0,41,'2020-04-19'),(203,0,32,'2020-04-19'),(204,0,47,'2020-04-19'),(205,0,49,'2020-04-19'),(206,0,55,'2020-04-19'),(207,0,7,'2020-04-18'),(208,0,8,'2020-04-18'),(209,0,14,'2020-04-18'),(210,0,24,'2020-04-18'),(211,0,17,'2020-04-18'),(212,0,42,'2020-04-18'),(213,0,36,'2020-04-18'),(214,0,41,'2020-04-18'),(215,0,53,'2020-04-18'),(216,0,46,'2020-04-18'),(217,0,51,'2020-04-18'),(218,0,14,'2020-04-17'),(219,0,4,'2020-04-17'),(220,0,15,'2020-04-17'),(221,0,26,'2020-04-17'),(222,0,20,'2020-04-17'),(223,0,39,'2020-04-17'),(224,0,44,'2020-04-17'),(225,0,40,'2020-04-17'),(226,0,59,'2020-04-17'),(227,0,48,'2020-04-17'),(228,0,6,'2020-04-16'),(229,0,9,'2020-04-16'),(230,0,11,'2020-04-16'),(231,0,26,'2020-04-16'),(232,0,28,'2020-04-16'),(233,0,25,'2020-04-16'),(234,0,34,'2020-04-16'),(235,0,44,'2020-04-16'),(236,0,57,'2020-04-16'),(237,0,46,'2020-04-16'),(238,0,53,'2020-04-16'),(239,0,4,'2020-04-15'),(240,0,7,'2020-04-15'),(241,0,4,'2020-04-15'),(242,0,22,'2020-04-15'),(243,0,23,'2020-04-15'),(244,0,35,'2020-04-15'),(245,0,32,'2020-04-15'),(246,0,53,'2020-04-15'),(247,0,59,'2020-04-15'),(248,0,46,'2020-04-15'),(249,0,3,'2020-04-14'),(250,0,11,'2020-04-14'),(251,0,19,'2020-04-14'),(252,0,18,'2020-04-14'),(253,0,34,'2020-04-14'),(254,0,42,'2020-04-14'),(255,0,58,'2020-04-14'),(256,0,58,'2020-04-14'),(257,0,53,'2020-04-14'),(258,0,3,'2020-04-13'),(259,0,13,'2020-04-13'),(260,0,5,'2020-04-13'),(261,0,20,'2020-04-13'),(262,0,22,'2020-04-13'),(263,0,15,'2020-04-13'),(264,0,33,'2020-04-13'),(265,0,31,'2020-04-13'),(266,0,47,'2020-04-13'),(267,0,58,'2020-04-13'),(268,0,57,'2020-04-13'),(269,0,10,'2020-04-12'),(270,0,14,'2020-04-12'),(271,0,1,'2020-04-12'),(272,0,19,'2020-04-12'),(273,0,16,'2020-04-12'),(274,0,43,'2020-04-12'),(275,0,44,'2020-04-12'),(276,0,45,'2020-04-12'),(277,0,49,'2020-04-12'),(278,0,59,'2020-04-12'),(279,0,10,'2020-04-11'),(280,0,0,'2020-04-11'),(281,0,24,'2020-04-11'),(282,0,15,'2020-04-11'),(283,0,43,'2020-04-11'),(284,0,31,'2020-04-11'),(285,0,56,'2020-04-11'),(286,0,46,'2020-04-11'),(287,0,57,'2020-04-11'),(556,1,12,'2020-05-09'),(557,1,5,'2020-05-09'),(558,1,4,'2020-05-09'),(559,1,19,'2020-05-09'),(560,1,21,'2020-05-09'),(561,1,20,'2020-05-09'),(562,1,37,'2020-05-09'),(563,1,39,'2020-05-09'),(564,1,56,'2020-05-09'),(565,1,57,'2020-05-09'),(566,1,2,'2020-05-08'),(567,1,9,'2020-05-08'),(568,1,6,'2020-05-08'),(569,1,25,'2020-05-08'),(570,1,22,'2020-05-08'),(571,1,22,'2020-05-08'),(572,1,41,'2020-05-08'),(573,1,44,'2020-05-08'),(574,1,56,'2020-05-08'),(575,1,49,'2020-05-08'),(576,1,2,'2020-05-07'),(577,1,0,'2020-05-07'),(578,1,2,'2020-05-07'),(579,1,26,'2020-05-07'),(580,1,24,'2020-05-07'),(581,1,35,'2020-05-07'),(582,1,43,'2020-05-07'),(583,1,35,'2020-05-07'),(584,1,48,'2020-05-07'),(585,1,57,'2020-05-07'),(586,1,54,'2020-05-07'),(587,1,8,'2020-05-06'),(588,1,6,'2020-05-06'),(589,1,13,'2020-05-06'),(590,1,21,'2020-05-06'),(591,1,27,'2020-05-06'),(592,1,31,'2020-05-06'),(593,1,34,'2020-05-06'),(594,1,36,'2020-05-06'),(595,1,55,'2020-05-06'),(596,1,51,'2020-05-06'),(597,1,8,'2020-05-05'),(598,1,3,'2020-05-05'),(599,1,10,'2020-05-05'),(600,1,20,'2020-05-05'),(601,1,27,'2020-05-05'),(602,1,16,'2020-05-05'),(603,1,35,'2020-05-05'),(604,1,40,'2020-05-05'),(605,1,43,'2020-05-05'),(606,1,45,'2020-05-05'),(607,1,49,'2020-05-05'),(608,1,13,'2020-05-04'),(609,1,4,'2020-05-04'),(610,1,12,'2020-05-04'),(611,1,20,'2020-05-04'),(612,1,15,'2020-05-04'),(613,1,24,'2020-05-04'),(614,1,41,'2020-05-04'),(615,1,35,'2020-05-04'),(616,1,36,'2020-05-04'),(617,1,49,'2020-05-04'),(618,1,57,'2020-05-04'),(619,1,6,'2020-05-03'),(620,1,1,'2020-05-03'),(621,1,18,'2020-05-03'),(622,1,25,'2020-05-03'),(623,1,15,'2020-05-03'),(624,1,33,'2020-05-03'),(625,1,32,'2020-05-03'),(626,1,38,'2020-05-03'),(627,1,50,'2020-05-03'),(628,1,47,'2020-05-03'),(629,1,10,'2020-05-02'),(630,1,7,'2020-05-02'),(631,1,17,'2020-05-02'),(632,1,15,'2020-05-02'),(633,1,18,'2020-05-02'),(634,1,38,'2020-05-02'),(635,1,38,'2020-05-02'),(636,1,49,'2020-05-02'),(637,1,58,'2020-05-02'),(638,1,46,'2020-05-02'),(639,1,11,'2020-05-01'),(640,1,1,'2020-05-01'),(641,1,0,'2020-05-01'),(642,1,28,'2020-05-01'),(643,1,23,'2020-05-01'),(644,1,27,'2020-05-01'),(645,1,43,'2020-05-01'),(646,1,39,'2020-05-01'),(647,1,59,'2020-05-01'),(648,1,46,'2020-05-01'),(649,1,57,'2020-05-01'),(650,1,9,'2020-04-30'),(651,1,11,'2020-04-30'),(652,1,4,'2020-04-30'),(653,1,26,'2020-04-30'),(654,1,25,'2020-04-30'),(655,1,38,'2020-04-30'),(656,1,35,'2020-04-30'),(657,1,59,'2020-04-30'),(658,1,47,'2020-04-30'),(659,1,53,'2020-04-30'),(660,1,2,'2020-04-29'),(661,1,7,'2020-04-29'),(662,1,21,'2020-04-29'),(663,1,18,'2020-04-29'),(664,1,35,'2020-04-29'),(665,1,41,'2020-04-29'),(666,1,55,'2020-04-29'),(667,1,54,'2020-04-29'),(668,1,11,'2020-04-28'),(669,1,10,'2020-04-28'),(670,1,25,'2020-04-28'),(671,1,18,'2020-04-28'),(672,1,25,'2020-04-28'),(673,1,33,'2020-04-28'),(674,1,35,'2020-04-28'),(675,1,49,'2020-04-28'),(676,1,57,'2020-04-28'),(677,1,54,'2020-04-28'),(678,1,7,'2020-04-27'),(679,1,14,'2020-04-27'),(680,1,24,'2020-04-27'),(681,1,18,'2020-04-27'),(682,1,36,'2020-04-27'),(683,1,42,'2020-04-27'),(684,1,43,'2020-04-27'),(685,1,45,'2020-04-27'),(686,1,48,'2020-04-27'),(687,1,1,'2020-04-26'),(688,1,0,'2020-04-26'),(689,1,8,'2020-04-26'),(690,1,20,'2020-04-26'),(691,1,15,'2020-04-26'),(692,1,20,'2020-04-26'),(693,1,35,'2020-04-26'),(694,1,35,'2020-04-26'),(695,1,59,'2020-04-26'),(696,1,47,'2020-04-26'),(697,1,45,'2020-04-26'),(698,1,9,'2020-04-25'),(699,1,6,'2020-04-25'),(700,1,19,'2020-04-25'),(701,1,17,'2020-04-25'),(702,1,30,'2020-04-25'),(703,1,32,'2020-04-25'),(704,1,59,'2020-04-25'),(705,1,55,'2020-04-25'),(706,1,13,'2020-04-24'),(707,1,13,'2020-04-24'),(708,1,17,'2020-04-24'),(709,1,17,'2020-04-24'),(710,1,15,'2020-04-24'),(711,1,33,'2020-04-24'),(712,1,32,'2020-04-24'),(713,1,31,'2020-04-24'),(714,1,47,'2020-04-24'),(715,1,53,'2020-04-24'),(716,1,5,'2020-04-23'),(717,1,7,'2020-04-23'),(718,1,21,'2020-04-23'),(719,1,27,'2020-04-23'),(720,1,38,'2020-04-23'),(721,1,39,'2020-04-23'),(722,1,42,'2020-04-23'),(723,1,59,'2020-04-23'),(724,1,49,'2020-04-23'),(725,1,2,'2020-04-22'),(726,1,8,'2020-04-22'),(727,1,2,'2020-04-22'),(728,1,18,'2020-04-22'),(729,1,20,'2020-04-22'),(730,1,35,'2020-04-22'),(731,1,44,'2020-04-22'),(732,1,39,'2020-04-22'),(733,1,56,'2020-04-22'),(734,1,52,'2020-04-22'),(735,1,10,'2020-04-21'),(736,1,3,'2020-04-21'),(737,1,24,'2020-04-21'),(738,1,19,'2020-04-21'),(739,1,15,'2020-04-21'),(740,1,43,'2020-04-21'),(741,1,40,'2020-04-21'),(742,1,59,'2020-04-21'),(743,1,59,'2020-04-21'),(744,1,0,'2020-04-20'),(745,1,14,'2020-04-20'),(746,1,20,'2020-04-20'),(747,1,15,'2020-04-20'),(748,1,27,'2020-04-20'),(749,1,38,'2020-04-20'),(750,1,43,'2020-04-20'),(751,1,57,'2020-04-20'),(752,1,54,'2020-04-20'),(753,1,2,'2020-04-19'),(754,1,12,'2020-04-19'),(755,1,29,'2020-04-19'),(756,1,18,'2020-04-19'),(757,1,36,'2020-04-19'),(758,1,36,'2020-04-19'),(759,1,32,'2020-04-19'),(760,1,48,'2020-04-19'),(761,1,59,'2020-04-19'),(762,1,52,'2020-04-19'),(763,1,0,'2020-04-18'),(764,1,7,'2020-04-18'),(765,1,26,'2020-04-18'),(766,1,15,'2020-04-18'),(767,1,36,'2020-04-18'),(768,1,36,'2020-04-18'),(769,1,49,'2020-04-18'),(770,1,52,'2020-04-18'),(771,1,12,'2020-04-17'),(772,1,4,'2020-04-17'),(773,1,12,'2020-04-17'),(774,1,24,'2020-04-17'),(775,1,27,'2020-04-17'),(776,1,32,'2020-04-17'),(777,1,32,'2020-04-17'),(778,1,46,'2020-04-17'),(779,1,45,'2020-04-17'),(780,1,11,'2020-04-16'),(781,1,8,'2020-04-16'),(782,1,11,'2020-04-16'),(783,1,24,'2020-04-16'),(784,1,26,'2020-04-16'),(785,1,23,'2020-04-16'),(786,1,36,'2020-04-16'),(787,1,34,'2020-04-16'),(788,1,31,'2020-04-16'),(789,1,55,'2020-04-16'),(790,1,57,'2020-04-16'),(791,1,8,'2020-04-15'),(792,1,6,'2020-04-15'),(793,1,27,'2020-04-15'),(794,1,24,'2020-04-15'),(795,1,31,'2020-04-15'),(796,1,41,'2020-04-15'),(797,1,54,'2020-04-15'),(798,1,52,'2020-04-15'),(799,1,9,'2020-04-14'),(800,1,8,'2020-04-14'),(801,1,5,'2020-04-14'),(802,1,20,'2020-04-14'),(803,1,29,'2020-04-14'),(804,1,26,'2020-04-14'),(805,1,31,'2020-04-14'),(806,1,44,'2020-04-14'),(807,1,36,'2020-04-14'),(808,1,46,'2020-04-14'),(809,1,46,'2020-04-14'),(810,1,52,'2020-04-14'),(811,1,6,'2020-04-13'),(812,1,9,'2020-04-13'),(813,1,21,'2020-04-13'),(814,1,28,'2020-04-13'),(815,1,25,'2020-04-13'),(816,1,32,'2020-04-13'),(817,1,37,'2020-04-13'),(818,1,53,'2020-04-13'),(819,1,48,'2020-04-13'),(820,1,1,'2020-04-12'),(821,1,1,'2020-04-12'),(822,1,24,'2020-04-12'),(823,1,19,'2020-04-12'),(824,1,37,'2020-04-12'),(825,1,33,'2020-04-12'),(826,1,44,'2020-04-12'),(827,1,51,'2020-04-12'),(828,1,59,'2020-04-12'),(829,1,11,'2020-04-11'),(830,1,9,'2020-04-11'),(831,1,23,'2020-04-11'),(832,1,15,'2020-04-11'),(833,1,19,'2020-04-11'),(834,1,35,'2020-04-11'),(835,1,43,'2020-04-11'),(836,1,31,'2020-04-11'),(837,1,48,'2020-04-11'),(838,1,56,'2020-04-11'),(839,1,55,'2020-04-11'),(1108,2,12,'2020-05-09'),(1109,2,1,'2020-05-09'),(1110,2,22,'2020-05-09'),(1111,2,20,'2020-05-09'),(1112,2,18,'2020-05-09'),(1113,2,34,'2020-05-09'),(1114,2,35,'2020-05-09'),(1115,2,35,'2020-05-09'),(1116,2,49,'2020-05-09'),(1117,2,49,'2020-05-09'),(1118,2,4,'2020-05-08'),(1119,2,12,'2020-05-08'),(1120,2,10,'2020-05-08'),(1121,2,29,'2020-05-08'),(1122,2,20,'2020-05-08'),(1123,2,15,'2020-05-08'),(1124,2,37,'2020-05-08'),(1125,2,39,'2020-05-08'),(1126,2,35,'2020-05-08'),(1127,2,48,'2020-05-08'),(1128,2,48,'2020-05-08'),(1129,2,12,'2020-05-07'),(1130,2,5,'2020-05-07'),(1131,2,18,'2020-05-07'),(1132,2,26,'2020-05-07'),(1133,2,26,'2020-05-07'),(1134,2,31,'2020-05-07'),(1135,2,30,'2020-05-07'),(1136,2,33,'2020-05-07'),(1137,2,54,'2020-05-07'),(1138,2,48,'2020-05-07'),(1139,2,11,'2020-05-06'),(1140,2,0,'2020-05-06'),(1141,2,20,'2020-05-06'),(1142,2,25,'2020-05-06'),(1143,2,36,'2020-05-06'),(1144,2,33,'2020-05-06'),(1145,2,55,'2020-05-06'),(1146,2,45,'2020-05-06'),(1147,2,12,'2020-05-05'),(1148,2,14,'2020-05-05'),(1149,2,24,'2020-05-05'),(1150,2,26,'2020-05-05'),(1151,2,33,'2020-05-05'),(1152,2,35,'2020-05-05'),(1153,2,54,'2020-05-05'),(1154,2,56,'2020-05-05'),(1155,2,14,'2020-05-04'),(1156,2,14,'2020-05-04'),(1157,2,5,'2020-05-04'),(1158,2,23,'2020-05-04'),(1159,2,22,'2020-05-04'),(1160,2,38,'2020-05-04'),(1161,2,43,'2020-05-04'),(1162,2,41,'2020-05-04'),(1163,2,50,'2020-05-04'),(1164,2,56,'2020-05-04'),(1165,2,58,'2020-05-04'),(1166,2,8,'2020-05-03'),(1167,2,1,'2020-05-03'),(1168,2,11,'2020-05-03'),(1169,2,27,'2020-05-03'),(1170,2,25,'2020-05-03'),(1171,2,33,'2020-05-03'),(1172,2,41,'2020-05-03'),(1173,2,40,'2020-05-03'),(1174,2,58,'2020-05-03'),(1175,2,59,'2020-05-03'),(1176,2,3,'2020-05-02'),(1177,2,13,'2020-05-02'),(1178,2,24,'2020-05-02'),(1179,2,25,'2020-05-02'),(1180,2,22,'2020-05-02'),(1181,2,36,'2020-05-02'),(1182,2,39,'2020-05-02'),(1183,2,42,'2020-05-02'),(1184,2,58,'2020-05-02'),(1185,2,58,'2020-05-02'),(1186,2,9,'2020-05-01'),(1187,2,5,'2020-05-01'),(1188,2,0,'2020-05-01'),(1189,2,25,'2020-05-01'),(1190,2,27,'2020-05-01'),(1191,2,16,'2020-05-01'),(1192,2,32,'2020-05-01'),(1193,2,44,'2020-05-01'),(1194,2,38,'2020-05-01'),(1195,2,59,'2020-05-01'),(1196,2,54,'2020-05-01'),(1197,2,52,'2020-05-01'),(1198,2,8,'2020-04-30'),(1199,2,7,'2020-04-30'),(1200,2,11,'2020-04-30'),(1201,2,20,'2020-04-30'),(1202,2,23,'2020-04-30'),(1203,2,15,'2020-04-30'),(1204,2,42,'2020-04-30'),(1205,2,32,'2020-04-30'),(1206,2,33,'2020-04-30'),(1207,2,45,'2020-04-30'),(1208,2,49,'2020-04-30'),(1209,2,54,'2020-04-30'),(1210,2,6,'2020-04-29'),(1211,2,8,'2020-04-29'),(1212,2,10,'2020-04-29'),(1213,2,16,'2020-04-29'),(1214,2,24,'2020-04-29'),(1215,2,41,'2020-04-29'),(1216,2,32,'2020-04-29'),(1217,2,59,'2020-04-29'),(1218,2,52,'2020-04-29'),(1219,2,48,'2020-04-29'),(1220,2,13,'2020-04-28'),(1221,2,6,'2020-04-28'),(1222,2,9,'2020-04-28'),(1223,2,22,'2020-04-28'),(1224,2,19,'2020-04-28'),(1225,2,39,'2020-04-28'),(1226,2,37,'2020-04-28'),(1227,2,47,'2020-04-28'),(1228,2,52,'2020-04-28'),(1229,2,13,'2020-04-27'),(1230,2,4,'2020-04-27'),(1231,2,0,'2020-04-27'),(1232,2,27,'2020-04-27'),(1233,2,29,'2020-04-27'),(1234,2,17,'2020-04-27'),(1235,2,31,'2020-04-27'),(1236,2,43,'2020-04-27'),(1237,2,59,'2020-04-27'),(1238,2,55,'2020-04-27'),(1239,2,6,'2020-04-26'),(1240,2,13,'2020-04-26'),(1241,2,17,'2020-04-26'),(1242,2,29,'2020-04-26'),(1243,2,18,'2020-04-26'),(1244,2,35,'2020-04-26'),(1245,2,44,'2020-04-26'),(1246,2,51,'2020-04-26'),(1247,2,52,'2020-04-26'),(1248,2,13,'2020-04-25'),(1249,2,3,'2020-04-25'),(1250,2,21,'2020-04-25'),(1251,2,15,'2020-04-25'),(1252,2,38,'2020-04-25'),(1253,2,39,'2020-04-25'),(1254,2,40,'2020-04-25'),(1255,2,49,'2020-04-25'),(1256,2,57,'2020-04-25'),(1257,2,53,'2020-04-25'),(1258,2,3,'2020-04-24'),(1259,2,7,'2020-04-24'),(1260,2,6,'2020-04-24'),(1261,2,29,'2020-04-24'),(1262,2,15,'2020-04-24'),(1263,2,40,'2020-04-24'),(1264,2,37,'2020-04-24'),(1265,2,50,'2020-04-24'),(1266,2,58,'2020-04-24'),(1267,2,9,'2020-04-23'),(1268,2,14,'2020-04-23'),(1269,2,24,'2020-04-23'),(1270,2,15,'2020-04-23'),(1271,2,32,'2020-04-23'),(1272,2,32,'2020-04-23'),(1273,2,36,'2020-04-23'),(1274,2,52,'2020-04-23'),(1275,2,52,'2020-04-23'),(1276,2,9,'2020-04-22'),(1277,2,11,'2020-04-22'),(1278,2,17,'2020-04-22'),(1279,2,28,'2020-04-22'),(1280,2,17,'2020-04-22'),(1281,2,34,'2020-04-22'),(1282,2,30,'2020-04-22'),(1283,2,40,'2020-04-22'),(1284,2,56,'2020-04-22'),(1285,2,58,'2020-04-22'),(1286,2,51,'2020-04-22'),(1287,2,12,'2020-04-21'),(1288,2,4,'2020-04-21'),(1289,2,3,'2020-04-21'),(1290,2,29,'2020-04-21'),(1291,2,28,'2020-04-21'),(1292,2,30,'2020-04-21'),(1293,2,35,'2020-04-21'),(1294,2,56,'2020-04-21'),(1295,2,55,'2020-04-21'),(1296,2,2,'2020-04-20'),(1297,2,11,'2020-04-20'),(1298,2,26,'2020-04-20'),(1299,2,26,'2020-04-20'),(1300,2,36,'2020-04-20'),(1301,2,40,'2020-04-20'),(1302,2,59,'2020-04-20'),(1303,2,57,'2020-04-20'),(1304,2,58,'2020-04-20'),(1305,2,5,'2020-04-19'),(1306,2,1,'2020-04-19'),(1307,2,7,'2020-04-19'),(1308,2,22,'2020-04-19'),(1309,2,18,'2020-04-19'),(1310,2,24,'2020-04-19'),(1311,2,39,'2020-04-19'),(1312,2,34,'2020-04-19'),(1313,2,36,'2020-04-19'),(1314,2,48,'2020-04-19'),(1315,2,50,'2020-04-19'),(1316,2,47,'2020-04-19'),(1317,2,2,'2020-04-18'),(1318,2,3,'2020-04-18'),(1319,2,5,'2020-04-18'),(1320,2,18,'2020-04-18'),(1321,2,21,'2020-04-18'),(1322,2,36,'2020-04-18'),(1323,2,35,'2020-04-18'),(1324,2,41,'2020-04-18'),(1325,2,51,'2020-04-18'),(1326,2,49,'2020-04-18'),(1327,2,6,'2020-04-17'),(1328,2,10,'2020-04-17'),(1329,2,29,'2020-04-17'),(1330,2,19,'2020-04-17'),(1331,2,29,'2020-04-17'),(1332,2,43,'2020-04-17'),(1333,2,42,'2020-04-17'),(1334,2,55,'2020-04-17'),(1335,2,52,'2020-04-17'),(1336,2,0,'2020-04-16'),(1337,2,9,'2020-04-16'),(1338,2,1,'2020-04-16'),(1339,2,28,'2020-04-16'),(1340,2,28,'2020-04-16'),(1341,2,39,'2020-04-16'),(1342,2,40,'2020-04-16'),(1343,2,53,'2020-04-16'),(1344,2,48,'2020-04-16'),(1345,2,59,'2020-04-16'),(1346,2,5,'2020-04-15'),(1347,2,4,'2020-04-15'),(1348,2,20,'2020-04-15'),(1349,2,22,'2020-04-15'),(1350,2,42,'2020-04-15'),(1351,2,39,'2020-04-15'),(1352,2,42,'2020-04-15'),(1353,2,56,'2020-04-15'),(1354,2,49,'2020-04-15'),(1355,2,49,'2020-04-15'),(1356,2,9,'2020-04-14'),(1357,2,9,'2020-04-14'),(1358,2,14,'2020-04-14'),(1359,2,23,'2020-04-14'),(1360,2,20,'2020-04-14'),(1361,2,15,'2020-04-14'),(1362,2,43,'2020-04-14'),(1363,2,43,'2020-04-14'),(1364,2,47,'2020-04-14'),(1365,2,50,'2020-04-14'),(1366,2,8,'2020-04-13'),(1367,2,7,'2020-04-13'),(1368,2,24,'2020-04-13'),(1369,2,26,'2020-04-13'),(1370,2,24,'2020-04-13'),(1371,2,43,'2020-04-13'),(1372,2,37,'2020-04-13'),(1373,2,35,'2020-04-13'),(1374,2,59,'2020-04-13'),(1375,2,51,'2020-04-13'),(1376,2,7,'2020-04-12'),(1377,2,14,'2020-04-12'),(1378,2,14,'2020-04-12'),(1379,2,16,'2020-04-12'),(1380,2,24,'2020-04-12'),(1381,2,38,'2020-04-12'),(1382,2,37,'2020-04-12'),(1383,2,32,'2020-04-12'),(1384,2,50,'2020-04-12'),(1385,2,47,'2020-04-12'),(1386,2,54,'2020-04-12'),(1387,2,5,'2020-04-11'),(1388,2,10,'2020-04-11'),(1389,2,9,'2020-04-11'),(1390,2,28,'2020-04-11'),(1391,2,22,'2020-04-11'),(1392,2,38,'2020-04-11'),(1393,2,37,'2020-04-11'),(1394,2,35,'2020-04-11'),(1395,2,46,'2020-04-11'),(1396,2,51,'2020-04-11'),(1397,2,55,'2020-04-11'),(1670,3,10,'2020-05-09'),(1671,3,9,'2020-05-09'),(1672,3,6,'2020-05-09'),(1673,3,29,'2020-05-09'),(1674,3,17,'2020-05-09'),(1675,3,34,'2020-05-09'),(1676,3,38,'2020-05-09'),(1677,3,40,'2020-05-09'),(1678,3,52,'2020-05-09'),(1679,3,58,'2020-05-09'),(1680,3,4,'2020-05-08'),(1681,3,10,'2020-05-08'),(1682,3,6,'2020-05-08'),(1683,3,17,'2020-05-08'),(1684,3,28,'2020-05-08'),(1685,3,30,'2020-05-08'),(1686,3,40,'2020-05-08'),(1687,3,47,'2020-05-08'),(1688,3,53,'2020-05-08'),(1689,3,57,'2020-05-08'),(1690,3,11,'2020-05-07'),(1691,3,5,'2020-05-07'),(1692,3,11,'2020-05-07'),(1693,3,21,'2020-05-07'),(1694,3,28,'2020-05-07'),(1695,3,35,'2020-05-07'),(1696,3,40,'2020-05-07'),(1697,3,34,'2020-05-07'),(1698,3,53,'2020-05-07'),(1699,3,59,'2020-05-07'),(1700,3,59,'2020-05-07'),(1701,3,12,'2020-05-06'),(1702,3,0,'2020-05-06'),(1703,3,16,'2020-05-06'),(1704,3,20,'2020-05-06'),(1705,3,17,'2020-05-06'),(1706,3,38,'2020-05-06'),(1707,3,41,'2020-05-06'),(1708,3,31,'2020-05-06'),(1709,3,53,'2020-05-06'),(1710,3,47,'2020-05-06'),(1711,3,53,'2020-05-06'),(1712,3,1,'2020-05-05'),(1713,3,8,'2020-05-05'),(1714,3,8,'2020-05-05'),(1715,3,29,'2020-05-05'),(1716,3,19,'2020-05-05'),(1717,3,16,'2020-05-05'),(1718,3,39,'2020-05-05'),(1719,3,43,'2020-05-05'),(1720,3,52,'2020-05-05'),(1721,3,50,'2020-05-05'),(1722,3,57,'2020-05-05'),(1723,3,6,'2020-05-04'),(1724,3,10,'2020-05-04'),(1725,3,8,'2020-05-04'),(1726,3,17,'2020-05-04'),(1727,3,21,'2020-05-04'),(1728,3,38,'2020-05-04'),(1729,3,34,'2020-05-04'),(1730,3,32,'2020-05-04'),(1731,3,45,'2020-05-04'),(1732,3,48,'2020-05-04'),(1733,3,5,'2020-05-03'),(1734,3,13,'2020-05-03'),(1735,3,7,'2020-05-03'),(1736,3,29,'2020-05-03'),(1737,3,29,'2020-05-03'),(1738,3,15,'2020-05-03'),(1739,3,34,'2020-05-03'),(1740,3,39,'2020-05-03'),(1741,3,53,'2020-05-03'),(1742,3,48,'2020-05-03'),(1743,3,10,'2020-05-02'),(1744,3,9,'2020-05-02'),(1745,3,13,'2020-05-02'),(1746,3,24,'2020-05-02'),(1747,3,18,'2020-05-02'),(1748,3,16,'2020-05-02'),(1749,3,36,'2020-05-02'),(1750,3,31,'2020-05-02'),(1751,3,52,'2020-05-02'),(1752,3,54,'2020-05-02'),(1753,3,9,'2020-05-01'),(1754,3,10,'2020-05-01'),(1755,3,3,'2020-05-01'),(1756,3,15,'2020-05-01'),(1757,3,18,'2020-05-01'),(1758,3,28,'2020-05-01'),(1759,3,33,'2020-05-01'),(1760,3,30,'2020-05-01'),(1761,3,33,'2020-05-01'),(1762,3,51,'2020-05-01'),(1763,3,50,'2020-05-01'),(1764,3,12,'2020-04-30'),(1765,3,10,'2020-04-30'),(1766,3,19,'2020-04-30'),(1767,3,25,'2020-04-30'),(1768,3,41,'2020-04-30'),(1769,3,38,'2020-04-30'),(1770,3,33,'2020-04-30'),(1771,3,54,'2020-04-30'),(1772,3,53,'2020-04-30'),(1773,3,54,'2020-04-30'),(1774,3,13,'2020-04-29'),(1775,3,12,'2020-04-29'),(1776,3,29,'2020-04-29'),(1777,3,23,'2020-04-29'),(1778,3,23,'2020-04-29'),(1779,3,36,'2020-04-29'),(1780,3,34,'2020-04-29'),(1781,3,36,'2020-04-29'),(1782,3,49,'2020-04-29'),(1783,3,50,'2020-04-29'),(1784,3,12,'2020-04-28'),(1785,3,10,'2020-04-28'),(1786,3,14,'2020-04-28'),(1787,3,27,'2020-04-28'),(1788,3,28,'2020-04-28'),(1789,3,16,'2020-04-28'),(1790,3,41,'2020-04-28'),(1791,3,37,'2020-04-28'),(1792,3,39,'2020-04-28'),(1793,3,54,'2020-04-28'),(1794,3,48,'2020-04-28'),(1795,3,7,'2020-04-27'),(1796,3,4,'2020-04-27'),(1797,3,4,'2020-04-27'),(1798,3,25,'2020-04-27'),(1799,3,29,'2020-04-27'),(1800,3,15,'2020-04-27'),(1801,3,43,'2020-04-27'),(1802,3,32,'2020-04-27'),(1803,3,47,'2020-04-27'),(1804,3,45,'2020-04-27'),(1805,3,1,'2020-04-26'),(1806,3,11,'2020-04-26'),(1807,3,8,'2020-04-26'),(1808,3,27,'2020-04-26'),(1809,3,27,'2020-04-26'),(1810,3,17,'2020-04-26'),(1811,3,34,'2020-04-26'),(1812,3,36,'2020-04-26'),(1813,3,56,'2020-04-26'),(1814,3,52,'2020-04-26'),(1815,3,48,'2020-04-26'),(1816,3,4,'2020-04-25'),(1817,3,11,'2020-04-25'),(1818,3,11,'2020-04-25'),(1819,3,24,'2020-04-25'),(1820,3,16,'2020-04-25'),(1821,3,34,'2020-04-25'),(1822,3,36,'2020-04-25'),(1823,3,58,'2020-04-25'),(1824,3,59,'2020-04-25'),(1825,3,14,'2020-04-24'),(1826,3,9,'2020-04-24'),(1827,3,20,'2020-04-24'),(1828,3,28,'2020-04-24'),(1829,3,22,'2020-04-24'),(1830,3,39,'2020-04-24'),(1831,3,34,'2020-04-24'),(1832,3,57,'2020-04-24'),(1833,3,55,'2020-04-24'),(1834,3,2,'2020-04-23'),(1835,3,7,'2020-04-23'),(1836,3,17,'2020-04-23'),(1837,3,26,'2020-04-23'),(1838,3,21,'2020-04-23'),(1839,3,44,'2020-04-23'),(1840,3,35,'2020-04-23'),(1841,3,41,'2020-04-23'),(1842,3,58,'2020-04-23'),(1843,3,56,'2020-04-23'),(1844,3,3,'2020-04-22'),(1845,3,13,'2020-04-22'),(1846,3,21,'2020-04-22'),(1847,3,19,'2020-04-22'),(1848,3,41,'2020-04-22'),(1849,3,39,'2020-04-22'),(1850,3,36,'2020-04-22'),(1851,3,48,'2020-04-22'),(1852,3,45,'2020-04-22'),(1853,3,3,'2020-04-21'),(1854,3,0,'2020-04-21'),(1855,3,23,'2020-04-21'),(1856,3,15,'2020-04-21'),(1857,3,33,'2020-04-21'),(1858,3,30,'2020-04-21'),(1859,3,52,'2020-04-21'),(1860,3,58,'2020-04-21'),(1861,3,11,'2020-04-20'),(1862,3,14,'2020-04-20'),(1863,3,0,'2020-04-20'),(1864,3,25,'2020-04-20'),(1865,3,23,'2020-04-20'),(1866,3,44,'2020-04-20'),(1867,3,43,'2020-04-20'),(1868,3,47,'2020-04-20'),(1869,3,55,'2020-04-20'),(1870,3,49,'2020-04-20'),(1871,3,1,'2020-04-19'),(1872,3,12,'2020-04-19'),(1873,3,28,'2020-04-19'),(1874,3,24,'2020-04-19'),(1875,3,19,'2020-04-19'),(1876,3,39,'2020-04-19'),(1877,3,41,'2020-04-19'),(1878,3,58,'2020-04-19'),(1879,3,56,'2020-04-19'),(1880,3,13,'2020-04-18'),(1881,3,6,'2020-04-18'),(1882,3,9,'2020-04-18'),(1883,3,15,'2020-04-18'),(1884,3,20,'2020-04-18'),(1885,3,29,'2020-04-18'),(1886,3,37,'2020-04-18'),(1887,3,41,'2020-04-18'),(1888,3,39,'2020-04-18'),(1889,3,48,'2020-04-18'),(1890,3,57,'2020-04-18'),(1891,3,45,'2020-04-18'),(1892,3,11,'2020-04-17'),(1893,3,7,'2020-04-17'),(1894,3,23,'2020-04-17'),(1895,3,18,'2020-04-17'),(1896,3,36,'2020-04-17'),(1897,3,44,'2020-04-17'),(1898,3,48,'2020-04-17'),(1899,3,51,'2020-04-17'),(1900,3,14,'2020-04-16'),(1901,3,10,'2020-04-16'),(1902,3,24,'2020-04-16'),(1903,3,15,'2020-04-16'),(1904,3,25,'2020-04-16'),(1905,3,30,'2020-04-16'),(1906,3,30,'2020-04-16'),(1907,3,46,'2020-04-16'),(1908,3,58,'2020-04-16'),(1909,3,10,'2020-04-15'),(1910,3,12,'2020-04-15'),(1911,3,22,'2020-04-15'),(1912,3,20,'2020-04-15'),(1913,3,26,'2020-04-15'),(1914,3,30,'2020-04-15'),(1915,3,40,'2020-04-15'),(1916,3,42,'2020-04-15'),(1917,3,52,'2020-04-15'),(1918,3,57,'2020-04-15'),(1919,3,46,'2020-04-15'),(1920,3,13,'2020-04-14'),(1921,3,5,'2020-04-14'),(1922,3,18,'2020-04-14'),(1923,3,16,'2020-04-14'),(1924,3,36,'2020-04-14'),(1925,3,43,'2020-04-14'),(1926,3,48,'2020-04-14'),(1927,3,53,'2020-04-14'),(1928,3,59,'2020-04-14'),(1929,3,0,'2020-04-13'),(1930,3,13,'2020-04-13'),(1931,3,2,'2020-04-13'),(1932,3,16,'2020-04-13'),(1933,3,27,'2020-04-13'),(1934,3,31,'2020-04-13'),(1935,3,43,'2020-04-13'),(1936,3,51,'2020-04-13'),(1937,3,59,'2020-04-13'),(1938,3,55,'2020-04-13'),(1939,3,14,'2020-04-12'),(1940,3,10,'2020-04-12'),(1941,3,11,'2020-04-12'),(1942,3,21,'2020-04-12'),(1943,3,16,'2020-04-12'),(1944,3,24,'2020-04-12'),(1945,3,33,'2020-04-12'),(1946,3,42,'2020-04-12'),(1947,3,55,'2020-04-12'),(1948,3,59,'2020-04-12'),(1949,3,5,'2020-04-11'),(1950,3,3,'2020-04-11'),(1951,3,22,'2020-04-11'),(1952,3,23,'2020-04-11'),(1953,3,40,'2020-04-11'),(1954,3,38,'2020-04-11'),(1955,3,34,'2020-04-11'),(1956,3,46,'2020-04-11'),(1957,3,48,'2020-04-11');
/*!40000 ALTER TABLE `diet` ENABLE KEYS */;
UNLOCK TABLES;

--
-- Table structure for table `exercise`
--

DROP TABLE IF EXISTS `exercise`;
/*!40101 SET @saved_cs_client     = @@character_set_client */;
/*!50503 SET character_set_client = utf8mb4 */;
CREATE TABLE `exercise` (
  `idExerciseType` int NOT NULL,
  `calsPerMinute` smallint NOT NULL,
  `exerciseName` varchar(45) NOT NULL,
  PRIMARY KEY (`idExerciseType`),
  UNIQUE KEY `idExerciseType_UNIQUE` (`idExerciseType`)
) ENGINE=InnoDB DEFAULT CHARSET=utf8mb4 COLLATE=utf8mb4_0900_ai_ci;
/*!40101 SET character_set_client = @saved_cs_client */;

--
-- Dumping data for table `exercise`
--

LOCK TABLES `exercise` WRITE;
/*!40000 ALTER TABLE `exercise` DISABLE KEYS */;
INSERT INTO `exercise` VALUES (0,0,'other'),(1,11,'swimming'),(2,12,'tennis'),(3,13,'running'),(4,14,'skipping'),(5,15,'rowing'),(6,8,'stair machine'),(7,10,'stationary cycling'),(8,6,'dancing'),(9,12,'boxing'),(10,14,'skipping'),(11,11,'rock climbing'),(12,12,'cycling (quick)'),(13,9,'golf'),(14,10,'hiking'),(15,14,'horseriding'),(16,6,'walking'),(17,12,'ice skating'),(18,13,'kayaking'),(19,11,'spin cycle'),(20,10,'volleyball'),(21,8,'weightlifting');
/*!40000 ALTER TABLE `exercise` ENABLE KEYS */;
UNLOCK TABLES;

--
-- Table structure for table `exerciselink`
--

DROP TABLE IF EXISTS `exerciselink`;
/*!40101 SET @saved_cs_client     = @@character_set_client */;
/*!50503 SET character_set_client = utf8mb4 */;
CREATE TABLE `exerciselink` (
  `idLink` int NOT NULL,
  `idUser` int NOT NULL,
  `idExerciseSession` int NOT NULL,
  `date` date NOT NULL,
  PRIMARY KEY (`idLink`),
  KEY `idUserinLink` (`idUser`),
  KEY `idsessioninLink` (`idExerciseSession`),
  CONSTRAINT `idsessioninLink` FOREIGN KEY (`idExerciseSession`) REFERENCES `exercisesession` (`idExerciseSession`),
  CONSTRAINT `idUserinLink` FOREIGN KEY (`idUser`) REFERENCES `user` (`idUser`)
) ENGINE=InnoDB DEFAULT CHARSET=utf8mb4 COLLATE=utf8mb4_0900_ai_ci;
/*!40101 SET character_set_client = @saved_cs_client */;

--
-- Dumping data for table `exerciselink`
--

LOCK TABLES `exerciselink` WRITE;
/*!40000 ALTER TABLE `exerciselink` DISABLE KEYS */;
INSERT INTO `exerciselink` VALUES (0,0,6,'2020-05-09'),(1,0,7,'2020-05-09'),(2,0,3,'2020-05-08'),(3,0,11,'2020-05-08'),(4,0,8,'2020-05-07'),(5,0,6,'2020-05-06'),(6,0,16,'2020-05-06'),(7,0,12,'2020-05-05'),(8,0,22,'2020-05-05'),(9,0,7,'2020-05-04'),(10,0,16,'2020-05-03'),(11,0,1,'2020-05-02'),(12,0,10,'2020-05-02'),(13,0,9,'2020-05-01'),(14,0,5,'2020-05-01'),(15,0,8,'2020-04-30'),(16,0,14,'2020-04-30'),(17,0,12,'2020-04-28'),(18,0,21,'2020-04-25'),(19,0,19,'2020-04-24'),(20,0,13,'2020-04-24'),(21,0,23,'2020-04-23'),(22,0,20,'2020-04-23'),(23,0,13,'2020-04-22'),(24,0,11,'2020-04-21'),(25,0,24,'2020-04-21'),(26,0,11,'2020-04-20'),(27,0,11,'2020-04-20'),(28,0,1,'2020-04-19'),(29,0,7,'2020-04-19'),(30,0,5,'2020-04-18'),(31,0,3,'2020-04-17'),(32,0,8,'2020-04-14'),(33,0,22,'2020-04-14'),(34,0,11,'2020-04-12'),(35,0,11,'2020-04-11'),(36,0,23,'2020-04-11'),(70,1,8,'2020-05-07'),(71,1,20,'2020-05-05'),(72,1,1,'2020-05-05'),(73,1,14,'2020-05-03'),(74,1,6,'2020-05-03'),(75,1,11,'2020-05-02'),(76,1,15,'2020-05-02'),(77,1,5,'2020-04-29'),(78,1,20,'2020-04-28'),(79,1,2,'2020-04-25'),(80,1,15,'2020-04-25'),(81,1,16,'2020-04-23'),(82,1,14,'2020-04-22'),(83,1,12,'2020-04-22'),(84,1,24,'2020-04-19'),(85,1,10,'2020-04-19'),(86,1,3,'2020-04-18'),(87,1,0,'2020-04-18'),(88,1,4,'2020-04-11'),(89,1,19,'2020-04-11'),(116,2,6,'2020-05-09'),(117,2,5,'2020-05-09'),(118,2,1,'2020-05-07'),(119,2,4,'2020-05-07'),(120,2,3,'2020-05-05'),(121,2,8,'2020-05-02'),(122,2,2,'2020-05-02'),(123,2,22,'2020-05-01'),(124,2,3,'2020-04-30'),(125,2,8,'2020-04-30'),(126,2,5,'2020-04-29'),(127,2,5,'2020-04-29'),(128,2,22,'2020-04-28'),(129,2,9,'2020-04-27'),(130,2,17,'2020-04-26'),(131,2,0,'2020-04-24'),(132,2,4,'2020-04-24'),(133,2,4,'2020-04-23'),(134,2,13,'2020-04-23'),(135,2,6,'2020-04-22'),(136,2,13,'2020-04-22'),(137,2,3,'2020-04-21'),(138,2,9,'2020-04-21'),(139,2,15,'2020-04-20'),(140,2,12,'2020-04-20'),(141,2,14,'2020-04-19'),(142,2,12,'2020-04-17'),(143,2,1,'2020-04-16'),(144,2,0,'2020-04-15'),(145,2,1,'2020-04-14'),(146,2,16,'2020-04-14'),(147,2,24,'2020-04-13'),(148,2,23,'2020-04-13'),(149,2,21,'2020-04-11'),(150,2,23,'2020-04-11'),(175,3,17,'2020-05-06'),(176,3,12,'2020-05-06'),(177,3,18,'2020-05-05'),(178,3,7,'2020-05-05'),(179,3,23,'2020-05-02'),(180,3,18,'2020-05-02'),(181,3,18,'2020-05-01'),(182,3,3,'2020-04-30'),(183,3,17,'2020-04-30'),(184,3,5,'2020-04-26'),(185,3,0,'2020-04-23'),(186,3,12,'2020-04-22'),(187,3,13,'2020-04-20'),(188,3,14,'2020-04-20'),(189,3,24,'2020-04-17'),(190,3,18,'2020-04-17'),(191,3,9,'2020-04-16'),(192,3,15,'2020-04-13'),(193,3,12,'2020-04-13'),(194,3,16,'2020-04-12'),(195,3,17,'2020-04-12'),(196,3,13,'2020-04-11');
/*!40000 ALTER TABLE `exerciselink` ENABLE KEYS */;
UNLOCK TABLES;

--
-- Table structure for table `exercisesession`
--

DROP TABLE IF EXISTS `exercisesession`;
/*!40101 SET @saved_cs_client     = @@character_set_client */;
/*!50503 SET character_set_client = utf8mb4 */;
CREATE TABLE `exercisesession` (
  `idExerciseSession` int NOT NULL,
  `durationMinutes` smallint DEFAULT NULL,
  `idExerciseType` int NOT NULL,
  `caloriesBurned` smallint DEFAULT NULL,
  PRIMARY KEY (`idExerciseSession`),
  UNIQUE KEY `idExcerciseSession_UNIQUE` (`idExerciseSession`),
  KEY `idExerciseTypeinExerciseSession` (`idExerciseType`),
  CONSTRAINT `idExerciseTypeinExerciseSession` FOREIGN KEY (`idExerciseType`) REFERENCES `exercise` (`idExerciseType`)
) ENGINE=InnoDB DEFAULT CHARSET=utf8mb4 COLLATE=utf8mb4_0900_ai_ci;
/*!40101 SET character_set_client = @saved_cs_client */;

--
-- Dumping data for table `exercisesession`
--

LOCK TABLES `exercisesession` WRITE;
/*!40000 ALTER TABLE `exercisesession` DISABLE KEYS */;
INSERT INTO `exercisesession` VALUES (0,49,11,1200),(1,47,11,1313),(2,97,0,1058),(3,13,5,1446),(4,89,6,634),(5,30,0,1690),(6,59,15,245),(7,38,3,1653),(8,99,12,458),(9,2,17,1241),(10,91,2,1450),(11,44,18,633),(12,30,17,1539),(13,51,6,1343),(14,41,19,1314),(15,23,4,1569),(16,12,5,116),(17,91,4,668),(18,106,15,691),(19,58,18,1275),(20,86,14,1107),(21,106,3,1411),(22,100,19,1207),(23,58,13,800),(24,115,11,1281);
/*!40000 ALTER TABLE `exercisesession` ENABLE KEYS */;
UNLOCK TABLES;

--
-- Table structure for table `foods`
--

DROP TABLE IF EXISTS `foods`;
/*!40101 SET @saved_cs_client     = @@character_set_client */;
/*!50503 SET character_set_client = utf8mb4 */;
CREATE TABLE `foods` (
  `idFood` int NOT NULL,
  `foodName` varchar(45) NOT NULL,
  `amountOfCalories` smallint NOT NULL,
  `description` varchar(250) NOT NULL DEFAULT '',
  PRIMARY KEY (`idFood`),
  UNIQUE KEY `idFood_UNIQUE` (`idFood`)
) ENGINE=InnoDB DEFAULT CHARSET=utf8mb4 COLLATE=utf8mb4_0900_ai_ci;
/*!40101 SET character_set_client = @saved_cs_client */;

--
-- Dumping data for table `foods`
--

LOCK TABLES `foods` WRITE;
/*!40000 ALTER TABLE `foods` DISABLE KEYS */;
INSERT INTO `foods` VALUES (0,'apple',95,''),(1,'banana',105,''),(2,'orange',47,''),(3,'strawberry',33,''),(4,'grapes',67,''),(5,'donut',402,''),(6,'beer pint',182,''),(7,'wine small glass',87,''),(8,'coffee 220ml',16,''),(9,'tea 270ml',29,''),(10,'orange juice 200ml',88,''),(11,'big mac',492,''),(12,'kfc fries 100g',294,''),(13,'pizza slice',263,''),(14,'poppadum 12g',49,''),(15,'korma 300g',498,''),(16,'brazil nuts 28g',193,''),(17,'almonds 28g',171,''),(18,'bagel 85g',216,''),(19,'hot cross bun 70g',205,''),(20,'scone 70g',225,''),(21,'pitta bread 25g',147,''),(22,'corn flakes 45g',167,''),(23,'weetabix 38g',139,''),(24,'porridge 45g',166,''),(25,'chicken 1 breast',132,''),(26,'1 pork sausage',73,''),(27,'fillet steak 1oz',54,''),(28,'ham 30g',35,''),(29,'egg fried rice 200g',250,''),(30,'mars bar 65g',294,''),(31,'jelly babies 1 sweet',20,''),(32,'popcorn 100g',405,''),(33,'milky way 26g',177,''),(34,'ready salted crisps 28g',132,''),(35,'cream egg 39g',180,''),(36,'mini eggs 50g',250,''),(37,'butter 10g',74,''),(38,'medium egg',84,''),(39,'whole milk 30ml',20,''),(40,'potato wedges 135g',279,''),(41,'melon 100g',30,''),(42,'garlic bread 84g',94,''),(43,'mexican flatbread 185g',263,''),(44,'egg mayo sandwich 1 pack',253,''),(45,'chicken fajita wrap 1 pack',263,''),(46,'ham and cheese panini 223g',557,''),(47,'chips 100g',253,''),(48,'peas 60g',32,''),(49,'carrots 60g',13,''),(50,'jacket potato medium',245,'');
/*!40000 ALTER TABLE `foods` ENABLE KEYS */;
UNLOCK TABLES;

--
-- Table structure for table `goalweight`
--

DROP TABLE IF EXISTS `goalweight`;
/*!40101 SET @saved_cs_client     = @@character_set_client */;
/*!50503 SET character_set_client = utf8mb4 */;
CREATE TABLE `goalweight` (
  `idGoalWeight` int NOT NULL,
  `idUser` int NOT NULL,
  `weightGoal` decimal(5,2) NOT NULL,
  `dateSet` date NOT NULL,
  `targetDate` date NOT NULL,
  `toLoose` tinyint NOT NULL,
  PRIMARY KEY (`idGoalWeight`),
  UNIQUE KEY `idGoalWeight_UNIQUE` (`idGoalWeight`),
  KEY `idUserinGoal` (`idUser`),
  CONSTRAINT `idUserinGoal` FOREIGN KEY (`idUser`) REFERENCES `user` (`idUser`)
) ENGINE=InnoDB DEFAULT CHARSET=utf8mb4 COLLATE=utf8mb4_0900_ai_ci;
/*!40101 SET character_set_client = @saved_cs_client */;

--
-- Dumping data for table `goalweight`
--

LOCK TABLES `goalweight` WRITE;
/*!40000 ALTER TABLE `goalweight` DISABLE KEYS */;
INSERT INTO `goalweight` VALUES (0,0,65.64,'2020-04-26','2020-05-26',0),(1,0,65.39,'2020-05-03','2020-06-13',0),(2,0,65.14,'2020-05-09','2020-06-30',0),(3,1,72.38,'2020-04-09','2020-05-16',0),(4,1,71.88,'2020-04-23','2020-06-30',0),(5,1,71.38,'2020-05-09','2020-08-04',0),(6,2,89.73,'2020-05-09','2020-05-23',0),(7,3,96.79,'2020-04-18','2020-05-16',0),(8,3,96.54,'2020-05-09','2020-05-23',0);
/*!40000 ALTER TABLE `goalweight` ENABLE KEYS */;
UNLOCK TABLES;

--
-- Table structure for table `meal`
--

DROP TABLE IF EXISTS `meal`;
/*!40101 SET @saved_cs_client     = @@character_set_client */;
/*!50503 SET character_set_client = utf8mb4 */;
CREATE TABLE `meal` (
  `idMeal` int NOT NULL,
  `idFood` int NOT NULL,
  `quantity` smallint NOT NULL DEFAULT '1',
  `mealCategory` varchar(45) NOT NULL,
  PRIMARY KEY (`idMeal`),
  UNIQUE KEY `idMeal_UNIQUE` (`idMeal`),
  KEY `idFood_idx` (`idFood`),
  CONSTRAINT `idFoodinMeal` FOREIGN KEY (`idFood`) REFERENCES `foods` (`idFood`)
) ENGINE=InnoDB DEFAULT CHARSET=utf8mb4 COLLATE=utf8mb4_0900_ai_ci;
/*!40101 SET character_set_client = @saved_cs_client */;

--
-- Dumping data for table `meal`
--

LOCK TABLES `meal` WRITE;
/*!40000 ALTER TABLE `meal` DISABLE KEYS */;
INSERT INTO `meal` VALUES (0,24,2,'Breakfast '),(1,5,1,'Breakfast '),(2,47,2,'Breakfast '),(3,2,2,'Breakfast '),(4,35,2,'Breakfast '),(5,41,2,'Breakfast '),(6,19,2,'Breakfast '),(7,31,1,'Breakfast '),(8,10,2,'Breakfast '),(9,44,2,'Breakfast '),(10,28,1,'Breakfast '),(11,39,2,'Breakfast '),(12,22,2,'Breakfast '),(13,17,1,'Breakfast '),(14,41,2,'Breakfast '),(15,20,2,'Lunch'),(16,5,2,'Lunch'),(17,38,2,'Lunch'),(18,21,1,'Lunch'),(19,3,2,'Lunch'),(20,49,1,'Lunch'),(21,14,1,'Lunch'),(22,34,2,'Lunch'),(23,1,2,'Lunch'),(24,48,2,'Lunch'),(25,24,2,'Lunch'),(26,41,1,'Lunch'),(27,22,2,'Lunch'),(28,36,1,'Lunch'),(29,7,2,'Lunch'),(30,11,1,'Dinner'),(31,25,1,'Dinner'),(32,32,2,'Dinner'),(33,35,1,'Dinner'),(34,5,2,'Dinner'),(35,0,1,'Dinner'),(36,37,2,'Dinner'),(37,25,2,'Dinner'),(38,28,1,'Dinner'),(39,16,2,'Dinner'),(40,3,1,'Dinner'),(41,27,1,'Dinner'),(42,46,1,'Dinner'),(43,18,1,'Dinner'),(44,43,2,'Dinner'),(45,45,1,'Snack'),(46,11,1,'Snack'),(47,40,2,'Snack'),(48,48,2,'Snack'),(49,28,2,'Snack'),(50,36,2,'Snack'),(51,35,1,'Snack'),(52,49,2,'Snack'),(53,13,2,'Snack'),(54,26,2,'Snack'),(55,20,2,'Snack'),(56,47,1,'Snack'),(57,26,1,'Snack'),(58,48,2,'Snack'),(59,45,2,'Snack');
/*!40000 ALTER TABLE `meal` ENABLE KEYS */;
UNLOCK TABLES;

--
-- Table structure for table `user`
--

DROP TABLE IF EXISTS `user`;
/*!40101 SET @saved_cs_client     = @@character_set_client */;
/*!50503 SET character_set_client = utf8mb4 */;
CREATE TABLE `user` (
  `idUser` int NOT NULL,
  `forename` varchar(45) NOT NULL,
  `surname` varchar(45) NOT NULL,
  `email` varchar(60) NOT NULL,
  `username` varchar(45) NOT NULL,
  `password` varchar(45) CHARACTER SET utf8 COLLATE utf8_general_ci NOT NULL,
  `DOB` date NOT NULL,
  `height` smallint DEFAULT NULL,
  `gender` varchar(1) NOT NULL,
  `weight` decimal(5,2) DEFAULT NULL,
  `calories` smallint DEFAULT NULL,
  PRIMARY KEY (`idUser`),
  UNIQUE KEY `idUser_UNIQUE` (`idUser`),
  UNIQUE KEY `email_UNIQUE` (`email`),
  UNIQUE KEY `username_UNIQUE` (`username`)
) ENGINE=InnoDB DEFAULT CHARSET=utf8mb4 COLLATE=utf8mb4_0900_ai_ci;
/*!40101 SET character_set_client = @saved_cs_client */;

--
-- Dumping data for table `user`
--

LOCK TABLES `user` WRITE;
/*!40000 ALTER TABLE `user` DISABLE KEYS */;
INSERT INTO `user` VALUES (0,'Ellie','Smith','Ellie.Smith@gmail.com','EllieSmith','Ef9UJKS1EFhtY0laQQawcQ==','2000-07-14',163,'F',65.89,1369),(1,'Janice','Frey','Janice.Frey@gmail.com','JaniceFrey','wmi5bVbTY03seUX75IhFdQ==','1995-06-08',172,'F',72.63,1372),(2,'Ashan','Louise','Ashan.Louise@gmail.com','AshanLouise','PIttvz+cYNiu2BNkg/pD6Q==','1971-03-30',182,'M',90.23,1637),(3,'Vergil','Persie','Vergil.Persie@gmail.com','VergilPersie','oSKNbOB01TqxA7frTVPMvg==','2001-03-28',190,'M',97.04,1866);
/*!40000 ALTER TABLE `user` ENABLE KEYS */;
UNLOCK TABLES;

--
-- Table structure for table `weeklysummary`
--

DROP TABLE IF EXISTS `weeklysummary`;
/*!40101 SET @saved_cs_client     = @@character_set_client */;
/*!50503 SET character_set_client = utf8mb4 */;
CREATE TABLE `weeklysummary` (
  `idWeeklySummary` int NOT NULL,
  `idUser` int NOT NULL,
  `weekCommencing` date NOT NULL,
  `caloriesBurnt` smallint NOT NULL,
  `caloriesConsumed` smallint NOT NULL,
  `weight` decimal(5,2) NOT NULL,
  PRIMARY KEY (`idWeeklySummary`),
  UNIQUE KEY `idWeeklySummary_UNIQUE` (`idWeeklySummary`),
  KEY `idUserinSummary` (`idUser`),
  CONSTRAINT `idUserinSummary` FOREIGN KEY (`idUser`) REFERENCES `user` (`idUser`)
) ENGINE=InnoDB DEFAULT CHARSET=utf8mb4 COLLATE=utf8mb4_0900_ai_ci;
/*!40101 SET character_set_client = @saved_cs_client */;

--
-- Dumping data for table `weeklysummary`
--

LOCK TABLES `weeklysummary` WRITE;
/*!40000 ALTER TABLE `weeklysummary` DISABLE KEYS */;
INSERT INTO `weeklysummary` VALUES (0,0,'2020-04-04',6489,16324,67.65),(1,0,'2020-03-28',11612,18277,67.79),(2,0,'2020-03-21',8345,17924,67.18),(3,0,'2020-03-14',9138,17336,67.41),(4,1,'2020-04-04',4619,16427,74.63),(5,1,'2020-03-28',11162,16763,74.82),(6,1,'2020-03-21',5287,19622,74.73),(7,1,'2020-03-14',6252,16680,75.44),(8,2,'2020-04-04',2978,17049,92.02),(9,2,'2020-03-28',10145,17130,91.95),(10,2,'2020-03-21',6562,19923,92.30),(11,2,'2020-03-14',6482,21257,91.67),(12,3,'2020-04-04',8677,17116,99.11),(13,3,'2020-03-28',8947,16990,99.18),(14,3,'2020-03-21',6353,15723,99.35),(15,3,'2020-03-14',6434,17908,99.01);
/*!40000 ALTER TABLE `weeklysummary` ENABLE KEYS */;
UNLOCK TABLES;

--
-- Table structure for table `weighttracking`
--

DROP TABLE IF EXISTS `weighttracking`;
/*!40101 SET @saved_cs_client     = @@character_set_client */;
/*!50503 SET character_set_client = utf8mb4 */;
CREATE TABLE `weighttracking` (
  `idWeightTracking` int NOT NULL,
  `idUser` int NOT NULL,
  `date` date NOT NULL,
  `weight` decimal(5,2) NOT NULL,
  PRIMARY KEY (`idWeightTracking`),
  UNIQUE KEY `idWeightTracking_UNIQUE` (`idWeightTracking`),
  KEY `idUserinWeightTracking` (`idUser`),
  CONSTRAINT `idUserinWeightTracking` FOREIGN KEY (`idUser`) REFERENCES `user` (`idUser`)
) ENGINE=InnoDB DEFAULT CHARSET=utf8mb4 COLLATE=utf8mb4_0900_ai_ci;
/*!40101 SET character_set_client = @saved_cs_client */;

--
-- Dumping data for table `weighttracking`
--

LOCK TABLES `weighttracking` WRITE;
/*!40000 ALTER TABLE `weighttracking` DISABLE KEYS */;
INSERT INTO `weighttracking` VALUES (0,0,'2020-05-09',66.19),(1,0,'2020-05-08',66.20),(2,0,'2020-05-07',66.27),(3,0,'2020-05-06',66.53),(4,0,'2020-05-05',66.69),(5,0,'2020-05-04',66.52),(6,0,'2020-05-03',66.63),(7,0,'2020-05-02',66.69),(8,0,'2020-05-01',66.95),(9,0,'2020-04-30',66.83),(10,0,'2020-04-29',67.11),(11,0,'2020-04-28',66.92),(12,0,'2020-04-27',66.76),(13,0,'2020-04-26',66.65),(14,0,'2020-04-25',66.60),(15,0,'2020-04-24',66.82),(16,0,'2020-04-23',66.91),(17,0,'2020-04-22',67.07),(18,0,'2020-04-21',66.93),(19,0,'2020-04-20',66.76),(20,0,'2020-04-19',66.76),(21,0,'2020-04-18',66.66),(22,0,'2020-04-17',66.74),(23,0,'2020-04-16',66.96),(24,0,'2020-04-15',66.89),(25,0,'2020-04-14',67.09),(26,0,'2020-04-13',67.07),(27,0,'2020-04-12',67.35),(28,0,'2020-04-11',67.48),(56,1,'2020-05-09',72.65),(57,1,'2020-05-08',72.72),(58,1,'2020-05-07',72.92),(59,1,'2020-05-06',73.07),(60,1,'2020-05-05',73.22),(61,1,'2020-05-04',73.09),(62,1,'2020-05-03',73.27),(63,1,'2020-05-02',73.47),(64,1,'2020-05-01',73.30),(65,1,'2020-04-30',73.40),(66,1,'2020-04-29',73.67),(67,1,'2020-04-28',73.92),(68,1,'2020-04-27',74.08),(69,1,'2020-04-26',73.92),(70,1,'2020-04-25',73.78),(71,1,'2020-04-24',73.61),(72,1,'2020-04-23',73.64),(73,1,'2020-04-22',73.64),(74,1,'2020-04-21',73.80),(75,1,'2020-04-20',73.81),(76,1,'2020-04-19',73.75),(77,1,'2020-04-18',73.98),(78,1,'2020-04-17',74.04),(79,1,'2020-04-16',74.02),(80,1,'2020-04-15',74.14),(81,1,'2020-04-14',74.37),(82,1,'2020-04-13',74.24),(83,1,'2020-04-12',74.26),(84,1,'2020-04-11',74.49),(112,2,'2020-05-09',90.28),(113,2,'2020-05-08',90.58),(114,2,'2020-05-07',90.51),(115,2,'2020-05-06',90.63),(116,2,'2020-05-05',90.93),(117,2,'2020-05-04',91.07),(118,2,'2020-05-03',91.04),(119,2,'2020-05-02',91.03),(120,2,'2020-05-01',91.10),(121,2,'2020-04-30',90.94),(122,2,'2020-04-29',91.11),(123,2,'2020-04-28',91.06),(124,2,'2020-04-27',91.05),(125,2,'2020-04-26',90.98),(126,2,'2020-04-25',91.19),(127,2,'2020-04-24',91.34),(128,2,'2020-04-23',91.26),(129,2,'2020-04-22',91.15),(130,2,'2020-04-21',91.25),(131,2,'2020-04-20',91.25),(132,2,'2020-04-19',91.06),(133,2,'2020-04-18',91.24),(134,2,'2020-04-17',91.46),(135,2,'2020-04-16',91.55),(136,2,'2020-04-15',91.76),(137,2,'2020-04-14',91.75),(138,2,'2020-04-13',91.98),(139,2,'2020-04-12',91.96),(140,2,'2020-04-11',91.95),(168,3,'2020-05-09',97.16),(169,3,'2020-05-08',97.36),(170,3,'2020-05-07',97.48),(171,3,'2020-05-06',97.54),(172,3,'2020-05-05',97.81),(173,3,'2020-05-04',98.06),(174,3,'2020-05-03',98.05),(175,3,'2020-05-02',98.05),(176,3,'2020-05-01',98.01),(177,3,'2020-04-30',98.14),(178,3,'2020-04-29',98.40),(179,3,'2020-04-28',98.59),(180,3,'2020-04-27',98.40),(181,3,'2020-04-26',98.25),(182,3,'2020-04-25',98.51),(183,3,'2020-04-24',98.41),(184,3,'2020-04-23',98.65),(185,3,'2020-04-22',98.74),(186,3,'2020-04-21',98.99),(187,3,'2020-04-20',99.27),(188,3,'2020-04-19',99.19),(189,3,'2020-04-18',99.08),(190,3,'2020-04-17',99.21),(191,3,'2020-04-16',99.25),(192,3,'2020-04-15',99.44),(193,3,'2020-04-14',99.32),(194,3,'2020-04-13',99.21),(195,3,'2020-04-12',99.45),(196,3,'2020-04-11',99.26);
/*!40000 ALTER TABLE `weighttracking` ENABLE KEYS */;
UNLOCK TABLES;
/*!40103 SET TIME_ZONE=@OLD_TIME_ZONE */;

/*!40101 SET SQL_MODE=@OLD_SQL_MODE */;
/*!40014 SET FOREIGN_KEY_CHECKS=@OLD_FOREIGN_KEY_CHECKS */;
/*!40014 SET UNIQUE_CHECKS=@OLD_UNIQUE_CHECKS */;
/*!40101 SET CHARACTER_SET_CLIENT=@OLD_CHARACTER_SET_CLIENT */;
/*!40101 SET CHARACTER_SET_RESULTS=@OLD_CHARACTER_SET_RESULTS */;
/*!40101 SET COLLATION_CONNECTION=@OLD_COLLATION_CONNECTION */;
/*!40111 SET SQL_NOTES=@OLD_SQL_NOTES */;

-- Dump completed on 2020-05-09 16:13:27
