
INSERT INTO `softwareengineering`.`exercisesession` (`idExerciseSession`, `durationMinutes`, `idExerciseType`, `caloriesBurned`) VALUES ('0', '86', '6', '691');
INSERT INTO `softwareengineering`.`exercisesession` (`idExerciseSession`, `durationMinutes`, `idExerciseType`, `caloriesBurned`) VALUES ('1', '16', '5', '1126');
INSERT INTO `softwareengineering`.`exercisesession` (`idExerciseSession`, `durationMinutes`, `idExerciseType`, `caloriesBurned`) VALUES ('2', '81', '15', '582');
INSERT INTO `softwareengineering`.`exercisesession` (`idExerciseSession`, `durationMinutes`, `idExerciseType`, `caloriesBurned`) VALUES ('3', '50', '1', '222');
INSERT INTO `softwareengineering`.`exercisesession` (`idExerciseSession`, `durationMinutes`, `idExerciseType`, `caloriesBurned`) VALUES ('4', '100', '4', '1782');
INSERT INTO `softwareengineering`.`exercisesession` (`idExerciseSession`, `durationMinutes`, `idExerciseType`, `caloriesBurned`) VALUES ('5', '25', '10', '452');
INSERT INTO `softwareengineering`.`exercisesession` (`idExerciseSession`, `durationMinutes`, `idExerciseType`, `caloriesBurned`) VALUES ('6', '1', '12', '1100');
INSERT INTO `softwareengineering`.`exercisesession` (`idExerciseSession`, `durationMinutes`, `idExerciseType`, `caloriesBurned`) VALUES ('7', '41', '0', '1771');
INSERT INTO `softwareengineering`.`exercisesession` (`idExerciseSession`, `durationMinutes`, `idExerciseType`, `caloriesBurned`) VALUES ('8', '102', '12', '981');
INSERT INTO `softwareengineering`.`exercisesession` (`idExerciseSession`, `durationMinutes`, `idExerciseType`, `caloriesBurned`) VALUES ('9', '104', '0', '1178');
INSERT INTO `softwareengineering`.`exercisesession` (`idExerciseSession`, `durationMinutes`, `idExerciseType`, `caloriesBurned`) VALUES ('10', '22', '11', '432');
INSERT INTO `softwareengineering`.`exercisesession` (`idExerciseSession`, `durationMinutes`, `idExerciseType`, `caloriesBurned`) VALUES ('11', '72', '13', '889');
INSERT INTO `softwareengineering`.`exercisesession` (`idExerciseSession`, `durationMinutes`, `idExerciseType`, `caloriesBurned`) VALUES ('12', '40', '13', '1552');
INSERT INTO `softwareengineering`.`exercisesession` (`idExerciseSession`, `durationMinutes`, `idExerciseType`, `caloriesBurned`) VALUES ('13', '48', '15', '937');
INSERT INTO `softwareengineering`.`exercisesession` (`idExerciseSession`, `durationMinutes`, `idExerciseType`, `caloriesBurned`) VALUES ('14', '66', '14', '123');
INSERT INTO `softwareengineering`.`exercisesession` (`idExerciseSession`, `durationMinutes`, `idExerciseType`, `caloriesBurned`) VALUES ('15', '6', '18', '1301');
INSERT INTO `softwareengineering`.`exercisesession` (`idExerciseSession`, `durationMinutes`, `idExerciseType`, `caloriesBurned`) VALUES ('16', '81', '9', '1714');
INSERT INTO `softwareengineering`.`exercisesession` (`idExerciseSession`, `durationMinutes`, `idExerciseType`, `caloriesBurned`) VALUES ('17', '32', '4', '318');
INSERT INTO `softwareengineering`.`exercisesession` (`idExerciseSession`, `durationMinutes`, `idExerciseType`, `caloriesBurned`) VALUES ('18', '61', '1', '805');
INSERT INTO `softwareengineering`.`exercisesession` (`idExerciseSession`, `durationMinutes`, `idExerciseType`, `caloriesBurned`) VALUES ('19', '8', '13', '87');
INSERT INTO `softwareengineering`.`exercisesession` (`idExerciseSession`, `durationMinutes`, `idExerciseType`, `caloriesBurned`) VALUES ('20', '69', '12', '1747');
INSERT INTO `softwareengineering`.`exercisesession` (`idExerciseSession`, `durationMinutes`, `idExerciseType`, `caloriesBurned`) VALUES ('21', '78', '17', '1432');
INSERT INTO `softwareengineering`.`exercisesession` (`idExerciseSession`, `durationMinutes`, `idExerciseType`, `caloriesBurned`) VALUES ('22', '77', '1', '526');
INSERT INTO `softwareengineering`.`exercisesession` (`idExerciseSession`, `durationMinutes`, `idExerciseType`, `caloriesBurned`) VALUES ('23', '38', '10', '192');
INSERT INTO `softwareengineering`.`exercisesession` (`idExerciseSession`, `durationMinutes`, `idExerciseType`, `caloriesBurned`) VALUES ('24', '77', '7', '1387');
INSERT INTO `softwareengineering`.`meal` (`idMeal`, `idFood`, `quantity`, `mealCategory`) VALUES ('0', '38', '1', 'Breakfast ');
INSERT INTO `softwareengineering`.`meal` (`idMeal`, `idFood`, `quantity`, `mealCategory`) VALUES ('1', '38', '1', 'Breakfast ');
INSERT INTO `softwareengineering`.`meal` (`idMeal`, `idFood`, `quantity`, `mealCategory`) VALUES ('2', '13', '1', 'Breakfast ');
INSERT INTO `softwareengineering`.`meal` (`idMeal`, `idFood`, `quantity`, `mealCategory`) VALUES ('3', '0', '2', 'Breakfast ');
INSERT INTO `softwareengineering`.`meal` (`idMeal`, `idFood`, `quantity`, `mealCategory`) VALUES ('4', '43', '2', 'Breakfast ');
INSERT INTO `softwareengineering`.`meal` (`idMeal`, `idFood`, `quantity`, `mealCategory`) VALUES ('5', '49', '2', 'Breakfast ');
INSERT INTO `softwareengineering`.`meal` (`idMeal`, `idFood`, `quantity`, `mealCategory`) VALUES ('6', '22', '1', 'Breakfast ');
INSERT INTO `softwareengineering`.`meal` (`idMeal`, `idFood`, `quantity`, `mealCategory`) VALUES ('7', '23', '1', 'Breakfast ');
INSERT INTO `softwareengineering`.`meal` (`idMeal`, `idFood`, `quantity`, `mealCategory`) VALUES ('8', '5', '2', 'Breakfast ');
INSERT INTO `softwareengineering`.`meal` (`idMeal`, `idFood`, `quantity`, `mealCategory`) VALUES ('9', '26', '1', 'Breakfast ');
INSERT INTO `softwareengineering`.`meal` (`idMeal`, `idFood`, `quantity`, `mealCategory`) VALUES ('10', '10', '1', 'Breakfast ');
INSERT INTO `softwareengineering`.`meal` (`idMeal`, `idFood`, `quantity`, `mealCategory`) VALUES ('11', '35', '1', 'Breakfast ');
INSERT INTO `softwareengineering`.`meal` (`idMeal`, `idFood`, `quantity`, `mealCategory`) VALUES ('12', '29', '1', 'Breakfast ');
INSERT INTO `softwareengineering`.`meal` (`idMeal`, `idFood`, `quantity`, `mealCategory`) VALUES ('13', '9', '1', 'Breakfast ');
INSERT INTO `softwareengineering`.`meal` (`idMeal`, `idFood`, `quantity`, `mealCategory`) VALUES ('14', '34', '1', 'Breakfast ');
INSERT INTO `softwareengineering`.`meal` (`idMeal`, `idFood`, `quantity`, `mealCategory`) VALUES ('15', '45', '1', 'Lunch');
INSERT INTO `softwareengineering`.`meal` (`idMeal`, `idFood`, `quantity`, `mealCategory`) VALUES ('16', '32', '2', 'Lunch');
INSERT INTO `softwareengineering`.`meal` (`idMeal`, `idFood`, `quantity`, `mealCategory`) VALUES ('17', '11', '1', 'Lunch');
INSERT INTO `softwareengineering`.`meal` (`idMeal`, `idFood`, `quantity`, `mealCategory`) VALUES ('18', '33', '2', 'Lunch');
INSERT INTO `softwareengineering`.`meal` (`idMeal`, `idFood`, `quantity`, `mealCategory`) VALUES ('19', '12', '1', 'Lunch');
INSERT INTO `softwareengineering`.`meal` (`idMeal`, `idFood`, `quantity`, `mealCategory`) VALUES ('20', '28', '1', 'Lunch');
INSERT INTO `softwareengineering`.`meal` (`idMeal`, `idFood`, `quantity`, `mealCategory`) VALUES ('21', '24', '1', 'Lunch');
INSERT INTO `softwareengineering`.`meal` (`idMeal`, `idFood`, `quantity`, `mealCategory`) VALUES ('22', '3', '2', 'Lunch');
INSERT INTO `softwareengineering`.`meal` (`idMeal`, `idFood`, `quantity`, `mealCategory`) VALUES ('23', '16', '1', 'Lunch');
INSERT INTO `softwareengineering`.`meal` (`idMeal`, `idFood`, `quantity`, `mealCategory`) VALUES ('24', '24', '1', 'Lunch');
INSERT INTO `softwareengineering`.`meal` (`idMeal`, `idFood`, `quantity`, `mealCategory`) VALUES ('25', '38', '2', 'Lunch');
INSERT INTO `softwareengineering`.`meal` (`idMeal`, `idFood`, `quantity`, `mealCategory`) VALUES ('26', '40', '2', 'Lunch');
INSERT INTO `softwareengineering`.`meal` (`idMeal`, `idFood`, `quantity`, `mealCategory`) VALUES ('27', '5', '2', 'Lunch');
INSERT INTO `softwareengineering`.`meal` (`idMeal`, `idFood`, `quantity`, `mealCategory`) VALUES ('28', '39', '2', 'Lunch');
INSERT INTO `softwareengineering`.`meal` (`idMeal`, `idFood`, `quantity`, `mealCategory`) VALUES ('29', '7', '2', 'Lunch');
INSERT INTO `softwareengineering`.`meal` (`idMeal`, `idFood`, `quantity`, `mealCategory`) VALUES ('30', '36', '1', 'Dinner');
INSERT INTO `softwareengineering`.`meal` (`idMeal`, `idFood`, `quantity`, `mealCategory`) VALUES ('31', '32', '1', 'Dinner');
INSERT INTO `softwareengineering`.`meal` (`idMeal`, `idFood`, `quantity`, `mealCategory`) VALUES ('32', '42', '2', 'Dinner');
INSERT INTO `softwareengineering`.`meal` (`idMeal`, `idFood`, `quantity`, `mealCategory`) VALUES ('33', '1', '2', 'Dinner');
INSERT INTO `softwareengineering`.`meal` (`idMeal`, `idFood`, `quantity`, `mealCategory`) VALUES ('34', '22', '2', 'Dinner');
INSERT INTO `softwareengineering`.`meal` (`idMeal`, `idFood`, `quantity`, `mealCategory`) VALUES ('35', '36', '1', 'Dinner');
INSERT INTO `softwareengineering`.`meal` (`idMeal`, `idFood`, `quantity`, `mealCategory`) VALUES ('36', '48', '1', 'Dinner');
INSERT INTO `softwareengineering`.`meal` (`idMeal`, `idFood`, `quantity`, `mealCategory`) VALUES ('37', '20', '1', 'Dinner');
INSERT INTO `softwareengineering`.`meal` (`idMeal`, `idFood`, `quantity`, `mealCategory`) VALUES ('38', '10', '1', 'Dinner');
INSERT INTO `softwareengineering`.`meal` (`idMeal`, `idFood`, `quantity`, `mealCategory`) VALUES ('39', '41', '1', 'Dinner');
INSERT INTO `softwareengineering`.`meal` (`idMeal`, `idFood`, `quantity`, `mealCategory`) VALUES ('40', '11', '1', 'Dinner');
INSERT INTO `softwareengineering`.`meal` (`idMeal`, `idFood`, `quantity`, `mealCategory`) VALUES ('41', '16', '2', 'Dinner');
INSERT INTO `softwareengineering`.`meal` (`idMeal`, `idFood`, `quantity`, `mealCategory`) VALUES ('42', '24', '1', 'Dinner');
INSERT INTO `softwareengineering`.`meal` (`idMeal`, `idFood`, `quantity`, `mealCategory`) VALUES ('43', '49', '2', 'Dinner');
INSERT INTO `softwareengineering`.`meal` (`idMeal`, `idFood`, `quantity`, `mealCategory`) VALUES ('44', '14', '2', 'Dinner');
INSERT INTO `softwareengineering`.`meal` (`idMeal`, `idFood`, `quantity`, `mealCategory`) VALUES ('45', '2', '2', 'Snack');
INSERT INTO `softwareengineering`.`meal` (`idMeal`, `idFood`, `quantity`, `mealCategory`) VALUES ('46', '36', '1', 'Snack');
INSERT INTO `softwareengineering`.`meal` (`idMeal`, `idFood`, `quantity`, `mealCategory`) VALUES ('47', '33', '1', 'Snack');
INSERT INTO `softwareengineering`.`meal` (`idMeal`, `idFood`, `quantity`, `mealCategory`) VALUES ('48', '13', '2', 'Snack');
INSERT INTO `softwareengineering`.`meal` (`idMeal`, `idFood`, `quantity`, `mealCategory`) VALUES ('49', '2', '2', 'Snack');
INSERT INTO `softwareengineering`.`meal` (`idMeal`, `idFood`, `quantity`, `mealCategory`) VALUES ('50', '28', '2', 'Snack');
INSERT INTO `softwareengineering`.`meal` (`idMeal`, `idFood`, `quantity`, `mealCategory`) VALUES ('51', '28', '1', 'Snack');
INSERT INTO `softwareengineering`.`meal` (`idMeal`, `idFood`, `quantity`, `mealCategory`) VALUES ('52', '23', '1', 'Snack');
INSERT INTO `softwareengineering`.`meal` (`idMeal`, `idFood`, `quantity`, `mealCategory`) VALUES ('53', '23', '1', 'Snack');
INSERT INTO `softwareengineering`.`meal` (`idMeal`, `idFood`, `quantity`, `mealCategory`) VALUES ('54', '11', '2', 'Snack');
INSERT INTO `softwareengineering`.`meal` (`idMeal`, `idFood`, `quantity`, `mealCategory`) VALUES ('55', '22', '1', 'Snack');
INSERT INTO `softwareengineering`.`meal` (`idMeal`, `idFood`, `quantity`, `mealCategory`) VALUES ('56', '49', '2', 'Snack');
INSERT INTO `softwareengineering`.`meal` (`idMeal`, `idFood`, `quantity`, `mealCategory`) VALUES ('57', '18', '1', 'Snack');
INSERT INTO `softwareengineering`.`meal` (`idMeal`, `idFood`, `quantity`, `mealCategory`) VALUES ('58', '28', '2', 'Snack');
INSERT INTO `softwareengineering`.`meal` (`idMeal`, `idFood`, `quantity`, `mealCategory`) VALUES ('59', '35', '2', 'Snack');
INSERT INTO `softwareengineering`.`user` (`idUser`, `forename`, `surname`, `email`, `username`, `password`, `DOB`, `height`, `gender`, `weight`, `calories`) VALUES (0, 'Ellie', 'Smith', 'Ellie.Smith@gmail.com', 'EllieSmith', 'Ef9UJKS1EFhtY0laQQawcQ==', '2000-07-14' , 163, 'F', 65.89, 1421);
INSERT INTO `softwareengineering`.`exerciselink` (`idLink`, `idUser`, `idExerciseSession`, `date`) VALUES (0, 0, 7, '2020-05-09');
INSERT INTO `softwareengineering`.`diet` (`idDiet`, `idUser`, `idMeal`, `date`) VALUES (0, 0, 4, '2020-05-09');
INSERT INTO `softwareengineering`.`diet` (`idDiet`, `idUser`, `idMeal`, `date`) VALUES (1, 0, 6, '2020-05-09');
INSERT INTO `softwareengineering`.`diet` (`idDiet`, `idUser`, `idMeal`, `date`) VALUES (2, 0, 28, '2020-05-09');
INSERT INTO `softwareengineering`.`diet` (`idDiet`, `idUser`, `idMeal`, `date`) VALUES (3, 0, 37, '2020-05-09');
INSERT INTO `softwareengineering`.`diet` (`idDiet`, `idUser`, `idMeal`, `date`) VALUES (4, 0, 50, '2020-05-09');
INSERT INTO `softwareengineering`.`diet` (`idDiet`, `idUser`, `idMeal`, `date`) VALUES (5, 0, 53, '2020-05-09');
INSERT INTO `softwareengineering`.`diet` (`idDiet`, `idUser`, `idMeal`, `date`) VALUES (6, 0, 53, '2020-05-09');
INSERT INTO `softwareengineering`.`weighttracking` (`idWeightTracking`, `idUser`, `date`, `weight`) VALUES (0, 0, '2020-05-09', 65.73);
INSERT INTO `softwareengineering`.`exerciselink` (`idLink`, `idUser`, `idExerciseSession`, `date`) VALUES (1, 0, 18, '2020-05-08');
INSERT INTO `softwareengineering`.`exerciselink` (`idLink`, `idUser`, `idExerciseSession`, `date`) VALUES (2, 0, 17, '2020-05-08');
INSERT INTO `softwareengineering`.`diet` (`idDiet`, `idUser`, `idMeal`, `date`) VALUES (7, 0, 8, '2020-05-08');
INSERT INTO `softwareengineering`.`diet` (`idDiet`, `idUser`, `idMeal`, `date`) VALUES (8, 0, 25, '2020-05-08');
INSERT INTO `softwareengineering`.`diet` (`idDiet`, `idUser`, `idMeal`, `date`) VALUES (9, 0, 31, '2020-05-08');
INSERT INTO `softwareengineering`.`diet` (`idDiet`, `idUser`, `idMeal`, `date`) VALUES (10, 0, 31, '2020-05-08');
INSERT INTO `softwareengineering`.`diet` (`idDiet`, `idUser`, `idMeal`, `date`) VALUES (11, 0, 46, '2020-05-08');
INSERT INTO `softwareengineering`.`diet` (`idDiet`, `idUser`, `idMeal`, `date`) VALUES (12, 0, 51, '2020-05-08');
INSERT INTO `softwareengineering`.`diet` (`idDiet`, `idUser`, `idMeal`, `date`) VALUES (13, 0, 48, '2020-05-08');
INSERT INTO `softwareengineering`.`weighttracking` (`idWeightTracking`, `idUser`, `date`, `weight`) VALUES (1, 0, '2020-05-08', 65.72);
INSERT INTO `softwareengineering`.`diet` (`idDiet`, `idUser`, `idMeal`, `date`) VALUES (14, 0, 11, '2020-05-07');
INSERT INTO `softwareengineering`.`diet` (`idDiet`, `idUser`, `idMeal`, `date`) VALUES (15, 0, 2, '2020-05-07');
INSERT INTO `softwareengineering`.`diet` (`idDiet`, `idUser`, `idMeal`, `date`) VALUES (16, 0, 5, '2020-05-07');
INSERT INTO `softwareengineering`.`diet` (`idDiet`, `idUser`, `idMeal`, `date`) VALUES (17, 0, 21, '2020-05-07');
INSERT INTO `softwareengineering`.`diet` (`idDiet`, `idUser`, `idMeal`, `date`) VALUES (18, 0, 16, '2020-05-07');
INSERT INTO `softwareengineering`.`diet` (`idDiet`, `idUser`, `idMeal`, `date`) VALUES (19, 0, 38, '2020-05-07');
INSERT INTO `softwareengineering`.`diet` (`idDiet`, `idUser`, `idMeal`, `date`) VALUES (20, 0, 39, '2020-05-07');
INSERT INTO `softwareengineering`.`diet` (`idDiet`, `idUser`, `idMeal`, `date`) VALUES (21, 0, 52, '2020-05-07');
INSERT INTO `softwareengineering`.`diet` (`idDiet`, `idUser`, `idMeal`, `date`) VALUES (22, 0, 57, '2020-05-07');
INSERT INTO `softwareengineering`.`diet` (`idDiet`, `idUser`, `idMeal`, `date`) VALUES (23, 0, 49, '2020-05-07');
INSERT INTO `softwareengineering`.`weighttracking` (`idWeightTracking`, `idUser`, `date`, `weight`) VALUES (2, 0, '2020-05-07', 65.69);
INSERT INTO `softwareengineering`.`exerciselink` (`idLink`, `idUser`, `idExerciseSession`, `date`) VALUES (3, 0, 21, '2020-05-06');
INSERT INTO `softwareengineering`.`exerciselink` (`idLink`, `idUser`, `idExerciseSession`, `date`) VALUES (4, 0, 6, '2020-05-06');
INSERT INTO `softwareengineering`.`diet` (`idDiet`, `idUser`, `idMeal`, `date`) VALUES (24, 0, 2, '2020-05-06');
INSERT INTO `softwareengineering`.`diet` (`idDiet`, `idUser`, `idMeal`, `date`) VALUES (25, 0, 12, '2020-05-06');
INSERT INTO `softwareengineering`.`diet` (`idDiet`, `idUser`, `idMeal`, `date`) VALUES (26, 0, 2, '2020-05-06');
INSERT INTO `softwareengineering`.`diet` (`idDiet`, `idUser`, `idMeal`, `date`) VALUES (27, 0, 23, '2020-05-06');
INSERT INTO `softwareengineering`.`diet` (`idDiet`, `idUser`, `idMeal`, `date`) VALUES (28, 0, 39, '2020-05-06');
INSERT INTO `softwareengineering`.`diet` (`idDiet`, `idUser`, `idMeal`, `date`) VALUES (29, 0, 45, '2020-05-06');
INSERT INTO `softwareengineering`.`diet` (`idDiet`, `idUser`, `idMeal`, `date`) VALUES (30, 0, 48, '2020-05-06');
INSERT INTO `softwareengineering`.`weighttracking` (`idWeightTracking`, `idUser`, `date`, `weight`) VALUES (3, 0, '2020-05-06', 65.55);
INSERT INTO `softwareengineering`.`exerciselink` (`idLink`, `idUser`, `idExerciseSession`, `date`) VALUES (5, 0, 16, '2020-05-05');
INSERT INTO `softwareengineering`.`diet` (`idDiet`, `idUser`, `idMeal`, `date`) VALUES (31, 0, 0, '2020-05-05');
INSERT INTO `softwareengineering`.`diet` (`idDiet`, `idUser`, `idMeal`, `date`) VALUES (32, 0, 1, '2020-05-05');
INSERT INTO `softwareengineering`.`diet` (`idDiet`, `idUser`, `idMeal`, `date`) VALUES (33, 0, 1, '2020-05-05');
INSERT INTO `softwareengineering`.`diet` (`idDiet`, `idUser`, `idMeal`, `date`) VALUES (34, 0, 20, '2020-05-05');
INSERT INTO `softwareengineering`.`diet` (`idDiet`, `idUser`, `idMeal`, `date`) VALUES (35, 0, 21, '2020-05-05');
INSERT INTO `softwareengineering`.`diet` (`idDiet`, `idUser`, `idMeal`, `date`) VALUES (36, 0, 37, '2020-05-05');
INSERT INTO `softwareengineering`.`diet` (`idDiet`, `idUser`, `idMeal`, `date`) VALUES (37, 0, 48, '2020-05-05');
INSERT INTO `softwareengineering`.`diet` (`idDiet`, `idUser`, `idMeal`, `date`) VALUES (38, 0, 59, '2020-05-05');
INSERT INTO `softwareengineering`.`diet` (`idDiet`, `idUser`, `idMeal`, `date`) VALUES (39, 0, 56, '2020-05-05');
INSERT INTO `softwareengineering`.`weighttracking` (`idWeightTracking`, `idUser`, `date`, `weight`) VALUES (4, 0, '2020-05-05', 65.47);
INSERT INTO `softwareengineering`.`exerciselink` (`idLink`, `idUser`, `idExerciseSession`, `date`) VALUES (6, 0, 7, '2020-05-04');
INSERT INTO `softwareengineering`.`exerciselink` (`idLink`, `idUser`, `idExerciseSession`, `date`) VALUES (7, 0, 7, '2020-05-04');
INSERT INTO `softwareengineering`.`diet` (`idDiet`, `idUser`, `idMeal`, `date`) VALUES (40, 0, 2, '2020-05-04');
INSERT INTO `softwareengineering`.`diet` (`idDiet`, `idUser`, `idMeal`, `date`) VALUES (41, 0, 3, '2020-05-04');
INSERT INTO `softwareengineering`.`diet` (`idDiet`, `idUser`, `idMeal`, `date`) VALUES (42, 0, 6, '2020-05-04');
INSERT INTO `softwareengineering`.`diet` (`idDiet`, `idUser`, `idMeal`, `date`) VALUES (43, 0, 29, '2020-05-04');
INSERT INTO `softwareengineering`.`diet` (`idDiet`, `idUser`, `idMeal`, `date`) VALUES (44, 0, 27, '2020-05-04');
INSERT INTO `softwareengineering`.`diet` (`idDiet`, `idUser`, `idMeal`, `date`) VALUES (45, 0, 22, '2020-05-04');
INSERT INTO `softwareengineering`.`diet` (`idDiet`, `idUser`, `idMeal`, `date`) VALUES (46, 0, 31, '2020-05-04');
INSERT INTO `softwareengineering`.`diet` (`idDiet`, `idUser`, `idMeal`, `date`) VALUES (47, 0, 30, '2020-05-04');
INSERT INTO `softwareengineering`.`diet` (`idDiet`, `idUser`, `idMeal`, `date`) VALUES (48, 0, 45, '2020-05-04');
INSERT INTO `softwareengineering`.`diet` (`idDiet`, `idUser`, `idMeal`, `date`) VALUES (49, 0, 56, '2020-05-04');
INSERT INTO `softwareengineering`.`diet` (`idDiet`, `idUser`, `idMeal`, `date`) VALUES (50, 0, 57, '2020-05-04');
INSERT INTO `softwareengineering`.`weighttracking` (`idWeightTracking`, `idUser`, `date`, `weight`) VALUES (5, 0, '2020-05-04', 65.36);
INSERT INTO `softwareengineering`.`exerciselink` (`idLink`, `idUser`, `idExerciseSession`, `date`) VALUES (8, 0, 4, '2020-05-03');
INSERT INTO `softwareengineering`.`diet` (`idDiet`, `idUser`, `idMeal`, `date`) VALUES (51, 0, 9, '2020-05-03');
INSERT INTO `softwareengineering`.`diet` (`idDiet`, `idUser`, `idMeal`, `date`) VALUES (52, 0, 2, '2020-05-03');
INSERT INTO `softwareengineering`.`diet` (`idDiet`, `idUser`, `idMeal`, `date`) VALUES (53, 0, 13, '2020-05-03');
INSERT INTO `softwareengineering`.`diet` (`idDiet`, `idUser`, `idMeal`, `date`) VALUES (54, 0, 27, '2020-05-03');
INSERT INTO `softwareengineering`.`diet` (`idDiet`, `idUser`, `idMeal`, `date`) VALUES (55, 0, 21, '2020-05-03');
INSERT INTO `softwareengineering`.`diet` (`idDiet`, `idUser`, `idMeal`, `date`) VALUES (56, 0, 30, '2020-05-03');
INSERT INTO `softwareengineering`.`diet` (`idDiet`, `idUser`, `idMeal`, `date`) VALUES (57, 0, 58, '2020-05-03');
INSERT INTO `softwareengineering`.`diet` (`idDiet`, `idUser`, `idMeal`, `date`) VALUES (58, 0, 51, '2020-05-03');
INSERT INTO `softwareengineering`.`diet` (`idDiet`, `idUser`, `idMeal`, `date`) VALUES (59, 0, 58, '2020-05-03');
INSERT INTO `softwareengineering`.`weighttracking` (`idWeightTracking`, `idUser`, `date`, `weight`) VALUES (6, 0, '2020-05-03', 65.37);
INSERT INTO `softwareengineering`.`exerciselink` (`idLink`, `idUser`, `idExerciseSession`, `date`) VALUES (9, 0, 13, '2020-05-02');
INSERT INTO `softwareengineering`.`diet` (`idDiet`, `idUser`, `idMeal`, `date`) VALUES (60, 0, 1, '2020-05-02');
INSERT INTO `softwareengineering`.`diet` (`idDiet`, `idUser`, `idMeal`, `date`) VALUES (61, 0, 22, '2020-05-02');
INSERT INTO `softwareengineering`.`diet` (`idDiet`, `idUser`, `idMeal`, `date`) VALUES (62, 0, 15, '2020-05-02');
INSERT INTO `softwareengineering`.`diet` (`idDiet`, `idUser`, `idMeal`, `date`) VALUES (63, 0, 19, '2020-05-02');
INSERT INTO `softwareengineering`.`diet` (`idDiet`, `idUser`, `idMeal`, `date`) VALUES (64, 0, 40, '2020-05-02');
INSERT INTO `softwareengineering`.`diet` (`idDiet`, `idUser`, `idMeal`, `date`) VALUES (65, 0, 48, '2020-05-02');
INSERT INTO `softwareengineering`.`diet` (`idDiet`, `idUser`, `idMeal`, `date`) VALUES (66, 0, 58, '2020-05-02');
INSERT INTO `softwareengineering`.`weighttracking` (`idWeightTracking`, `idUser`, `date`, `weight`) VALUES (7, 0, '2020-05-02', 65.52);
INSERT INTO `softwareengineering`.`exerciselink` (`idLink`, `idUser`, `idExerciseSession`, `date`) VALUES (10, 0, 4, '2020-05-01');
INSERT INTO `softwareengineering`.`exerciselink` (`idLink`, `idUser`, `idExerciseSession`, `date`) VALUES (11, 0, 6, '2020-05-01');
INSERT INTO `softwareengineering`.`diet` (`idDiet`, `idUser`, `idMeal`, `date`) VALUES (67, 0, 11, '2020-05-01');
INSERT INTO `softwareengineering`.`diet` (`idDiet`, `idUser`, `idMeal`, `date`) VALUES (68, 0, 13, '2020-05-01');
INSERT INTO `softwareengineering`.`diet` (`idDiet`, `idUser`, `idMeal`, `date`) VALUES (69, 0, 1, '2020-05-01');
INSERT INTO `softwareengineering`.`diet` (`idDiet`, `idUser`, `idMeal`, `date`) VALUES (70, 0, 25, '2020-05-01');
INSERT INTO `softwareengineering`.`diet` (`idDiet`, `idUser`, `idMeal`, `date`) VALUES (71, 0, 25, '2020-05-01');
INSERT INTO `softwareengineering`.`diet` (`idDiet`, `idUser`, `idMeal`, `date`) VALUES (72, 0, 34, '2020-05-01');
INSERT INTO `softwareengineering`.`diet` (`idDiet`, `idUser`, `idMeal`, `date`) VALUES (73, 0, 31, '2020-05-01');
INSERT INTO `softwareengineering`.`diet` (`idDiet`, `idUser`, `idMeal`, `date`) VALUES (74, 0, 39, '2020-05-01');
INSERT INTO `softwareengineering`.`diet` (`idDiet`, `idUser`, `idMeal`, `date`) VALUES (75, 0, 55, '2020-05-01');
INSERT INTO `softwareengineering`.`diet` (`idDiet`, `idUser`, `idMeal`, `date`) VALUES (76, 0, 58, '2020-05-01');
INSERT INTO `softwareengineering`.`weighttracking` (`idWeightTracking`, `idUser`, `date`, `weight`) VALUES (8, 0, '2020-05-01', 65.41);
INSERT INTO `softwareengineering`.`exerciselink` (`idLink`, `idUser`, `idExerciseSession`, `date`) VALUES (12, 0, 22, '2020-04-30');
INSERT INTO `softwareengineering`.`exerciselink` (`idLink`, `idUser`, `idExerciseSession`, `date`) VALUES (13, 0, 9, '2020-04-30');
INSERT INTO `softwareengineering`.`diet` (`idDiet`, `idUser`, `idMeal`, `date`) VALUES (77, 0, 3, '2020-04-30');
INSERT INTO `softwareengineering`.`diet` (`idDiet`, `idUser`, `idMeal`, `date`) VALUES (78, 0, 19, '2020-04-30');
INSERT INTO `softwareengineering`.`diet` (`idDiet`, `idUser`, `idMeal`, `date`) VALUES (79, 0, 18, '2020-04-30');
INSERT INTO `softwareengineering`.`diet` (`idDiet`, `idUser`, `idMeal`, `date`) VALUES (80, 0, 36, '2020-04-30');
INSERT INTO `softwareengineering`.`diet` (`idDiet`, `idUser`, `idMeal`, `date`) VALUES (81, 0, 52, '2020-04-30');
INSERT INTO `softwareengineering`.`weighttracking` (`idWeightTracking`, `idUser`, `date`, `weight`) VALUES (9, 0, '2020-04-30', 65.53);
INSERT INTO `softwareengineering`.`exerciselink` (`idLink`, `idUser`, `idExerciseSession`, `date`) VALUES (14, 0, 17, '2020-04-29');
INSERT INTO `softwareengineering`.`exerciselink` (`idLink`, `idUser`, `idExerciseSession`, `date`) VALUES (15, 0, 23, '2020-04-29');
INSERT INTO `softwareengineering`.`diet` (`idDiet`, `idUser`, `idMeal`, `date`) VALUES (82, 0, 3, '2020-04-29');
INSERT INTO `softwareengineering`.`diet` (`idDiet`, `idUser`, `idMeal`, `date`) VALUES (83, 0, 25, '2020-04-29');
INSERT INTO `softwareengineering`.`diet` (`idDiet`, `idUser`, `idMeal`, `date`) VALUES (84, 0, 21, '2020-04-29');
INSERT INTO `softwareengineering`.`diet` (`idDiet`, `idUser`, `idMeal`, `date`) VALUES (85, 0, 38, '2020-04-29');
INSERT INTO `softwareengineering`.`diet` (`idDiet`, `idUser`, `idMeal`, `date`) VALUES (86, 0, 50, '2020-04-29');
INSERT INTO `softwareengineering`.`weighttracking` (`idWeightTracking`, `idUser`, `date`, `weight`) VALUES (10, 0, '2020-04-29', 65.73);
INSERT INTO `softwareengineering`.`exerciselink` (`idLink`, `idUser`, `idExerciseSession`, `date`) VALUES (16, 0, 16, '2020-04-28');
INSERT INTO `softwareengineering`.`exerciselink` (`idLink`, `idUser`, `idExerciseSession`, `date`) VALUES (17, 0, 10, '2020-04-28');
INSERT INTO `softwareengineering`.`diet` (`idDiet`, `idUser`, `idMeal`, `date`) VALUES (87, 0, 1, '2020-04-28');
INSERT INTO `softwareengineering`.`diet` (`idDiet`, `idUser`, `idMeal`, `date`) VALUES (88, 0, 5, '2020-04-28');
INSERT INTO `softwareengineering`.`diet` (`idDiet`, `idUser`, `idMeal`, `date`) VALUES (89, 0, 29, '2020-04-28');
INSERT INTO `softwareengineering`.`diet` (`idDiet`, `idUser`, `idMeal`, `date`) VALUES (90, 0, 19, '2020-04-28');
INSERT INTO `softwareengineering`.`diet` (`idDiet`, `idUser`, `idMeal`, `date`) VALUES (91, 0, 22, '2020-04-28');
INSERT INTO `softwareengineering`.`diet` (`idDiet`, `idUser`, `idMeal`, `date`) VALUES (92, 0, 41, '2020-04-28');
INSERT INTO `softwareengineering`.`diet` (`idDiet`, `idUser`, `idMeal`, `date`) VALUES (93, 0, 45, '2020-04-28');
INSERT INTO `softwareengineering`.`weighttracking` (`idWeightTracking`, `idUser`, `date`, `weight`) VALUES (11, 0, '2020-04-28', 65.94);
INSERT INTO `softwareengineering`.`diet` (`idDiet`, `idUser`, `idMeal`, `date`) VALUES (94, 0, 4, '2020-04-27');
INSERT INTO `softwareengineering`.`diet` (`idDiet`, `idUser`, `idMeal`, `date`) VALUES (95, 0, 11, '2020-04-27');
INSERT INTO `softwareengineering`.`diet` (`idDiet`, `idUser`, `idMeal`, `date`) VALUES (96, 0, 16, '2020-04-27');
INSERT INTO `softwareengineering`.`diet` (`idDiet`, `idUser`, `idMeal`, `date`) VALUES (97, 0, 37, '2020-04-27');
INSERT INTO `softwareengineering`.`diet` (`idDiet`, `idUser`, `idMeal`, `date`) VALUES (98, 0, 49, '2020-04-27');
INSERT INTO `softwareengineering`.`diet` (`idDiet`, `idUser`, `idMeal`, `date`) VALUES (99, 0, 59, '2020-04-27');
INSERT INTO `softwareengineering`.`weighttracking` (`idWeightTracking`, `idUser`, `date`, `weight`) VALUES (12, 0, '2020-04-27', 65.9);
INSERT INTO `softwareengineering`.`diet` (`idDiet`, `idUser`, `idMeal`, `date`) VALUES (100, 0, 5, '2020-04-26');
INSERT INTO `softwareengineering`.`diet` (`idDiet`, `idUser`, `idMeal`, `date`) VALUES (101, 0, 12, '2020-04-26');
INSERT INTO `softwareengineering`.`diet` (`idDiet`, `idUser`, `idMeal`, `date`) VALUES (102, 0, 10, '2020-04-26');
INSERT INTO `softwareengineering`.`diet` (`idDiet`, `idUser`, `idMeal`, `date`) VALUES (103, 0, 29, '2020-04-26');
INSERT INTO `softwareengineering`.`diet` (`idDiet`, `idUser`, `idMeal`, `date`) VALUES (104, 0, 22, '2020-04-26');
INSERT INTO `softwareengineering`.`diet` (`idDiet`, `idUser`, `idMeal`, `date`) VALUES (105, 0, 25, '2020-04-26');
INSERT INTO `softwareengineering`.`diet` (`idDiet`, `idUser`, `idMeal`, `date`) VALUES (106, 0, 34, '2020-04-26');
INSERT INTO `softwareengineering`.`diet` (`idDiet`, `idUser`, `idMeal`, `date`) VALUES (107, 0, 35, '2020-04-26');
INSERT INTO `softwareengineering`.`diet` (`idDiet`, `idUser`, `idMeal`, `date`) VALUES (108, 0, 38, '2020-04-26');
INSERT INTO `softwareengineering`.`diet` (`idDiet`, `idUser`, `idMeal`, `date`) VALUES (109, 0, 57, '2020-04-26');
INSERT INTO `softwareengineering`.`weighttracking` (`idWeightTracking`, `idUser`, `date`, `weight`) VALUES (13, 0, '2020-04-26', 66.02);
INSERT INTO `softwareengineering`.`diet` (`idDiet`, `idUser`, `idMeal`, `date`) VALUES (110, 0, 14, '2020-04-25');
INSERT INTO `softwareengineering`.`diet` (`idDiet`, `idUser`, `idMeal`, `date`) VALUES (111, 0, 28, '2020-04-25');
INSERT INTO `softwareengineering`.`diet` (`idDiet`, `idUser`, `idMeal`, `date`) VALUES (112, 0, 36, '2020-04-25');
INSERT INTO `softwareengineering`.`diet` (`idDiet`, `idUser`, `idMeal`, `date`) VALUES (113, 0, 47, '2020-04-25');
INSERT INTO `softwareengineering`.`diet` (`idDiet`, `idUser`, `idMeal`, `date`) VALUES (114, 0, 59, '2020-04-25');
INSERT INTO `softwareengineering`.`diet` (`idDiet`, `idUser`, `idMeal`, `date`) VALUES (115, 0, 46, '2020-04-25');
INSERT INTO `softwareengineering`.`weighttracking` (`idWeightTracking`, `idUser`, `date`, `weight`) VALUES (14, 0, '2020-04-25', 66.02);
INSERT INTO `softwareengineering`.`exerciselink` (`idLink`, `idUser`, `idExerciseSession`, `date`) VALUES (18, 0, 0, '2020-04-24');
INSERT INTO `softwareengineering`.`exerciselink` (`idLink`, `idUser`, `idExerciseSession`, `date`) VALUES (19, 0, 7, '2020-04-24');
INSERT INTO `softwareengineering`.`diet` (`idDiet`, `idUser`, `idMeal`, `date`) VALUES (116, 0, 10, '2020-04-24');
INSERT INTO `softwareengineering`.`diet` (`idDiet`, `idUser`, `idMeal`, `date`) VALUES (117, 0, 3, '2020-04-24');
INSERT INTO `softwareengineering`.`diet` (`idDiet`, `idUser`, `idMeal`, `date`) VALUES (118, 0, 27, '2020-04-24');
INSERT INTO `softwareengineering`.`diet` (`idDiet`, `idUser`, `idMeal`, `date`) VALUES (119, 0, 27, '2020-04-24');
INSERT INTO `softwareengineering`.`diet` (`idDiet`, `idUser`, `idMeal`, `date`) VALUES (120, 0, 23, '2020-04-24');
INSERT INTO `softwareengineering`.`diet` (`idDiet`, `idUser`, `idMeal`, `date`) VALUES (121, 0, 31, '2020-04-24');
INSERT INTO `softwareengineering`.`diet` (`idDiet`, `idUser`, `idMeal`, `date`) VALUES (122, 0, 43, '2020-04-24');
INSERT INTO `softwareengineering`.`diet` (`idDiet`, `idUser`, `idMeal`, `date`) VALUES (123, 0, 57, '2020-04-24');
INSERT INTO `softwareengineering`.`weighttracking` (`idWeightTracking`, `idUser`, `date`, `weight`) VALUES (15, 0, '2020-04-24', 66.17);
INSERT INTO `softwareengineering`.`diet` (`idDiet`, `idUser`, `idMeal`, `date`) VALUES (124, 0, 9, '2020-04-23');
INSERT INTO `softwareengineering`.`diet` (`idDiet`, `idUser`, `idMeal`, `date`) VALUES (125, 0, 11, '2020-04-23');
INSERT INTO `softwareengineering`.`diet` (`idDiet`, `idUser`, `idMeal`, `date`) VALUES (126, 0, 23, '2020-04-23');
INSERT INTO `softwareengineering`.`diet` (`idDiet`, `idUser`, `idMeal`, `date`) VALUES (127, 0, 21, '2020-04-23');
INSERT INTO `softwareengineering`.`diet` (`idDiet`, `idUser`, `idMeal`, `date`) VALUES (128, 0, 19, '2020-04-23');
INSERT INTO `softwareengineering`.`diet` (`idDiet`, `idUser`, `idMeal`, `date`) VALUES (129, 0, 34, '2020-04-23');
INSERT INTO `softwareengineering`.`diet` (`idDiet`, `idUser`, `idMeal`, `date`) VALUES (130, 0, 47, '2020-04-23');
INSERT INTO `softwareengineering`.`diet` (`idDiet`, `idUser`, `idMeal`, `date`) VALUES (131, 0, 48, '2020-04-23');
INSERT INTO `softwareengineering`.`weighttracking` (`idWeightTracking`, `idUser`, `date`, `weight`) VALUES (16, 0, '2020-04-23', 66.09);
INSERT INTO `softwareengineering`.`exerciselink` (`idLink`, `idUser`, `idExerciseSession`, `date`) VALUES (20, 0, 19, '2020-04-22');
INSERT INTO `softwareengineering`.`exerciselink` (`idLink`, `idUser`, `idExerciseSession`, `date`) VALUES (21, 0, 15, '2020-04-22');
INSERT INTO `softwareengineering`.`diet` (`idDiet`, `idUser`, `idMeal`, `date`) VALUES (132, 0, 11, '2020-04-22');
INSERT INTO `softwareengineering`.`diet` (`idDiet`, `idUser`, `idMeal`, `date`) VALUES (133, 0, 6, '2020-04-22');
INSERT INTO `softwareengineering`.`diet` (`idDiet`, `idUser`, `idMeal`, `date`) VALUES (134, 0, 3, '2020-04-22');
INSERT INTO `softwareengineering`.`diet` (`idDiet`, `idUser`, `idMeal`, `date`) VALUES (135, 0, 19, '2020-04-22');
INSERT INTO `softwareengineering`.`diet` (`idDiet`, `idUser`, `idMeal`, `date`) VALUES (136, 0, 25, '2020-04-22');
INSERT INTO `softwareengineering`.`diet` (`idDiet`, `idUser`, `idMeal`, `date`) VALUES (137, 0, 28, '2020-04-22');
INSERT INTO `softwareengineering`.`diet` (`idDiet`, `idUser`, `idMeal`, `date`) VALUES (138, 0, 36, '2020-04-22');
INSERT INTO `softwareengineering`.`diet` (`idDiet`, `idUser`, `idMeal`, `date`) VALUES (139, 0, 49, '2020-04-22');
INSERT INTO `softwareengineering`.`diet` (`idDiet`, `idUser`, `idMeal`, `date`) VALUES (140, 0, 53, '2020-04-22');
INSERT INTO `softwareengineering`.`weighttracking` (`idWeightTracking`, `idUser`, `date`, `weight`) VALUES (17, 0, '2020-04-22', 66.01);
INSERT INTO `softwareengineering`.`exerciselink` (`idLink`, `idUser`, `idExerciseSession`, `date`) VALUES (22, 0, 14, '2020-04-21');
INSERT INTO `softwareengineering`.`exerciselink` (`idLink`, `idUser`, `idExerciseSession`, `date`) VALUES (23, 0, 5, '2020-04-21');
INSERT INTO `softwareengineering`.`diet` (`idDiet`, `idUser`, `idMeal`, `date`) VALUES (141, 0, 12, '2020-04-21');
INSERT INTO `softwareengineering`.`diet` (`idDiet`, `idUser`, `idMeal`, `date`) VALUES (142, 0, 24, '2020-04-21');
INSERT INTO `softwareengineering`.`diet` (`idDiet`, `idUser`, `idMeal`, `date`) VALUES (143, 0, 27, '2020-04-21');
INSERT INTO `softwareengineering`.`diet` (`idDiet`, `idUser`, `idMeal`, `date`) VALUES (144, 0, 15, '2020-04-21');
INSERT INTO `softwareengineering`.`diet` (`idDiet`, `idUser`, `idMeal`, `date`) VALUES (145, 0, 42, '2020-04-21');
INSERT INTO `softwareengineering`.`diet` (`idDiet`, `idUser`, `idMeal`, `date`) VALUES (146, 0, 42, '2020-04-21');
INSERT INTO `softwareengineering`.`diet` (`idDiet`, `idUser`, `idMeal`, `date`) VALUES (147, 0, 59, '2020-04-21');
INSERT INTO `softwareengineering`.`diet` (`idDiet`, `idUser`, `idMeal`, `date`) VALUES (148, 0, 51, '2020-04-21');
INSERT INTO `softwareengineering`.`diet` (`idDiet`, `idUser`, `idMeal`, `date`) VALUES (149, 0, 53, '2020-04-21');
INSERT INTO `softwareengineering`.`weighttracking` (`idWeightTracking`, `idUser`, `date`, `weight`) VALUES (18, 0, '2020-04-21', 65.83);
INSERT INTO `softwareengineering`.`exerciselink` (`idLink`, `idUser`, `idExerciseSession`, `date`) VALUES (24, 0, 14, '2020-04-20');
INSERT INTO `softwareengineering`.`diet` (`idDiet`, `idUser`, `idMeal`, `date`) VALUES (150, 0, 3, '2020-04-20');
INSERT INTO `softwareengineering`.`diet` (`idDiet`, `idUser`, `idMeal`, `date`) VALUES (151, 0, 11, '2020-04-20');
INSERT INTO `softwareengineering`.`diet` (`idDiet`, `idUser`, `idMeal`, `date`) VALUES (152, 0, 0, '2020-04-20');
INSERT INTO `softwareengineering`.`diet` (`idDiet`, `idUser`, `idMeal`, `date`) VALUES (153, 0, 15, '2020-04-20');
INSERT INTO `softwareengineering`.`diet` (`idDiet`, `idUser`, `idMeal`, `date`) VALUES (154, 0, 18, '2020-04-20');
INSERT INTO `softwareengineering`.`diet` (`idDiet`, `idUser`, `idMeal`, `date`) VALUES (155, 0, 33, '2020-04-20');
INSERT INTO `softwareengineering`.`diet` (`idDiet`, `idUser`, `idMeal`, `date`) VALUES (156, 0, 31, '2020-04-20');
INSERT INTO `softwareengineering`.`diet` (`idDiet`, `idUser`, `idMeal`, `date`) VALUES (157, 0, 33, '2020-04-20');
INSERT INTO `softwareengineering`.`diet` (`idDiet`, `idUser`, `idMeal`, `date`) VALUES (158, 0, 58, '2020-04-20');
INSERT INTO `softwareengineering`.`weighttracking` (`idWeightTracking`, `idUser`, `date`, `weight`) VALUES (19, 0, '2020-04-20', 65.76);
INSERT INTO `softwareengineering`.`exerciselink` (`idLink`, `idUser`, `idExerciseSession`, `date`) VALUES (25, 0, 0, '2020-04-19');
INSERT INTO `softwareengineering`.`diet` (`idDiet`, `idUser`, `idMeal`, `date`) VALUES (159, 0, 8, '2020-04-19');
INSERT INTO `softwareengineering`.`diet` (`idDiet`, `idUser`, `idMeal`, `date`) VALUES (160, 0, 11, '2020-04-19');
INSERT INTO `softwareengineering`.`diet` (`idDiet`, `idUser`, `idMeal`, `date`) VALUES (161, 0, 9, '2020-04-19');
INSERT INTO `softwareengineering`.`diet` (`idDiet`, `idUser`, `idMeal`, `date`) VALUES (162, 0, 21, '2020-04-19');
INSERT INTO `softwareengineering`.`diet` (`idDiet`, `idUser`, `idMeal`, `date`) VALUES (163, 0, 29, '2020-04-19');
INSERT INTO `softwareengineering`.`diet` (`idDiet`, `idUser`, `idMeal`, `date`) VALUES (164, 0, 30, '2020-04-19');
INSERT INTO `softwareengineering`.`diet` (`idDiet`, `idUser`, `idMeal`, `date`) VALUES (165, 0, 52, '2020-04-19');
INSERT INTO `softwareengineering`.`weighttracking` (`idWeightTracking`, `idUser`, `date`, `weight`) VALUES (20, 0, '2020-04-19', 65.69);
INSERT INTO `softwareengineering`.`exerciselink` (`idLink`, `idUser`, `idExerciseSession`, `date`) VALUES (26, 0, 13, '2020-04-18');
INSERT INTO `softwareengineering`.`diet` (`idDiet`, `idUser`, `idMeal`, `date`) VALUES (166, 0, 2, '2020-04-18');
INSERT INTO `softwareengineering`.`diet` (`idDiet`, `idUser`, `idMeal`, `date`) VALUES (167, 0, 8, '2020-04-18');
INSERT INTO `softwareengineering`.`diet` (`idDiet`, `idUser`, `idMeal`, `date`) VALUES (168, 0, 5, '2020-04-18');
INSERT INTO `softwareengineering`.`diet` (`idDiet`, `idUser`, `idMeal`, `date`) VALUES (169, 0, 27, '2020-04-18');
INSERT INTO `softwareengineering`.`diet` (`idDiet`, `idUser`, `idMeal`, `date`) VALUES (170, 0, 27, '2020-04-18');
INSERT INTO `softwareengineering`.`diet` (`idDiet`, `idUser`, `idMeal`, `date`) VALUES (171, 0, 18, '2020-04-18');
INSERT INTO `softwareengineering`.`diet` (`idDiet`, `idUser`, `idMeal`, `date`) VALUES (172, 0, 35, '2020-04-18');
INSERT INTO `softwareengineering`.`diet` (`idDiet`, `idUser`, `idMeal`, `date`) VALUES (173, 0, 59, '2020-04-18');
INSERT INTO `softwareengineering`.`weighttracking` (`idWeightTracking`, `idUser`, `date`, `weight`) VALUES (21, 0, '2020-04-18', 65.69);
INSERT INTO `softwareengineering`.`exerciselink` (`idLink`, `idUser`, `idExerciseSession`, `date`) VALUES (27, 0, 9, '2020-04-17');
INSERT INTO `softwareengineering`.`diet` (`idDiet`, `idUser`, `idMeal`, `date`) VALUES (174, 0, 0, '2020-04-17');
INSERT INTO `softwareengineering`.`diet` (`idDiet`, `idUser`, `idMeal`, `date`) VALUES (175, 0, 4, '2020-04-17');
INSERT INTO `softwareengineering`.`diet` (`idDiet`, `idUser`, `idMeal`, `date`) VALUES (176, 0, 6, '2020-04-17');
INSERT INTO `softwareengineering`.`diet` (`idDiet`, `idUser`, `idMeal`, `date`) VALUES (177, 0, 20, '2020-04-17');
INSERT INTO `softwareengineering`.`diet` (`idDiet`, `idUser`, `idMeal`, `date`) VALUES (178, 0, 16, '2020-04-17');
INSERT INTO `softwareengineering`.`diet` (`idDiet`, `idUser`, `idMeal`, `date`) VALUES (179, 0, 27, '2020-04-17');
INSERT INTO `softwareengineering`.`diet` (`idDiet`, `idUser`, `idMeal`, `date`) VALUES (180, 0, 30, '2020-04-17');
INSERT INTO `softwareengineering`.`diet` (`idDiet`, `idUser`, `idMeal`, `date`) VALUES (181, 0, 49, '2020-04-17');
INSERT INTO `softwareengineering`.`diet` (`idDiet`, `idUser`, `idMeal`, `date`) VALUES (182, 0, 46, '2020-04-17');
INSERT INTO `softwareengineering`.`weighttracking` (`idWeightTracking`, `idUser`, `date`, `weight`) VALUES (22, 0, '2020-04-17', 65.93);
INSERT INTO `softwareengineering`.`exerciselink` (`idLink`, `idUser`, `idExerciseSession`, `date`) VALUES (28, 0, 19, '2020-04-16');
INSERT INTO `softwareengineering`.`exerciselink` (`idLink`, `idUser`, `idExerciseSession`, `date`) VALUES (29, 0, 9, '2020-04-16');
INSERT INTO `softwareengineering`.`diet` (`idDiet`, `idUser`, `idMeal`, `date`) VALUES (183, 0, 5, '2020-04-16');
INSERT INTO `softwareengineering`.`diet` (`idDiet`, `idUser`, `idMeal`, `date`) VALUES (184, 0, 21, '2020-04-16');
INSERT INTO `softwareengineering`.`diet` (`idDiet`, `idUser`, `idMeal`, `date`) VALUES (185, 0, 36, '2020-04-16');
INSERT INTO `softwareengineering`.`diet` (`idDiet`, `idUser`, `idMeal`, `date`) VALUES (186, 0, 40, '2020-04-16');
INSERT INTO `softwareengineering`.`diet` (`idDiet`, `idUser`, `idMeal`, `date`) VALUES (187, 0, 41, '2020-04-16');
INSERT INTO `softwareengineering`.`diet` (`idDiet`, `idUser`, `idMeal`, `date`) VALUES (188, 0, 55, '2020-04-16');
INSERT INTO `softwareengineering`.`diet` (`idDiet`, `idUser`, `idMeal`, `date`) VALUES (189, 0, 47, '2020-04-16');
INSERT INTO `softwareengineering`.`weighttracking` (`idWeightTracking`, `idUser`, `date`, `weight`) VALUES (23, 0, '2020-04-16', 65.94);
INSERT INTO `softwareengineering`.`diet` (`idDiet`, `idUser`, `idMeal`, `date`) VALUES (190, 0, 3, '2020-04-15');
INSERT INTO `softwareengineering`.`diet` (`idDiet`, `idUser`, `idMeal`, `date`) VALUES (191, 0, 23, '2020-04-15');
INSERT INTO `softwareengineering`.`diet` (`idDiet`, `idUser`, `idMeal`, `date`) VALUES (192, 0, 24, '2020-04-15');
INSERT INTO `softwareengineering`.`diet` (`idDiet`, `idUser`, `idMeal`, `date`) VALUES (193, 0, 24, '2020-04-15');
INSERT INTO `softwareengineering`.`diet` (`idDiet`, `idUser`, `idMeal`, `date`) VALUES (194, 0, 30, '2020-04-15');
INSERT INTO `softwareengineering`.`diet` (`idDiet`, `idUser`, `idMeal`, `date`) VALUES (195, 0, 44, '2020-04-15');
INSERT INTO `softwareengineering`.`diet` (`idDiet`, `idUser`, `idMeal`, `date`) VALUES (196, 0, 37, '2020-04-15');
INSERT INTO `softwareengineering`.`diet` (`idDiet`, `idUser`, `idMeal`, `date`) VALUES (197, 0, 59, '2020-04-15');
INSERT INTO `softwareengineering`.`diet` (`idDiet`, `idUser`, `idMeal`, `date`) VALUES (198, 0, 48, '2020-04-15');
INSERT INTO `softwareengineering`.`weighttracking` (`idWeightTracking`, `idUser`, `date`, `weight`) VALUES (24, 0, '2020-04-15', 66.17);
INSERT INTO `softwareengineering`.`diet` (`idDiet`, `idUser`, `idMeal`, `date`) VALUES (199, 0, 12, '2020-04-14');
INSERT INTO `softwareengineering`.`diet` (`idDiet`, `idUser`, `idMeal`, `date`) VALUES (200, 0, 9, '2020-04-14');
INSERT INTO `softwareengineering`.`diet` (`idDiet`, `idUser`, `idMeal`, `date`) VALUES (201, 0, 9, '2020-04-14');
INSERT INTO `softwareengineering`.`diet` (`idDiet`, `idUser`, `idMeal`, `date`) VALUES (202, 0, 16, '2020-04-14');
INSERT INTO `softwareengineering`.`diet` (`idDiet`, `idUser`, `idMeal`, `date`) VALUES (203, 0, 19, '2020-04-14');
INSERT INTO `softwareengineering`.`diet` (`idDiet`, `idUser`, `idMeal`, `date`) VALUES (204, 0, 43, '2020-04-14');
INSERT INTO `softwareengineering`.`diet` (`idDiet`, `idUser`, `idMeal`, `date`) VALUES (205, 0, 52, '2020-04-14');
INSERT INTO `softwareengineering`.`diet` (`idDiet`, `idUser`, `idMeal`, `date`) VALUES (206, 0, 53, '2020-04-14');
INSERT INTO `softwareengineering`.`weighttracking` (`idWeightTracking`, `idUser`, `date`, `weight`) VALUES (25, 0, '2020-04-14', 66.03);
INSERT INTO `softwareengineering`.`diet` (`idDiet`, `idUser`, `idMeal`, `date`) VALUES (207, 0, 4, '2020-04-13');
INSERT INTO `softwareengineering`.`diet` (`idDiet`, `idUser`, `idMeal`, `date`) VALUES (208, 0, 5, '2020-04-13');
INSERT INTO `softwareengineering`.`diet` (`idDiet`, `idUser`, `idMeal`, `date`) VALUES (209, 0, 10, '2020-04-13');
INSERT INTO `softwareengineering`.`diet` (`idDiet`, `idUser`, `idMeal`, `date`) VALUES (210, 0, 18, '2020-04-13');
INSERT INTO `softwareengineering`.`diet` (`idDiet`, `idUser`, `idMeal`, `date`) VALUES (211, 0, 43, '2020-04-13');
INSERT INTO `softwareengineering`.`diet` (`idDiet`, `idUser`, `idMeal`, `date`) VALUES (212, 0, 32, '2020-04-13');
INSERT INTO `softwareengineering`.`diet` (`idDiet`, `idUser`, `idMeal`, `date`) VALUES (213, 0, 45, '2020-04-13');
INSERT INTO `softwareengineering`.`weighttracking` (`idWeightTracking`, `idUser`, `date`, `weight`) VALUES (26, 0, '2020-04-13', 65.91);
INSERT INTO `softwareengineering`.`exerciselink` (`idLink`, `idUser`, `idExerciseSession`, `date`) VALUES (30, 0, 2, '2020-04-12');
INSERT INTO `softwareengineering`.`diet` (`idDiet`, `idUser`, `idMeal`, `date`) VALUES (214, 0, 5, '2020-04-12');
INSERT INTO `softwareengineering`.`diet` (`idDiet`, `idUser`, `idMeal`, `date`) VALUES (215, 0, 8, '2020-04-12');
INSERT INTO `softwareengineering`.`diet` (`idDiet`, `idUser`, `idMeal`, `date`) VALUES (216, 0, 15, '2020-04-12');
INSERT INTO `softwareengineering`.`diet` (`idDiet`, `idUser`, `idMeal`, `date`) VALUES (217, 0, 36, '2020-04-12');
INSERT INTO `softwareengineering`.`diet` (`idDiet`, `idUser`, `idMeal`, `date`) VALUES (218, 0, 32, '2020-04-12');
INSERT INTO `softwareengineering`.`diet` (`idDiet`, `idUser`, `idMeal`, `date`) VALUES (219, 0, 31, '2020-04-12');
INSERT INTO `softwareengineering`.`diet` (`idDiet`, `idUser`, `idMeal`, `date`) VALUES (220, 0, 51, '2020-04-12');
INSERT INTO `softwareengineering`.`diet` (`idDiet`, `idUser`, `idMeal`, `date`) VALUES (221, 0, 56, '2020-04-12');
INSERT INTO `softwareengineering`.`weighttracking` (`idWeightTracking`, `idUser`, `date`, `weight`) VALUES (27, 0, '2020-04-12', 66.2);
INSERT INTO `softwareengineering`.`diet` (`idDiet`, `idUser`, `idMeal`, `date`) VALUES (222, 0, 0, '2020-04-11');
INSERT INTO `softwareengineering`.`diet` (`idDiet`, `idUser`, `idMeal`, `date`) VALUES (223, 0, 13, '2020-04-11');
INSERT INTO `softwareengineering`.`diet` (`idDiet`, `idUser`, `idMeal`, `date`) VALUES (224, 0, 15, '2020-04-11');
INSERT INTO `softwareengineering`.`diet` (`idDiet`, `idUser`, `idMeal`, `date`) VALUES (225, 0, 43, '2020-04-11');
INSERT INTO `softwareengineering`.`diet` (`idDiet`, `idUser`, `idMeal`, `date`) VALUES (226, 0, 37, '2020-04-11');
INSERT INTO `softwareengineering`.`diet` (`idDiet`, `idUser`, `idMeal`, `date`) VALUES (227, 0, 46, '2020-04-11');
INSERT INTO `softwareengineering`.`diet` (`idDiet`, `idUser`, `idMeal`, `date`) VALUES (228, 0, 59, '2020-04-11');
INSERT INTO `softwareengineering`.`weighttracking` (`idWeightTracking`, `idUser`, `date`, `weight`) VALUES (28, 0, '2020-04-11', 66.44);
INSERT INTO `softwareengineering`.`diet` (`idDiet`, `idUser`, `idMeal`, `date`) VALUES (229, 0, 12, '2020-04-10');
INSERT INTO `softwareengineering`.`diet` (`idDiet`, `idUser`, `idMeal`, `date`) VALUES (230, 0, 24, '2020-04-10');
INSERT INTO `softwareengineering`.`diet` (`idDiet`, `idUser`, `idMeal`, `date`) VALUES (231, 0, 38, '2020-04-10');
INSERT INTO `softwareengineering`.`diet` (`idDiet`, `idUser`, `idMeal`, `date`) VALUES (232, 0, 38, '2020-04-10');
INSERT INTO `softwareengineering`.`diet` (`idDiet`, `idUser`, `idMeal`, `date`) VALUES (233, 0, 34, '2020-04-10');
INSERT INTO `softwareengineering`.`diet` (`idDiet`, `idUser`, `idMeal`, `date`) VALUES (234, 0, 46, '2020-04-10');
INSERT INTO `softwareengineering`.`diet` (`idDiet`, `idUser`, `idMeal`, `date`) VALUES (235, 0, 58, '2020-04-10');
INSERT INTO `softwareengineering`.`diet` (`idDiet`, `idUser`, `idMeal`, `date`) VALUES (236, 0, 47, '2020-04-10');
INSERT INTO `softwareengineering`.`weighttracking` (`idWeightTracking`, `idUser`, `date`, `weight`) VALUES (29, 0, '2020-04-10', 66.73);
INSERT INTO `softwareengineering`.`exerciselink` (`idLink`, `idUser`, `idExerciseSession`, `date`) VALUES (31, 0, 9, '2020-04-09');
INSERT INTO `softwareengineering`.`exerciselink` (`idLink`, `idUser`, `idExerciseSession`, `date`) VALUES (32, 0, 14, '2020-04-09');
INSERT INTO `softwareengineering`.`diet` (`idDiet`, `idUser`, `idMeal`, `date`) VALUES (237, 0, 7, '2020-04-09');
INSERT INTO `softwareengineering`.`diet` (`idDiet`, `idUser`, `idMeal`, `date`) VALUES (238, 0, 17, '2020-04-09');
INSERT INTO `softwareengineering`.`diet` (`idDiet`, `idUser`, `idMeal`, `date`) VALUES (239, 0, 41, '2020-04-09');
INSERT INTO `softwareengineering`.`diet` (`idDiet`, `idUser`, `idMeal`, `date`) VALUES (240, 0, 39, '2020-04-09');
INSERT INTO `softwareengineering`.`diet` (`idDiet`, `idUser`, `idMeal`, `date`) VALUES (241, 0, 33, '2020-04-09');
INSERT INTO `softwareengineering`.`diet` (`idDiet`, `idUser`, `idMeal`, `date`) VALUES (242, 0, 46, '2020-04-09');
INSERT INTO `softwareengineering`.`weighttracking` (`idWeightTracking`, `idUser`, `date`, `weight`) VALUES (30, 0, '2020-04-09', 66.98);
INSERT INTO `softwareengineering`.`exerciselink` (`idLink`, `idUser`, `idExerciseSession`, `date`) VALUES (33, 0, 23, '2020-04-08');
INSERT INTO `softwareengineering`.`diet` (`idDiet`, `idUser`, `idMeal`, `date`) VALUES (243, 0, 5, '2020-04-08');
INSERT INTO `softwareengineering`.`diet` (`idDiet`, `idUser`, `idMeal`, `date`) VALUES (244, 0, 25, '2020-04-08');
INSERT INTO `softwareengineering`.`diet` (`idDiet`, `idUser`, `idMeal`, `date`) VALUES (245, 0, 25, '2020-04-08');
INSERT INTO `softwareengineering`.`diet` (`idDiet`, `idUser`, `idMeal`, `date`) VALUES (246, 0, 35, '2020-04-08');
INSERT INTO `softwareengineering`.`diet` (`idDiet`, `idUser`, `idMeal`, `date`) VALUES (247, 0, 38, '2020-04-08');
INSERT INTO `softwareengineering`.`diet` (`idDiet`, `idUser`, `idMeal`, `date`) VALUES (248, 0, 33, '2020-04-08');
INSERT INTO `softwareengineering`.`diet` (`idDiet`, `idUser`, `idMeal`, `date`) VALUES (249, 0, 52, '2020-04-08');
INSERT INTO `softwareengineering`.`diet` (`idDiet`, `idUser`, `idMeal`, `date`) VALUES (250, 0, 45, '2020-04-08');
INSERT INTO `softwareengineering`.`diet` (`idDiet`, `idUser`, `idMeal`, `date`) VALUES (251, 0, 59, '2020-04-08');
INSERT INTO `softwareengineering`.`weighttracking` (`idWeightTracking`, `idUser`, `date`, `weight`) VALUES (31, 0, '2020-04-08', 67.02);
INSERT INTO `softwareengineering`.`diet` (`idDiet`, `idUser`, `idMeal`, `date`) VALUES (252, 0, 0, '2020-04-07');
INSERT INTO `softwareengineering`.`diet` (`idDiet`, `idUser`, `idMeal`, `date`) VALUES (253, 0, 6, '2020-04-07');
INSERT INTO `softwareengineering`.`diet` (`idDiet`, `idUser`, `idMeal`, `date`) VALUES (254, 0, 26, '2020-04-07');
INSERT INTO `softwareengineering`.`diet` (`idDiet`, `idUser`, `idMeal`, `date`) VALUES (255, 0, 22, '2020-04-07');
INSERT INTO `softwareengineering`.`diet` (`idDiet`, `idUser`, `idMeal`, `date`) VALUES (256, 0, 35, '2020-04-07');
INSERT INTO `softwareengineering`.`diet` (`idDiet`, `idUser`, `idMeal`, `date`) VALUES (257, 0, 42, '2020-04-07');
INSERT INTO `softwareengineering`.`diet` (`idDiet`, `idUser`, `idMeal`, `date`) VALUES (258, 0, 37, '2020-04-07');
INSERT INTO `softwareengineering`.`diet` (`idDiet`, `idUser`, `idMeal`, `date`) VALUES (259, 0, 48, '2020-04-07');
INSERT INTO `softwareengineering`.`diet` (`idDiet`, `idUser`, `idMeal`, `date`) VALUES (260, 0, 47, '2020-04-07');
INSERT INTO `softwareengineering`.`diet` (`idDiet`, `idUser`, `idMeal`, `date`) VALUES (261, 0, 59, '2020-04-07');
INSERT INTO `softwareengineering`.`weighttracking` (`idWeightTracking`, `idUser`, `date`, `weight`) VALUES (32, 0, '2020-04-07', 66.88);
INSERT INTO `softwareengineering`.`exerciselink` (`idLink`, `idUser`, `idExerciseSession`, `date`) VALUES (34, 0, 16, '2020-04-06');
INSERT INTO `softwareengineering`.`diet` (`idDiet`, `idUser`, `idMeal`, `date`) VALUES (262, 0, 2, '2020-04-06');
INSERT INTO `softwareengineering`.`diet` (`idDiet`, `idUser`, `idMeal`, `date`) VALUES (263, 0, 8, '2020-04-06');
INSERT INTO `softwareengineering`.`diet` (`idDiet`, `idUser`, `idMeal`, `date`) VALUES (264, 0, 22, '2020-04-06');
INSERT INTO `softwareengineering`.`diet` (`idDiet`, `idUser`, `idMeal`, `date`) VALUES (265, 0, 17, '2020-04-06');
INSERT INTO `softwareengineering`.`diet` (`idDiet`, `idUser`, `idMeal`, `date`) VALUES (266, 0, 16, '2020-04-06');
INSERT INTO `softwareengineering`.`diet` (`idDiet`, `idUser`, `idMeal`, `date`) VALUES (267, 0, 39, '2020-04-06');
INSERT INTO `softwareengineering`.`diet` (`idDiet`, `idUser`, `idMeal`, `date`) VALUES (268, 0, 41, '2020-04-06');
INSERT INTO `softwareengineering`.`diet` (`idDiet`, `idUser`, `idMeal`, `date`) VALUES (269, 0, 59, '2020-04-06');
INSERT INTO `softwareengineering`.`diet` (`idDiet`, `idUser`, `idMeal`, `date`) VALUES (270, 0, 53, '2020-04-06');
INSERT INTO `softwareengineering`.`diet` (`idDiet`, `idUser`, `idMeal`, `date`) VALUES (271, 0, 47, '2020-04-06');
INSERT INTO `softwareengineering`.`weighttracking` (`idWeightTracking`, `idUser`, `date`, `weight`) VALUES (33, 0, '2020-04-06', 67.08);
INSERT INTO `softwareengineering`.`exerciselink` (`idLink`, `idUser`, `idExerciseSession`, `date`) VALUES (35, 0, 16, '2020-04-05');
INSERT INTO `softwareengineering`.`exerciselink` (`idLink`, `idUser`, `idExerciseSession`, `date`) VALUES (36, 0, 3, '2020-04-05');
INSERT INTO `softwareengineering`.`diet` (`idDiet`, `idUser`, `idMeal`, `date`) VALUES (272, 0, 7, '2020-04-05');
INSERT INTO `softwareengineering`.`diet` (`idDiet`, `idUser`, `idMeal`, `date`) VALUES (273, 0, 9, '2020-04-05');
INSERT INTO `softwareengineering`.`diet` (`idDiet`, `idUser`, `idMeal`, `date`) VALUES (274, 0, 29, '2020-04-05');
INSERT INTO `softwareengineering`.`diet` (`idDiet`, `idUser`, `idMeal`, `date`) VALUES (275, 0, 21, '2020-04-05');
INSERT INTO `softwareengineering`.`diet` (`idDiet`, `idUser`, `idMeal`, `date`) VALUES (276, 0, 27, '2020-04-05');
INSERT INTO `softwareengineering`.`diet` (`idDiet`, `idUser`, `idMeal`, `date`) VALUES (277, 0, 30, '2020-04-05');
INSERT INTO `softwareengineering`.`diet` (`idDiet`, `idUser`, `idMeal`, `date`) VALUES (278, 0, 47, '2020-04-05');
INSERT INTO `softwareengineering`.`diet` (`idDiet`, `idUser`, `idMeal`, `date`) VALUES (279, 0, 46, '2020-04-05');
INSERT INTO `softwareengineering`.`diet` (`idDiet`, `idUser`, `idMeal`, `date`) VALUES (280, 0, 47, '2020-04-05');
INSERT INTO `softwareengineering`.`weighttracking` (`idWeightTracking`, `idUser`, `date`, `weight`) VALUES (34, 0, '2020-04-05', 67.15);
INSERT INTO `softwareengineering`.`diet` (`idDiet`, `idUser`, `idMeal`, `date`) VALUES (281, 0, 12, '2020-04-04');
INSERT INTO `softwareengineering`.`diet` (`idDiet`, `idUser`, `idMeal`, `date`) VALUES (282, 0, 3, '2020-04-04');
INSERT INTO `softwareengineering`.`diet` (`idDiet`, `idUser`, `idMeal`, `date`) VALUES (283, 0, 12, '2020-04-04');
INSERT INTO `softwareengineering`.`diet` (`idDiet`, `idUser`, `idMeal`, `date`) VALUES (284, 0, 24, '2020-04-04');
INSERT INTO `softwareengineering`.`diet` (`idDiet`, `idUser`, `idMeal`, `date`) VALUES (285, 0, 28, '2020-04-04');
INSERT INTO `softwareengineering`.`diet` (`idDiet`, `idUser`, `idMeal`, `date`) VALUES (286, 0, 20, '2020-04-04');
INSERT INTO `softwareengineering`.`diet` (`idDiet`, `idUser`, `idMeal`, `date`) VALUES (287, 0, 38, '2020-04-04');
INSERT INTO `softwareengineering`.`diet` (`idDiet`, `idUser`, `idMeal`, `date`) VALUES (288, 0, 31, '2020-04-04');
INSERT INTO `softwareengineering`.`diet` (`idDiet`, `idUser`, `idMeal`, `date`) VALUES (289, 0, 31, '2020-04-04');
INSERT INTO `softwareengineering`.`diet` (`idDiet`, `idUser`, `idMeal`, `date`) VALUES (290, 0, 52, '2020-04-04');
INSERT INTO `softwareengineering`.`diet` (`idDiet`, `idUser`, `idMeal`, `date`) VALUES (291, 0, 49, '2020-04-04');
INSERT INTO `softwareengineering`.`diet` (`idDiet`, `idUser`, `idMeal`, `date`) VALUES (292, 0, 58, '2020-04-04');
INSERT INTO `softwareengineering`.`weighttracking` (`idWeightTracking`, `idUser`, `date`, `weight`) VALUES (35, 0, '2020-04-04', 67.26);
INSERT INTO `softwareengineering`.`diet` (`idDiet`, `idUser`, `idMeal`, `date`) VALUES (293, 0, 1, '2020-04-03');
INSERT INTO `softwareengineering`.`diet` (`idDiet`, `idUser`, `idMeal`, `date`) VALUES (294, 0, 28, '2020-04-03');
INSERT INTO `softwareengineering`.`diet` (`idDiet`, `idUser`, `idMeal`, `date`) VALUES (295, 0, 23, '2020-04-03');
INSERT INTO `softwareengineering`.`diet` (`idDiet`, `idUser`, `idMeal`, `date`) VALUES (296, 0, 31, '2020-04-03');
INSERT INTO `softwareengineering`.`diet` (`idDiet`, `idUser`, `idMeal`, `date`) VALUES (297, 0, 37, '2020-04-03');
INSERT INTO `softwareengineering`.`diet` (`idDiet`, `idUser`, `idMeal`, `date`) VALUES (298, 0, 31, '2020-04-03');
INSERT INTO `softwareengineering`.`diet` (`idDiet`, `idUser`, `idMeal`, `date`) VALUES (299, 0, 46, '2020-04-03');
INSERT INTO `softwareengineering`.`diet` (`idDiet`, `idUser`, `idMeal`, `date`) VALUES (300, 0, 55, '2020-04-03');
INSERT INTO `softwareengineering`.`diet` (`idDiet`, `idUser`, `idMeal`, `date`) VALUES (301, 0, 54, '2020-04-03');
INSERT INTO `softwareengineering`.`weighttracking` (`idWeightTracking`, `idUser`, `date`, `weight`) VALUES (36, 0, '2020-04-03', 67.16);
INSERT INTO `softwareengineering`.`exerciselink` (`idLink`, `idUser`, `idExerciseSession`, `date`) VALUES (37, 0, 2, '2020-04-02');
INSERT INTO `softwareengineering`.`diet` (`idDiet`, `idUser`, `idMeal`, `date`) VALUES (302, 0, 9, '2020-04-02');
INSERT INTO `softwareengineering`.`diet` (`idDiet`, `idUser`, `idMeal`, `date`) VALUES (303, 0, 12, '2020-04-02');
INSERT INTO `softwareengineering`.`diet` (`idDiet`, `idUser`, `idMeal`, `date`) VALUES (304, 0, 8, '2020-04-02');
INSERT INTO `softwareengineering`.`diet` (`idDiet`, `idUser`, `idMeal`, `date`) VALUES (305, 0, 20, '2020-04-02');
INSERT INTO `softwareengineering`.`diet` (`idDiet`, `idUser`, `idMeal`, `date`) VALUES (306, 0, 29, '2020-04-02');
INSERT INTO `softwareengineering`.`diet` (`idDiet`, `idUser`, `idMeal`, `date`) VALUES (307, 0, 36, '2020-04-02');
INSERT INTO `softwareengineering`.`diet` (`idDiet`, `idUser`, `idMeal`, `date`) VALUES (308, 0, 47, '2020-04-02');
INSERT INTO `softwareengineering`.`diet` (`idDiet`, `idUser`, `idMeal`, `date`) VALUES (309, 0, 46, '2020-04-02');
INSERT INTO `softwareengineering`.`weighttracking` (`idWeightTracking`, `idUser`, `date`, `weight`) VALUES (37, 0, '2020-04-02', 67.33);
INSERT INTO `softwareengineering`.`diet` (`idDiet`, `idUser`, `idMeal`, `date`) VALUES (310, 0, 10, '2020-04-01');
INSERT INTO `softwareengineering`.`diet` (`idDiet`, `idUser`, `idMeal`, `date`) VALUES (311, 0, 9, '2020-04-01');
INSERT INTO `softwareengineering`.`diet` (`idDiet`, `idUser`, `idMeal`, `date`) VALUES (312, 0, 2, '2020-04-01');
INSERT INTO `softwareengineering`.`diet` (`idDiet`, `idUser`, `idMeal`, `date`) VALUES (313, 0, 23, '2020-04-01');
INSERT INTO `softwareengineering`.`diet` (`idDiet`, `idUser`, `idMeal`, `date`) VALUES (314, 0, 32, '2020-04-01');
INSERT INTO `softwareengineering`.`diet` (`idDiet`, `idUser`, `idMeal`, `date`) VALUES (315, 0, 53, '2020-04-01');
INSERT INTO `softwareengineering`.`diet` (`idDiet`, `idUser`, `idMeal`, `date`) VALUES (316, 0, 50, '2020-04-01');
INSERT INTO `softwareengineering`.`weighttracking` (`idWeightTracking`, `idUser`, `date`, `weight`) VALUES (38, 0, '2020-04-01', 67.52);
INSERT INTO `softwareengineering`.`diet` (`idDiet`, `idUser`, `idMeal`, `date`) VALUES (317, 0, 3, '2020-03-31');
INSERT INTO `softwareengineering`.`diet` (`idDiet`, `idUser`, `idMeal`, `date`) VALUES (318, 0, 0, '2020-03-31');
INSERT INTO `softwareengineering`.`diet` (`idDiet`, `idUser`, `idMeal`, `date`) VALUES (319, 0, 3, '2020-03-31');
INSERT INTO `softwareengineering`.`diet` (`idDiet`, `idUser`, `idMeal`, `date`) VALUES (320, 0, 15, '2020-03-31');
INSERT INTO `softwareengineering`.`diet` (`idDiet`, `idUser`, `idMeal`, `date`) VALUES (321, 0, 17, '2020-03-31');
INSERT INTO `softwareengineering`.`diet` (`idDiet`, `idUser`, `idMeal`, `date`) VALUES (322, 0, 26, '2020-03-31');
INSERT INTO `softwareengineering`.`diet` (`idDiet`, `idUser`, `idMeal`, `date`) VALUES (323, 0, 34, '2020-03-31');
INSERT INTO `softwareengineering`.`diet` (`idDiet`, `idUser`, `idMeal`, `date`) VALUES (324, 0, 35, '2020-03-31');
INSERT INTO `softwareengineering`.`diet` (`idDiet`, `idUser`, `idMeal`, `date`) VALUES (325, 0, 59, '2020-03-31');
INSERT INTO `softwareengineering`.`diet` (`idDiet`, `idUser`, `idMeal`, `date`) VALUES (326, 0, 48, '2020-03-31');
INSERT INTO `softwareengineering`.`weighttracking` (`idWeightTracking`, `idUser`, `date`, `weight`) VALUES (39, 0, '2020-03-31', 67.51);
INSERT INTO `softwareengineering`.`diet` (`idDiet`, `idUser`, `idMeal`, `date`) VALUES (327, 0, 11, '2020-03-30');
INSERT INTO `softwareengineering`.`diet` (`idDiet`, `idUser`, `idMeal`, `date`) VALUES (328, 0, 27, '2020-03-30');
INSERT INTO `softwareengineering`.`diet` (`idDiet`, `idUser`, `idMeal`, `date`) VALUES (329, 0, 20, '2020-03-30');
INSERT INTO `softwareengineering`.`diet` (`idDiet`, `idUser`, `idMeal`, `date`) VALUES (330, 0, 43, '2020-03-30');
INSERT INTO `softwareengineering`.`diet` (`idDiet`, `idUser`, `idMeal`, `date`) VALUES (331, 0, 36, '2020-03-30');
INSERT INTO `softwareengineering`.`diet` (`idDiet`, `idUser`, `idMeal`, `date`) VALUES (332, 0, 58, '2020-03-30');
INSERT INTO `softwareengineering`.`diet` (`idDiet`, `idUser`, `idMeal`, `date`) VALUES (333, 0, 47, '2020-03-30');
INSERT INTO `softwareengineering`.`diet` (`idDiet`, `idUser`, `idMeal`, `date`) VALUES (334, 0, 52, '2020-03-30');
INSERT INTO `softwareengineering`.`weighttracking` (`idWeightTracking`, `idUser`, `date`, `weight`) VALUES (40, 0, '2020-03-30', 67.56);
INSERT INTO `softwareengineering`.`exerciselink` (`idLink`, `idUser`, `idExerciseSession`, `date`) VALUES (38, 0, 16, '2020-03-29');
INSERT INTO `softwareengineering`.`diet` (`idDiet`, `idUser`, `idMeal`, `date`) VALUES (335, 0, 6, '2020-03-29');
INSERT INTO `softwareengineering`.`diet` (`idDiet`, `idUser`, `idMeal`, `date`) VALUES (336, 0, 2, '2020-03-29');
INSERT INTO `softwareengineering`.`diet` (`idDiet`, `idUser`, `idMeal`, `date`) VALUES (337, 0, 6, '2020-03-29');
INSERT INTO `softwareengineering`.`diet` (`idDiet`, `idUser`, `idMeal`, `date`) VALUES (338, 0, 25, '2020-03-29');
INSERT INTO `softwareengineering`.`diet` (`idDiet`, `idUser`, `idMeal`, `date`) VALUES (339, 0, 25, '2020-03-29');
INSERT INTO `softwareengineering`.`diet` (`idDiet`, `idUser`, `idMeal`, `date`) VALUES (340, 0, 24, '2020-03-29');
INSERT INTO `softwareengineering`.`diet` (`idDiet`, `idUser`, `idMeal`, `date`) VALUES (341, 0, 44, '2020-03-29');
INSERT INTO `softwareengineering`.`diet` (`idDiet`, `idUser`, `idMeal`, `date`) VALUES (342, 0, 34, '2020-03-29');
INSERT INTO `softwareengineering`.`diet` (`idDiet`, `idUser`, `idMeal`, `date`) VALUES (343, 0, 53, '2020-03-29');
INSERT INTO `softwareengineering`.`diet` (`idDiet`, `idUser`, `idMeal`, `date`) VALUES (344, 0, 50, '2020-03-29');
INSERT INTO `softwareengineering`.`diet` (`idDiet`, `idUser`, `idMeal`, `date`) VALUES (345, 0, 54, '2020-03-29');
INSERT INTO `softwareengineering`.`weighttracking` (`idWeightTracking`, `idUser`, `date`, `weight`) VALUES (41, 0, '2020-03-29', 67.82);
INSERT INTO `softwareengineering`.`exerciselink` (`idLink`, `idUser`, `idExerciseSession`, `date`) VALUES (39, 0, 1, '2020-03-28');
INSERT INTO `softwareengineering`.`diet` (`idDiet`, `idUser`, `idMeal`, `date`) VALUES (346, 0, 11, '2020-03-28');
INSERT INTO `softwareengineering`.`diet` (`idDiet`, `idUser`, `idMeal`, `date`) VALUES (347, 0, 20, '2020-03-28');
INSERT INTO `softwareengineering`.`diet` (`idDiet`, `idUser`, `idMeal`, `date`) VALUES (348, 0, 17, '2020-03-28');
INSERT INTO `softwareengineering`.`diet` (`idDiet`, `idUser`, `idMeal`, `date`) VALUES (349, 0, 20, '2020-03-28');
INSERT INTO `softwareengineering`.`diet` (`idDiet`, `idUser`, `idMeal`, `date`) VALUES (350, 0, 32, '2020-03-28');
INSERT INTO `softwareengineering`.`diet` (`idDiet`, `idUser`, `idMeal`, `date`) VALUES (351, 0, 34, '2020-03-28');
INSERT INTO `softwareengineering`.`diet` (`idDiet`, `idUser`, `idMeal`, `date`) VALUES (352, 0, 48, '2020-03-28');
INSERT INTO `softwareengineering`.`weighttracking` (`idWeightTracking`, `idUser`, `date`, `weight`) VALUES (42, 0, '2020-03-28', 67.75);
INSERT INTO `softwareengineering`.`diet` (`idDiet`, `idUser`, `idMeal`, `date`) VALUES (353, 0, 1, '2020-03-27');
INSERT INTO `softwareengineering`.`diet` (`idDiet`, `idUser`, `idMeal`, `date`) VALUES (354, 0, 4, '2020-03-27');
INSERT INTO `softwareengineering`.`diet` (`idDiet`, `idUser`, `idMeal`, `date`) VALUES (355, 0, 8, '2020-03-27');
INSERT INTO `softwareengineering`.`diet` (`idDiet`, `idUser`, `idMeal`, `date`) VALUES (356, 0, 29, '2020-03-27');
INSERT INTO `softwareengineering`.`diet` (`idDiet`, `idUser`, `idMeal`, `date`) VALUES (357, 0, 36, '2020-03-27');
INSERT INTO `softwareengineering`.`diet` (`idDiet`, `idUser`, `idMeal`, `date`) VALUES (358, 0, 32, '2020-03-27');
INSERT INTO `softwareengineering`.`diet` (`idDiet`, `idUser`, `idMeal`, `date`) VALUES (359, 0, 51, '2020-03-27');
INSERT INTO `softwareengineering`.`weighttracking` (`idWeightTracking`, `idUser`, `date`, `weight`) VALUES (43, 0, '2020-03-27', 67.87);
INSERT INTO `softwareengineering`.`diet` (`idDiet`, `idUser`, `idMeal`, `date`) VALUES (360, 0, 8, '2020-03-26');
INSERT INTO `softwareengineering`.`diet` (`idDiet`, `idUser`, `idMeal`, `date`) VALUES (361, 0, 22, '2020-03-26');
INSERT INTO `softwareengineering`.`diet` (`idDiet`, `idUser`, `idMeal`, `date`) VALUES (362, 0, 28, '2020-03-26');
INSERT INTO `softwareengineering`.`diet` (`idDiet`, `idUser`, `idMeal`, `date`) VALUES (363, 0, 24, '2020-03-26');
INSERT INTO `softwareengineering`.`diet` (`idDiet`, `idUser`, `idMeal`, `date`) VALUES (364, 0, 40, '2020-03-26');
INSERT INTO `softwareengineering`.`diet` (`idDiet`, `idUser`, `idMeal`, `date`) VALUES (365, 0, 30, '2020-03-26');
INSERT INTO `softwareengineering`.`diet` (`idDiet`, `idUser`, `idMeal`, `date`) VALUES (366, 0, 37, '2020-03-26');
INSERT INTO `softwareengineering`.`diet` (`idDiet`, `idUser`, `idMeal`, `date`) VALUES (367, 0, 51, '2020-03-26');
INSERT INTO `softwareengineering`.`diet` (`idDiet`, `idUser`, `idMeal`, `date`) VALUES (368, 0, 59, '2020-03-26');
INSERT INTO `softwareengineering`.`weighttracking` (`idWeightTracking`, `idUser`, `date`, `weight`) VALUES (44, 0, '2020-03-26', 67.91);
INSERT INTO `softwareengineering`.`exerciselink` (`idLink`, `idUser`, `idExerciseSession`, `date`) VALUES (40, 0, 21, '2020-03-25');
INSERT INTO `softwareengineering`.`exerciselink` (`idLink`, `idUser`, `idExerciseSession`, `date`) VALUES (41, 0, 18, '2020-03-25');
INSERT INTO `softwareengineering`.`diet` (`idDiet`, `idUser`, `idMeal`, `date`) VALUES (369, 0, 3, '2020-03-25');
INSERT INTO `softwareengineering`.`diet` (`idDiet`, `idUser`, `idMeal`, `date`) VALUES (370, 0, 27, '2020-03-25');
INSERT INTO `softwareengineering`.`diet` (`idDiet`, `idUser`, `idMeal`, `date`) VALUES (371, 0, 16, '2020-03-25');
INSERT INTO `softwareengineering`.`diet` (`idDiet`, `idUser`, `idMeal`, `date`) VALUES (372, 0, 42, '2020-03-25');
INSERT INTO `softwareengineering`.`diet` (`idDiet`, `idUser`, `idMeal`, `date`) VALUES (373, 0, 38, '2020-03-25');
INSERT INTO `softwareengineering`.`diet` (`idDiet`, `idUser`, `idMeal`, `date`) VALUES (374, 0, 52, '2020-03-25');
INSERT INTO `softwareengineering`.`diet` (`idDiet`, `idUser`, `idMeal`, `date`) VALUES (375, 0, 58, '2020-03-25');
INSERT INTO `softwareengineering`.`weighttracking` (`idWeightTracking`, `idUser`, `date`, `weight`) VALUES (45, 0, '2020-03-25', 68.19);
INSERT INTO `softwareengineering`.`exerciselink` (`idLink`, `idUser`, `idExerciseSession`, `date`) VALUES (42, 0, 7, '2020-03-24');
INSERT INTO `softwareengineering`.`diet` (`idDiet`, `idUser`, `idMeal`, `date`) VALUES (376, 0, 6, '2020-03-24');
INSERT INTO `softwareengineering`.`diet` (`idDiet`, `idUser`, `idMeal`, `date`) VALUES (377, 0, 22, '2020-03-24');
INSERT INTO `softwareengineering`.`diet` (`idDiet`, `idUser`, `idMeal`, `date`) VALUES (378, 0, 38, '2020-03-24');
INSERT INTO `softwareengineering`.`diet` (`idDiet`, `idUser`, `idMeal`, `date`) VALUES (379, 0, 43, '2020-03-24');
INSERT INTO `softwareengineering`.`diet` (`idDiet`, `idUser`, `idMeal`, `date`) VALUES (380, 0, 43, '2020-03-24');
INSERT INTO `softwareengineering`.`diet` (`idDiet`, `idUser`, `idMeal`, `date`) VALUES (381, 0, 56, '2020-03-24');
INSERT INTO `softwareengineering`.`diet` (`idDiet`, `idUser`, `idMeal`, `date`) VALUES (382, 0, 59, '2020-03-24');
INSERT INTO `softwareengineering`.`weighttracking` (`idWeightTracking`, `idUser`, `date`, `weight`) VALUES (46, 0, '2020-03-24', 68.28);
INSERT INTO `softwareengineering`.`exerciselink` (`idLink`, `idUser`, `idExerciseSession`, `date`) VALUES (43, 0, 3, '2020-03-23');
INSERT INTO `softwareengineering`.`diet` (`idDiet`, `idUser`, `idMeal`, `date`) VALUES (383, 0, 7, '2020-03-23');
INSERT INTO `softwareengineering`.`diet` (`idDiet`, `idUser`, `idMeal`, `date`) VALUES (384, 0, 19, '2020-03-23');
INSERT INTO `softwareengineering`.`diet` (`idDiet`, `idUser`, `idMeal`, `date`) VALUES (385, 0, 16, '2020-03-23');
INSERT INTO `softwareengineering`.`diet` (`idDiet`, `idUser`, `idMeal`, `date`) VALUES (386, 0, 34, '2020-03-23');
INSERT INTO `softwareengineering`.`diet` (`idDiet`, `idUser`, `idMeal`, `date`) VALUES (387, 0, 46, '2020-03-23');
INSERT INTO `softwareengineering`.`weighttracking` (`idWeightTracking`, `idUser`, `date`, `weight`) VALUES (47, 0, '2020-03-23', 68.49);
INSERT INTO `softwareengineering`.`diet` (`idDiet`, `idUser`, `idMeal`, `date`) VALUES (388, 0, 1, '2020-03-22');
INSERT INTO `softwareengineering`.`diet` (`idDiet`, `idUser`, `idMeal`, `date`) VALUES (389, 0, 5, '2020-03-22');
INSERT INTO `softwareengineering`.`diet` (`idDiet`, `idUser`, `idMeal`, `date`) VALUES (390, 0, 29, '2020-03-22');
INSERT INTO `softwareengineering`.`diet` (`idDiet`, `idUser`, `idMeal`, `date`) VALUES (391, 0, 29, '2020-03-22');
INSERT INTO `softwareengineering`.`diet` (`idDiet`, `idUser`, `idMeal`, `date`) VALUES (392, 0, 41, '2020-03-22');
INSERT INTO `softwareengineering`.`diet` (`idDiet`, `idUser`, `idMeal`, `date`) VALUES (393, 0, 38, '2020-03-22');
INSERT INTO `softwareengineering`.`diet` (`idDiet`, `idUser`, `idMeal`, `date`) VALUES (394, 0, 48, '2020-03-22');
INSERT INTO `softwareengineering`.`weighttracking` (`idWeightTracking`, `idUser`, `date`, `weight`) VALUES (48, 0, '2020-03-22', 68.65);
INSERT INTO `softwareengineering`.`diet` (`idDiet`, `idUser`, `idMeal`, `date`) VALUES (395, 0, 0, '2020-03-21');
INSERT INTO `softwareengineering`.`diet` (`idDiet`, `idUser`, `idMeal`, `date`) VALUES (396, 0, 6, '2020-03-21');
INSERT INTO `softwareengineering`.`diet` (`idDiet`, `idUser`, `idMeal`, `date`) VALUES (397, 0, 12, '2020-03-21');
INSERT INTO `softwareengineering`.`diet` (`idDiet`, `idUser`, `idMeal`, `date`) VALUES (398, 0, 21, '2020-03-21');
INSERT INTO `softwareengineering`.`diet` (`idDiet`, `idUser`, `idMeal`, `date`) VALUES (399, 0, 24, '2020-03-21');
INSERT INTO `softwareengineering`.`diet` (`idDiet`, `idUser`, `idMeal`, `date`) VALUES (400, 0, 25, '2020-03-21');
INSERT INTO `softwareengineering`.`diet` (`idDiet`, `idUser`, `idMeal`, `date`) VALUES (401, 0, 31, '2020-03-21');
INSERT INTO `softwareengineering`.`diet` (`idDiet`, `idUser`, `idMeal`, `date`) VALUES (402, 0, 44, '2020-03-21');
INSERT INTO `softwareengineering`.`diet` (`idDiet`, `idUser`, `idMeal`, `date`) VALUES (403, 0, 30, '2020-03-21');
INSERT INTO `softwareengineering`.`diet` (`idDiet`, `idUser`, `idMeal`, `date`) VALUES (404, 0, 56, '2020-03-21');
INSERT INTO `softwareengineering`.`diet` (`idDiet`, `idUser`, `idMeal`, `date`) VALUES (405, 0, 53, '2020-03-21');
INSERT INTO `softwareengineering`.`diet` (`idDiet`, `idUser`, `idMeal`, `date`) VALUES (406, 0, 57, '2020-03-21');
INSERT INTO `softwareengineering`.`weighttracking` (`idWeightTracking`, `idUser`, `date`, `weight`) VALUES (49, 0, '2020-03-21', 68.82);
INSERT INTO `softwareengineering`.`exerciselink` (`idLink`, `idUser`, `idExerciseSession`, `date`) VALUES (44, 0, 5, '2020-03-20');
INSERT INTO `softwareengineering`.`diet` (`idDiet`, `idUser`, `idMeal`, `date`) VALUES (407, 0, 10, '2020-03-20');
INSERT INTO `softwareengineering`.`diet` (`idDiet`, `idUser`, `idMeal`, `date`) VALUES (408, 0, 8, '2020-03-20');
INSERT INTO `softwareengineering`.`diet` (`idDiet`, `idUser`, `idMeal`, `date`) VALUES (409, 0, 28, '2020-03-20');
INSERT INTO `softwareengineering`.`diet` (`idDiet`, `idUser`, `idMeal`, `date`) VALUES (410, 0, 19, '2020-03-20');
INSERT INTO `softwareengineering`.`diet` (`idDiet`, `idUser`, `idMeal`, `date`) VALUES (411, 0, 23, '2020-03-20');
INSERT INTO `softwareengineering`.`diet` (`idDiet`, `idUser`, `idMeal`, `date`) VALUES (412, 0, 44, '2020-03-20');
INSERT INTO `softwareengineering`.`diet` (`idDiet`, `idUser`, `idMeal`, `date`) VALUES (413, 0, 33, '2020-03-20');
INSERT INTO `softwareengineering`.`diet` (`idDiet`, `idUser`, `idMeal`, `date`) VALUES (414, 0, 38, '2020-03-20');
INSERT INTO `softwareengineering`.`diet` (`idDiet`, `idUser`, `idMeal`, `date`) VALUES (415, 0, 58, '2020-03-20');
INSERT INTO `softwareengineering`.`weighttracking` (`idWeightTracking`, `idUser`, `date`, `weight`) VALUES (50, 0, '2020-03-20', 68.72);
INSERT INTO `softwareengineering`.`exerciselink` (`idLink`, `idUser`, `idExerciseSession`, `date`) VALUES (45, 0, 6, '2020-03-19');
INSERT INTO `softwareengineering`.`diet` (`idDiet`, `idUser`, `idMeal`, `date`) VALUES (416, 0, 3, '2020-03-19');
INSERT INTO `softwareengineering`.`diet` (`idDiet`, `idUser`, `idMeal`, `date`) VALUES (417, 0, 3, '2020-03-19');
INSERT INTO `softwareengineering`.`diet` (`idDiet`, `idUser`, `idMeal`, `date`) VALUES (418, 0, 4, '2020-03-19');
INSERT INTO `softwareengineering`.`diet` (`idDiet`, `idUser`, `idMeal`, `date`) VALUES (419, 0, 23, '2020-03-19');
INSERT INTO `softwareengineering`.`diet` (`idDiet`, `idUser`, `idMeal`, `date`) VALUES (420, 0, 44, '2020-03-19');
INSERT INTO `softwareengineering`.`diet` (`idDiet`, `idUser`, `idMeal`, `date`) VALUES (421, 0, 35, '2020-03-19');
INSERT INTO `softwareengineering`.`diet` (`idDiet`, `idUser`, `idMeal`, `date`) VALUES (422, 0, 53, '2020-03-19');
INSERT INTO `softwareengineering`.`diet` (`idDiet`, `idUser`, `idMeal`, `date`) VALUES (423, 0, 56, '2020-03-19');
INSERT INTO `softwareengineering`.`diet` (`idDiet`, `idUser`, `idMeal`, `date`) VALUES (424, 0, 56, '2020-03-19');
INSERT INTO `softwareengineering`.`weighttracking` (`idWeightTracking`, `idUser`, `date`, `weight`) VALUES (51, 0, '2020-03-19', 68.56);
INSERT INTO `softwareengineering`.`exerciselink` (`idLink`, `idUser`, `idExerciseSession`, `date`) VALUES (46, 0, 19, '2020-03-18');
INSERT INTO `softwareengineering`.`diet` (`idDiet`, `idUser`, `idMeal`, `date`) VALUES (425, 0, 11, '2020-03-18');
INSERT INTO `softwareengineering`.`diet` (`idDiet`, `idUser`, `idMeal`, `date`) VALUES (426, 0, 6, '2020-03-18');
INSERT INTO `softwareengineering`.`diet` (`idDiet`, `idUser`, `idMeal`, `date`) VALUES (427, 0, 27, '2020-03-18');
INSERT INTO `softwareengineering`.`diet` (`idDiet`, `idUser`, `idMeal`, `date`) VALUES (428, 0, 26, '2020-03-18');
INSERT INTO `softwareengineering`.`diet` (`idDiet`, `idUser`, `idMeal`, `date`) VALUES (429, 0, 28, '2020-03-18');
INSERT INTO `softwareengineering`.`diet` (`idDiet`, `idUser`, `idMeal`, `date`) VALUES (430, 0, 39, '2020-03-18');
INSERT INTO `softwareengineering`.`diet` (`idDiet`, `idUser`, `idMeal`, `date`) VALUES (431, 0, 37, '2020-03-18');
INSERT INTO `softwareengineering`.`diet` (`idDiet`, `idUser`, `idMeal`, `date`) VALUES (432, 0, 30, '2020-03-18');
INSERT INTO `softwareengineering`.`diet` (`idDiet`, `idUser`, `idMeal`, `date`) VALUES (433, 0, 45, '2020-03-18');
INSERT INTO `softwareengineering`.`weighttracking` (`idWeightTracking`, `idUser`, `date`, `weight`) VALUES (52, 0, '2020-03-18', 68.79);
INSERT INTO `softwareengineering`.`exerciselink` (`idLink`, `idUser`, `idExerciseSession`, `date`) VALUES (47, 0, 15, '2020-03-17');
INSERT INTO `softwareengineering`.`exerciselink` (`idLink`, `idUser`, `idExerciseSession`, `date`) VALUES (48, 0, 5, '2020-03-17');
INSERT INTO `softwareengineering`.`diet` (`idDiet`, `idUser`, `idMeal`, `date`) VALUES (434, 0, 14, '2020-03-17');
INSERT INTO `softwareengineering`.`diet` (`idDiet`, `idUser`, `idMeal`, `date`) VALUES (435, 0, 5, '2020-03-17');
INSERT INTO `softwareengineering`.`diet` (`idDiet`, `idUser`, `idMeal`, `date`) VALUES (436, 0, 9, '2020-03-17');
INSERT INTO `softwareengineering`.`diet` (`idDiet`, `idUser`, `idMeal`, `date`) VALUES (437, 0, 19, '2020-03-17');
INSERT INTO `softwareengineering`.`diet` (`idDiet`, `idUser`, `idMeal`, `date`) VALUES (438, 0, 19, '2020-03-17');
INSERT INTO `softwareengineering`.`diet` (`idDiet`, `idUser`, `idMeal`, `date`) VALUES (439, 0, 17, '2020-03-17');
INSERT INTO `softwareengineering`.`diet` (`idDiet`, `idUser`, `idMeal`, `date`) VALUES (440, 0, 41, '2020-03-17');
INSERT INTO `softwareengineering`.`diet` (`idDiet`, `idUser`, `idMeal`, `date`) VALUES (441, 0, 35, '2020-03-17');
INSERT INTO `softwareengineering`.`diet` (`idDiet`, `idUser`, `idMeal`, `date`) VALUES (442, 0, 39, '2020-03-17');
INSERT INTO `softwareengineering`.`diet` (`idDiet`, `idUser`, `idMeal`, `date`) VALUES (443, 0, 56, '2020-03-17');
INSERT INTO `softwareengineering`.`diet` (`idDiet`, `idUser`, `idMeal`, `date`) VALUES (444, 0, 48, '2020-03-17');
INSERT INTO `softwareengineering`.`diet` (`idDiet`, `idUser`, `idMeal`, `date`) VALUES (445, 0, 51, '2020-03-17');
INSERT INTO `softwareengineering`.`weighttracking` (`idWeightTracking`, `idUser`, `date`, `weight`) VALUES (53, 0, '2020-03-17', 69.06);
INSERT INTO `softwareengineering`.`exerciselink` (`idLink`, `idUser`, `idExerciseSession`, `date`) VALUES (49, 0, 16, '2020-03-16');
INSERT INTO `softwareengineering`.`exerciselink` (`idLink`, `idUser`, `idExerciseSession`, `date`) VALUES (50, 0, 5, '2020-03-16');
INSERT INTO `softwareengineering`.`diet` (`idDiet`, `idUser`, `idMeal`, `date`) VALUES (446, 0, 6, '2020-03-16');
INSERT INTO `softwareengineering`.`diet` (`idDiet`, `idUser`, `idMeal`, `date`) VALUES (447, 0, 6, '2020-03-16');
INSERT INTO `softwareengineering`.`diet` (`idDiet`, `idUser`, `idMeal`, `date`) VALUES (448, 0, 23, '2020-03-16');
INSERT INTO `softwareengineering`.`diet` (`idDiet`, `idUser`, `idMeal`, `date`) VALUES (449, 0, 18, '2020-03-16');
INSERT INTO `softwareengineering`.`diet` (`idDiet`, `idUser`, `idMeal`, `date`) VALUES (450, 0, 31, '2020-03-16');
INSERT INTO `softwareengineering`.`diet` (`idDiet`, `idUser`, `idMeal`, `date`) VALUES (451, 0, 44, '2020-03-16');
INSERT INTO `softwareengineering`.`diet` (`idDiet`, `idUser`, `idMeal`, `date`) VALUES (452, 0, 56, '2020-03-16');
INSERT INTO `softwareengineering`.`diet` (`idDiet`, `idUser`, `idMeal`, `date`) VALUES (453, 0, 52, '2020-03-16');
INSERT INTO `softwareengineering`.`diet` (`idDiet`, `idUser`, `idMeal`, `date`) VALUES (454, 0, 48, '2020-03-16');
INSERT INTO `softwareengineering`.`weighttracking` (`idWeightTracking`, `idUser`, `date`, `weight`) VALUES (54, 0, '2020-03-16', 69.16);
INSERT INTO `softwareengineering`.`exerciselink` (`idLink`, `idUser`, `idExerciseSession`, `date`) VALUES (51, 0, 23, '2020-03-15');
INSERT INTO `softwareengineering`.`diet` (`idDiet`, `idUser`, `idMeal`, `date`) VALUES (455, 0, 12, '2020-03-15');
INSERT INTO `softwareengineering`.`diet` (`idDiet`, `idUser`, `idMeal`, `date`) VALUES (456, 0, 11, '2020-03-15');
INSERT INTO `softwareengineering`.`diet` (`idDiet`, `idUser`, `idMeal`, `date`) VALUES (457, 0, 8, '2020-03-15');
INSERT INTO `softwareengineering`.`diet` (`idDiet`, `idUser`, `idMeal`, `date`) VALUES (458, 0, 21, '2020-03-15');
INSERT INTO `softwareengineering`.`diet` (`idDiet`, `idUser`, `idMeal`, `date`) VALUES (459, 0, 22, '2020-03-15');
INSERT INTO `softwareengineering`.`diet` (`idDiet`, `idUser`, `idMeal`, `date`) VALUES (460, 0, 43, '2020-03-15');
INSERT INTO `softwareengineering`.`diet` (`idDiet`, `idUser`, `idMeal`, `date`) VALUES (461, 0, 52, '2020-03-15');
INSERT INTO `softwareengineering`.`diet` (`idDiet`, `idUser`, `idMeal`, `date`) VALUES (462, 0, 58, '2020-03-15');
INSERT INTO `softwareengineering`.`weighttracking` (`idWeightTracking`, `idUser`, `date`, `weight`) VALUES (55, 0, '2020-03-15', 69.21);
INSERT INTO `softwareengineering`.`user` (`idUser`, `forename`, `surname`, `email`, `username`, `password`, `DOB`, `height`, `gender`, `weight`, `calories`) VALUES (1, 'Janice', 'Frey', 'Janice.Frey@gmail.com', 'JaniceFrey', 'wmi5bVbTY03seUX75IhFdQ==', '1995-06-08' , 172, 'F', 72.63, 1520);
INSERT INTO `softwareengineering`.`diet` (`idDiet`, `idUser`, `idMeal`, `date`) VALUES (463, 1, 8, '2020-05-09');
INSERT INTO `softwareengineering`.`diet` (`idDiet`, `idUser`, `idMeal`, `date`) VALUES (464, 1, 20, '2020-05-09');
INSERT INTO `softwareengineering`.`diet` (`idDiet`, `idUser`, `idMeal`, `date`) VALUES (465, 1, 29, '2020-05-09');
INSERT INTO `softwareengineering`.`diet` (`idDiet`, `idUser`, `idMeal`, `date`) VALUES (466, 1, 15, '2020-05-09');
INSERT INTO `softwareengineering`.`diet` (`idDiet`, `idUser`, `idMeal`, `date`) VALUES (467, 1, 42, '2020-05-09');
INSERT INTO `softwareengineering`.`diet` (`idDiet`, `idUser`, `idMeal`, `date`) VALUES (468, 1, 39, '2020-05-09');
INSERT INTO `softwareengineering`.`diet` (`idDiet`, `idUser`, `idMeal`, `date`) VALUES (469, 1, 50, '2020-05-09');
INSERT INTO `softwareengineering`.`diet` (`idDiet`, `idUser`, `idMeal`, `date`) VALUES (470, 1, 45, '2020-05-09');
INSERT INTO `softwareengineering`.`weighttracking` (`idWeightTracking`, `idUser`, `date`, `weight`) VALUES (56, 1, '2020-05-09', 72.68);
INSERT INTO `softwareengineering`.`diet` (`idDiet`, `idUser`, `idMeal`, `date`) VALUES (471, 1, 9, '2020-05-08');
INSERT INTO `softwareengineering`.`diet` (`idDiet`, `idUser`, `idMeal`, `date`) VALUES (472, 1, 1, '2020-05-08');
INSERT INTO `softwareengineering`.`diet` (`idDiet`, `idUser`, `idMeal`, `date`) VALUES (473, 1, 11, '2020-05-08');
INSERT INTO `softwareengineering`.`diet` (`idDiet`, `idUser`, `idMeal`, `date`) VALUES (474, 1, 15, '2020-05-08');
INSERT INTO `softwareengineering`.`diet` (`idDiet`, `idUser`, `idMeal`, `date`) VALUES (475, 1, 19, '2020-05-08');
INSERT INTO `softwareengineering`.`diet` (`idDiet`, `idUser`, `idMeal`, `date`) VALUES (476, 1, 37, '2020-05-08');
INSERT INTO `softwareengineering`.`diet` (`idDiet`, `idUser`, `idMeal`, `date`) VALUES (477, 1, 31, '2020-05-08');
INSERT INTO `softwareengineering`.`diet` (`idDiet`, `idUser`, `idMeal`, `date`) VALUES (478, 1, 49, '2020-05-08');
INSERT INTO `softwareengineering`.`diet` (`idDiet`, `idUser`, `idMeal`, `date`) VALUES (479, 1, 56, '2020-05-08');
INSERT INTO `softwareengineering`.`diet` (`idDiet`, `idUser`, `idMeal`, `date`) VALUES (480, 1, 52, '2020-05-08');
INSERT INTO `softwareengineering`.`weighttracking` (`idWeightTracking`, `idUser`, `date`, `weight`) VALUES (57, 1, '2020-05-08', 72.87);
INSERT INTO `softwareengineering`.`exerciselink` (`idLink`, `idUser`, `idExerciseSession`, `date`) VALUES (52, 1, 4, '2020-05-07');
INSERT INTO `softwareengineering`.`exerciselink` (`idLink`, `idUser`, `idExerciseSession`, `date`) VALUES (53, 1, 17, '2020-05-07');
INSERT INTO `softwareengineering`.`diet` (`idDiet`, `idUser`, `idMeal`, `date`) VALUES (481, 1, 10, '2020-05-07');
INSERT INTO `softwareengineering`.`diet` (`idDiet`, `idUser`, `idMeal`, `date`) VALUES (482, 1, 11, '2020-05-07');
INSERT INTO `softwareengineering`.`diet` (`idDiet`, `idUser`, `idMeal`, `date`) VALUES (483, 1, 27, '2020-05-07');
INSERT INTO `softwareengineering`.`diet` (`idDiet`, `idUser`, `idMeal`, `date`) VALUES (484, 1, 42, '2020-05-07');
INSERT INTO `softwareengineering`.`diet` (`idDiet`, `idUser`, `idMeal`, `date`) VALUES (485, 1, 40, '2020-05-07');
INSERT INTO `softwareengineering`.`diet` (`idDiet`, `idUser`, `idMeal`, `date`) VALUES (486, 1, 58, '2020-05-07');
INSERT INTO `softwareengineering`.`diet` (`idDiet`, `idUser`, `idMeal`, `date`) VALUES (487, 1, 57, '2020-05-07');
INSERT INTO `softwareengineering`.`weighttracking` (`idWeightTracking`, `idUser`, `date`, `weight`) VALUES (58, 1, '2020-05-07', 73.15);
INSERT INTO `softwareengineering`.`exerciselink` (`idLink`, `idUser`, `idExerciseSession`, `date`) VALUES (54, 1, 15, '2020-05-06');
INSERT INTO `softwareengineering`.`diet` (`idDiet`, `idUser`, `idMeal`, `date`) VALUES (488, 1, 2, '2020-05-06');
INSERT INTO `softwareengineering`.`diet` (`idDiet`, `idUser`, `idMeal`, `date`) VALUES (489, 1, 22, '2020-05-06');
INSERT INTO `softwareengineering`.`diet` (`idDiet`, `idUser`, `idMeal`, `date`) VALUES (490, 1, 25, '2020-05-06');
INSERT INTO `softwareengineering`.`diet` (`idDiet`, `idUser`, `idMeal`, `date`) VALUES (491, 1, 19, '2020-05-06');
INSERT INTO `softwareengineering`.`diet` (`idDiet`, `idUser`, `idMeal`, `date`) VALUES (492, 1, 39, '2020-05-06');
INSERT INTO `softwareengineering`.`diet` (`idDiet`, `idUser`, `idMeal`, `date`) VALUES (493, 1, 37, '2020-05-06');
INSERT INTO `softwareengineering`.`diet` (`idDiet`, `idUser`, `idMeal`, `date`) VALUES (494, 1, 59, '2020-05-06');
INSERT INTO `softwareengineering`.`diet` (`idDiet`, `idUser`, `idMeal`, `date`) VALUES (495, 1, 46, '2020-05-06');
INSERT INTO `softwareengineering`.`diet` (`idDiet`, `idUser`, `idMeal`, `date`) VALUES (496, 1, 48, '2020-05-06');
INSERT INTO `softwareengineering`.`weighttracking` (`idWeightTracking`, `idUser`, `date`, `weight`) VALUES (59, 1, '2020-05-06', 73.14);
INSERT INTO `softwareengineering`.`exerciselink` (`idLink`, `idUser`, `idExerciseSession`, `date`) VALUES (55, 1, 12, '2020-05-05');
INSERT INTO `softwareengineering`.`diet` (`idDiet`, `idUser`, `idMeal`, `date`) VALUES (497, 1, 1, '2020-05-05');
INSERT INTO `softwareengineering`.`diet` (`idDiet`, `idUser`, `idMeal`, `date`) VALUES (498, 1, 25, '2020-05-05');
INSERT INTO `softwareengineering`.`diet` (`idDiet`, `idUser`, `idMeal`, `date`) VALUES (499, 1, 32, '2020-05-05');
INSERT INTO `softwareengineering`.`diet` (`idDiet`, `idUser`, `idMeal`, `date`) VALUES (500, 1, 34, '2020-05-05');
INSERT INTO `softwareengineering`.`diet` (`idDiet`, `idUser`, `idMeal`, `date`) VALUES (501, 1, 57, '2020-05-05');
INSERT INTO `softwareengineering`.`diet` (`idDiet`, `idUser`, `idMeal`, `date`) VALUES (502, 1, 51, '2020-05-05');
INSERT INTO `softwareengineering`.`weighttracking` (`idWeightTracking`, `idUser`, `date`, `weight`) VALUES (60, 1, '2020-05-05', 73.41);
INSERT INTO `softwareengineering`.`exerciselink` (`idLink`, `idUser`, `idExerciseSession`, `date`) VALUES (56, 1, 4, '2020-05-04');
INSERT INTO `softwareengineering`.`exerciselink` (`idLink`, `idUser`, `idExerciseSession`, `date`) VALUES (57, 1, 3, '2020-05-04');
INSERT INTO `softwareengineering`.`diet` (`idDiet`, `idUser`, `idMeal`, `date`) VALUES (503, 1, 0, '2020-05-04');
INSERT INTO `softwareengineering`.`diet` (`idDiet`, `idUser`, `idMeal`, `date`) VALUES (504, 1, 12, '2020-05-04');
INSERT INTO `softwareengineering`.`diet` (`idDiet`, `idUser`, `idMeal`, `date`) VALUES (505, 1, 1, '2020-05-04');
INSERT INTO `softwareengineering`.`diet` (`idDiet`, `idUser`, `idMeal`, `date`) VALUES (506, 1, 15, '2020-05-04');
INSERT INTO `softwareengineering`.`diet` (`idDiet`, `idUser`, `idMeal`, `date`) VALUES (507, 1, 30, '2020-05-04');
INSERT INTO `softwareengineering`.`diet` (`idDiet`, `idUser`, `idMeal`, `date`) VALUES (508, 1, 44, '2020-05-04');
INSERT INTO `softwareengineering`.`diet` (`idDiet`, `idUser`, `idMeal`, `date`) VALUES (509, 1, 58, '2020-05-04');
INSERT INTO `softwareengineering`.`weighttracking` (`idWeightTracking`, `idUser`, `date`, `weight`) VALUES (61, 1, '2020-05-04', 73.6);
INSERT INTO `softwareengineering`.`diet` (`idDiet`, `idUser`, `idMeal`, `date`) VALUES (510, 1, 13, '2020-05-03');
INSERT INTO `softwareengineering`.`diet` (`idDiet`, `idUser`, `idMeal`, `date`) VALUES (511, 1, 8, '2020-05-03');
INSERT INTO `softwareengineering`.`diet` (`idDiet`, `idUser`, `idMeal`, `date`) VALUES (512, 1, 17, '2020-05-03');
INSERT INTO `softwareengineering`.`diet` (`idDiet`, `idUser`, `idMeal`, `date`) VALUES (513, 1, 31, '2020-05-03');
INSERT INTO `softwareengineering`.`diet` (`idDiet`, `idUser`, `idMeal`, `date`) VALUES (514, 1, 53, '2020-05-03');
INSERT INTO `softwareengineering`.`diet` (`idDiet`, `idUser`, `idMeal`, `date`) VALUES (515, 1, 58, '2020-05-03');
INSERT INTO `softwareengineering`.`diet` (`idDiet`, `idUser`, `idMeal`, `date`) VALUES (516, 1, 53, '2020-05-03');
INSERT INTO `softwareengineering`.`weighttracking` (`idWeightTracking`, `idUser`, `date`, `weight`) VALUES (62, 1, '2020-05-03', 73.6);
INSERT INTO `softwareengineering`.`exerciselink` (`idLink`, `idUser`, `idExerciseSession`, `date`) VALUES (58, 1, 7, '2020-05-02');
INSERT INTO `softwareengineering`.`exerciselink` (`idLink`, `idUser`, `idExerciseSession`, `date`) VALUES (59, 1, 7, '2020-05-02');
INSERT INTO `softwareengineering`.`diet` (`idDiet`, `idUser`, `idMeal`, `date`) VALUES (517, 1, 13, '2020-05-02');
INSERT INTO `softwareengineering`.`diet` (`idDiet`, `idUser`, `idMeal`, `date`) VALUES (518, 1, 29, '2020-05-02');
INSERT INTO `softwareengineering`.`diet` (`idDiet`, `idUser`, `idMeal`, `date`) VALUES (519, 1, 34, '2020-05-02');
INSERT INTO `softwareengineering`.`diet` (`idDiet`, `idUser`, `idMeal`, `date`) VALUES (520, 1, 42, '2020-05-02');
INSERT INTO `softwareengineering`.`diet` (`idDiet`, `idUser`, `idMeal`, `date`) VALUES (521, 1, 33, '2020-05-02');
INSERT INTO `softwareengineering`.`diet` (`idDiet`, `idUser`, `idMeal`, `date`) VALUES (522, 1, 54, '2020-05-02');
INSERT INTO `softwareengineering`.`diet` (`idDiet`, `idUser`, `idMeal`, `date`) VALUES (523, 1, 47, '2020-05-02');
INSERT INTO `softwareengineering`.`weighttracking` (`idWeightTracking`, `idUser`, `date`, `weight`) VALUES (63, 1, '2020-05-02', 73.57);
INSERT INTO `softwareengineering`.`exerciselink` (`idLink`, `idUser`, `idExerciseSession`, `date`) VALUES (60, 1, 11, '2020-05-01');
INSERT INTO `softwareengineering`.`exerciselink` (`idLink`, `idUser`, `idExerciseSession`, `date`) VALUES (61, 1, 17, '2020-05-01');
INSERT INTO `softwareengineering`.`diet` (`idDiet`, `idUser`, `idMeal`, `date`) VALUES (524, 1, 3, '2020-05-01');
INSERT INTO `softwareengineering`.`diet` (`idDiet`, `idUser`, `idMeal`, `date`) VALUES (525, 1, 9, '2020-05-01');
INSERT INTO `softwareengineering`.`diet` (`idDiet`, `idUser`, `idMeal`, `date`) VALUES (526, 1, 28, '2020-05-01');
INSERT INTO `softwareengineering`.`diet` (`idDiet`, `idUser`, `idMeal`, `date`) VALUES (527, 1, 21, '2020-05-01');
INSERT INTO `softwareengineering`.`diet` (`idDiet`, `idUser`, `idMeal`, `date`) VALUES (528, 1, 21, '2020-05-01');
INSERT INTO `softwareengineering`.`diet` (`idDiet`, `idUser`, `idMeal`, `date`) VALUES (529, 1, 37, '2020-05-01');
INSERT INTO `softwareengineering`.`diet` (`idDiet`, `idUser`, `idMeal`, `date`) VALUES (530, 1, 33, '2020-05-01');
INSERT INTO `softwareengineering`.`diet` (`idDiet`, `idUser`, `idMeal`, `date`) VALUES (531, 1, 32, '2020-05-01');
INSERT INTO `softwareengineering`.`diet` (`idDiet`, `idUser`, `idMeal`, `date`) VALUES (532, 1, 46, '2020-05-01');
INSERT INTO `softwareengineering`.`diet` (`idDiet`, `idUser`, `idMeal`, `date`) VALUES (533, 1, 54, '2020-05-01');
INSERT INTO `softwareengineering`.`diet` (`idDiet`, `idUser`, `idMeal`, `date`) VALUES (534, 1, 48, '2020-05-01');
INSERT INTO `softwareengineering`.`weighttracking` (`idWeightTracking`, `idUser`, `date`, `weight`) VALUES (64, 1, '2020-05-01', 73.73);
INSERT INTO `softwareengineering`.`exerciselink` (`idLink`, `idUser`, `idExerciseSession`, `date`) VALUES (62, 1, 10, '2020-04-30');
INSERT INTO `softwareengineering`.`exerciselink` (`idLink`, `idUser`, `idExerciseSession`, `date`) VALUES (63, 1, 3, '2020-04-30');
INSERT INTO `softwareengineering`.`diet` (`idDiet`, `idUser`, `idMeal`, `date`) VALUES (535, 1, 5, '2020-04-30');
INSERT INTO `softwareengineering`.`diet` (`idDiet`, `idUser`, `idMeal`, `date`) VALUES (536, 1, 2, '2020-04-30');
INSERT INTO `softwareengineering`.`diet` (`idDiet`, `idUser`, `idMeal`, `date`) VALUES (537, 1, 25, '2020-04-30');
INSERT INTO `softwareengineering`.`diet` (`idDiet`, `idUser`, `idMeal`, `date`) VALUES (538, 1, 27, '2020-04-30');
INSERT INTO `softwareengineering`.`diet` (`idDiet`, `idUser`, `idMeal`, `date`) VALUES (539, 1, 21, '2020-04-30');
INSERT INTO `softwareengineering`.`diet` (`idDiet`, `idUser`, `idMeal`, `date`) VALUES (540, 1, 41, '2020-04-30');
INSERT INTO `softwareengineering`.`diet` (`idDiet`, `idUser`, `idMeal`, `date`) VALUES (541, 1, 33, '2020-04-30');
INSERT INTO `softwareengineering`.`diet` (`idDiet`, `idUser`, `idMeal`, `date`) VALUES (542, 1, 48, '2020-04-30');
INSERT INTO `softwareengineering`.`diet` (`idDiet`, `idUser`, `idMeal`, `date`) VALUES (543, 1, 55, '2020-04-30');
INSERT INTO `softwareengineering`.`weighttracking` (`idWeightTracking`, `idUser`, `date`, `weight`) VALUES (65, 1, '2020-04-30', 73.59);
INSERT INTO `softwareengineering`.`exerciselink` (`idLink`, `idUser`, `idExerciseSession`, `date`) VALUES (64, 1, 5, '2020-04-29');
INSERT INTO `softwareengineering`.`exerciselink` (`idLink`, `idUser`, `idExerciseSession`, `date`) VALUES (65, 1, 17, '2020-04-29');
INSERT INTO `softwareengineering`.`diet` (`idDiet`, `idUser`, `idMeal`, `date`) VALUES (544, 1, 10, '2020-04-29');
INSERT INTO `softwareengineering`.`diet` (`idDiet`, `idUser`, `idMeal`, `date`) VALUES (545, 1, 10, '2020-04-29');
INSERT INTO `softwareengineering`.`diet` (`idDiet`, `idUser`, `idMeal`, `date`) VALUES (546, 1, 2, '2020-04-29');
INSERT INTO `softwareengineering`.`diet` (`idDiet`, `idUser`, `idMeal`, `date`) VALUES (547, 1, 23, '2020-04-29');
INSERT INTO `softwareengineering`.`diet` (`idDiet`, `idUser`, `idMeal`, `date`) VALUES (548, 1, 36, '2020-04-29');
INSERT INTO `softwareengineering`.`diet` (`idDiet`, `idUser`, `idMeal`, `date`) VALUES (549, 1, 39, '2020-04-29');
INSERT INTO `softwareengineering`.`diet` (`idDiet`, `idUser`, `idMeal`, `date`) VALUES (550, 1, 38, '2020-04-29');
INSERT INTO `softwareengineering`.`diet` (`idDiet`, `idUser`, `idMeal`, `date`) VALUES (551, 1, 48, '2020-04-29');
INSERT INTO `softwareengineering`.`diet` (`idDiet`, `idUser`, `idMeal`, `date`) VALUES (552, 1, 50, '2020-04-29');
INSERT INTO `softwareengineering`.`diet` (`idDiet`, `idUser`, `idMeal`, `date`) VALUES (553, 1, 51, '2020-04-29');
INSERT INTO `softwareengineering`.`weighttracking` (`idWeightTracking`, `idUser`, `date`, `weight`) VALUES (66, 1, '2020-04-29', 73.48);
INSERT INTO `softwareengineering`.`exerciselink` (`idLink`, `idUser`, `idExerciseSession`, `date`) VALUES (66, 1, 9, '2020-04-28');
INSERT INTO `softwareengineering`.`diet` (`idDiet`, `idUser`, `idMeal`, `date`) VALUES (554, 1, 0, '2020-04-28');
INSERT INTO `softwareengineering`.`diet` (`idDiet`, `idUser`, `idMeal`, `date`) VALUES (555, 1, 16, '2020-04-28');
INSERT INTO `softwareengineering`.`diet` (`idDiet`, `idUser`, `idMeal`, `date`) VALUES (556, 1, 29, '2020-04-28');
INSERT INTO `softwareengineering`.`diet` (`idDiet`, `idUser`, `idMeal`, `date`) VALUES (557, 1, 44, '2020-04-28');
INSERT INTO `softwareengineering`.`diet` (`idDiet`, `idUser`, `idMeal`, `date`) VALUES (558, 1, 59, '2020-04-28');
INSERT INTO `softwareengineering`.`diet` (`idDiet`, `idUser`, `idMeal`, `date`) VALUES (559, 1, 55, '2020-04-28');
INSERT INTO `softwareengineering`.`weighttracking` (`idWeightTracking`, `idUser`, `date`, `weight`) VALUES (67, 1, '2020-04-28', 73.33);
INSERT INTO `softwareengineering`.`exerciselink` (`idLink`, `idUser`, `idExerciseSession`, `date`) VALUES (67, 1, 8, '2020-04-27');
INSERT INTO `softwareengineering`.`diet` (`idDiet`, `idUser`, `idMeal`, `date`) VALUES (560, 1, 6, '2020-04-27');
INSERT INTO `softwareengineering`.`diet` (`idDiet`, `idUser`, `idMeal`, `date`) VALUES (561, 1, 3, '2020-04-27');
INSERT INTO `softwareengineering`.`diet` (`idDiet`, `idUser`, `idMeal`, `date`) VALUES (562, 1, 4, '2020-04-27');
INSERT INTO `softwareengineering`.`diet` (`idDiet`, `idUser`, `idMeal`, `date`) VALUES (563, 1, 29, '2020-04-27');
INSERT INTO `softwareengineering`.`diet` (`idDiet`, `idUser`, `idMeal`, `date`) VALUES (564, 1, 44, '2020-04-27');
INSERT INTO `softwareengineering`.`diet` (`idDiet`, `idUser`, `idMeal`, `date`) VALUES (565, 1, 50, '2020-04-27');
INSERT INTO `softwareengineering`.`diet` (`idDiet`, `idUser`, `idMeal`, `date`) VALUES (566, 1, 57, '2020-04-27');
INSERT INTO `softwareengineering`.`weighttracking` (`idWeightTracking`, `idUser`, `date`, `weight`) VALUES (68, 1, '2020-04-27', 73.53);
INSERT INTO `softwareengineering`.`exerciselink` (`idLink`, `idUser`, `idExerciseSession`, `date`) VALUES (68, 1, 12, '2020-04-26');
INSERT INTO `softwareengineering`.`exerciselink` (`idLink`, `idUser`, `idExerciseSession`, `date`) VALUES (69, 1, 21, '2020-04-26');
INSERT INTO `softwareengineering`.`diet` (`idDiet`, `idUser`, `idMeal`, `date`) VALUES (567, 1, 13, '2020-04-26');
INSERT INTO `softwareengineering`.`diet` (`idDiet`, `idUser`, `idMeal`, `date`) VALUES (568, 1, 5, '2020-04-26');
INSERT INTO `softwareengineering`.`diet` (`idDiet`, `idUser`, `idMeal`, `date`) VALUES (569, 1, 19, '2020-04-26');
INSERT INTO `softwareengineering`.`diet` (`idDiet`, `idUser`, `idMeal`, `date`) VALUES (570, 1, 23, '2020-04-26');
INSERT INTO `softwareengineering`.`diet` (`idDiet`, `idUser`, `idMeal`, `date`) VALUES (571, 1, 31, '2020-04-26');
INSERT INTO `softwareengineering`.`diet` (`idDiet`, `idUser`, `idMeal`, `date`) VALUES (572, 1, 44, '2020-04-26');
INSERT INTO `softwareengineering`.`diet` (`idDiet`, `idUser`, `idMeal`, `date`) VALUES (573, 1, 31, '2020-04-26');
INSERT INTO `softwareengineering`.`diet` (`idDiet`, `idUser`, `idMeal`, `date`) VALUES (574, 1, 46, '2020-04-26');
INSERT INTO `softwareengineering`.`diet` (`idDiet`, `idUser`, `idMeal`, `date`) VALUES (575, 1, 53, '2020-04-26');
INSERT INTO `softwareengineering`.`diet` (`idDiet`, `idUser`, `idMeal`, `date`) VALUES (576, 1, 45, '2020-04-26');
INSERT INTO `softwareengineering`.`weighttracking` (`idWeightTracking`, `idUser`, `date`, `weight`) VALUES (69, 1, '2020-04-26', 73.54);
INSERT INTO `softwareengineering`.`exerciselink` (`idLink`, `idUser`, `idExerciseSession`, `date`) VALUES (70, 1, 8, '2020-04-25');
INSERT INTO `softwareengineering`.`exerciselink` (`idLink`, `idUser`, `idExerciseSession`, `date`) VALUES (71, 1, 19, '2020-04-25');
INSERT INTO `softwareengineering`.`diet` (`idDiet`, `idUser`, `idMeal`, `date`) VALUES (577, 1, 3, '2020-04-25');
INSERT INTO `softwareengineering`.`diet` (`idDiet`, `idUser`, `idMeal`, `date`) VALUES (578, 1, 7, '2020-04-25');
INSERT INTO `softwareengineering`.`diet` (`idDiet`, `idUser`, `idMeal`, `date`) VALUES (579, 1, 17, '2020-04-25');
INSERT INTO `softwareengineering`.`diet` (`idDiet`, `idUser`, `idMeal`, `date`) VALUES (580, 1, 24, '2020-04-25');
INSERT INTO `softwareengineering`.`diet` (`idDiet`, `idUser`, `idMeal`, `date`) VALUES (581, 1, 19, '2020-04-25');
INSERT INTO `softwareengineering`.`diet` (`idDiet`, `idUser`, `idMeal`, `date`) VALUES (582, 1, 30, '2020-04-25');
INSERT INTO `softwareengineering`.`diet` (`idDiet`, `idUser`, `idMeal`, `date`) VALUES (583, 1, 35, '2020-04-25');
INSERT INTO `softwareengineering`.`diet` (`idDiet`, `idUser`, `idMeal`, `date`) VALUES (584, 1, 46, '2020-04-25');
INSERT INTO `softwareengineering`.`diet` (`idDiet`, `idUser`, `idMeal`, `date`) VALUES (585, 1, 58, '2020-04-25');
INSERT INTO `softwareengineering`.`diet` (`idDiet`, `idUser`, `idMeal`, `date`) VALUES (586, 1, 58, '2020-04-25');
INSERT INTO `softwareengineering`.`weighttracking` (`idWeightTracking`, `idUser`, `date`, `weight`) VALUES (70, 1, '2020-04-25', 73.78);
INSERT INTO `softwareengineering`.`exerciselink` (`idLink`, `idUser`, `idExerciseSession`, `date`) VALUES (72, 1, 17, '2020-04-24');
INSERT INTO `softwareengineering`.`exerciselink` (`idLink`, `idUser`, `idExerciseSession`, `date`) VALUES (73, 1, 1, '2020-04-24');
INSERT INTO `softwareengineering`.`diet` (`idDiet`, `idUser`, `idMeal`, `date`) VALUES (587, 1, 10, '2020-04-24');
INSERT INTO `softwareengineering`.`diet` (`idDiet`, `idUser`, `idMeal`, `date`) VALUES (588, 1, 12, '2020-04-24');
INSERT INTO `softwareengineering`.`diet` (`idDiet`, `idUser`, `idMeal`, `date`) VALUES (589, 1, 21, '2020-04-24');
INSERT INTO `softwareengineering`.`diet` (`idDiet`, `idUser`, `idMeal`, `date`) VALUES (590, 1, 24, '2020-04-24');
INSERT INTO `softwareengineering`.`diet` (`idDiet`, `idUser`, `idMeal`, `date`) VALUES (591, 1, 21, '2020-04-24');
INSERT INTO `softwareengineering`.`diet` (`idDiet`, `idUser`, `idMeal`, `date`) VALUES (592, 1, 44, '2020-04-24');
INSERT INTO `softwareengineering`.`diet` (`idDiet`, `idUser`, `idMeal`, `date`) VALUES (593, 1, 39, '2020-04-24');
INSERT INTO `softwareengineering`.`diet` (`idDiet`, `idUser`, `idMeal`, `date`) VALUES (594, 1, 45, '2020-04-24');
INSERT INTO `softwareengineering`.`diet` (`idDiet`, `idUser`, `idMeal`, `date`) VALUES (595, 1, 53, '2020-04-24');
INSERT INTO `softwareengineering`.`diet` (`idDiet`, `idUser`, `idMeal`, `date`) VALUES (596, 1, 49, '2020-04-24');
INSERT INTO `softwareengineering`.`weighttracking` (`idWeightTracking`, `idUser`, `date`, `weight`) VALUES (71, 1, '2020-04-24', 73.86);
INSERT INTO `softwareengineering`.`diet` (`idDiet`, `idUser`, `idMeal`, `date`) VALUES (597, 1, 6, '2020-04-23');
INSERT INTO `softwareengineering`.`diet` (`idDiet`, `idUser`, `idMeal`, `date`) VALUES (598, 1, 13, '2020-04-23');
INSERT INTO `softwareengineering`.`diet` (`idDiet`, `idUser`, `idMeal`, `date`) VALUES (599, 1, 10, '2020-04-23');
INSERT INTO `softwareengineering`.`diet` (`idDiet`, `idUser`, `idMeal`, `date`) VALUES (600, 1, 27, '2020-04-23');
INSERT INTO `softwareengineering`.`diet` (`idDiet`, `idUser`, `idMeal`, `date`) VALUES (601, 1, 20, '2020-04-23');
INSERT INTO `softwareengineering`.`diet` (`idDiet`, `idUser`, `idMeal`, `date`) VALUES (602, 1, 42, '2020-04-23');
INSERT INTO `softwareengineering`.`diet` (`idDiet`, `idUser`, `idMeal`, `date`) VALUES (603, 1, 48, '2020-04-23');
INSERT INTO `softwareengineering`.`diet` (`idDiet`, `idUser`, `idMeal`, `date`) VALUES (604, 1, 48, '2020-04-23');
INSERT INTO `softwareengineering`.`weighttracking` (`idWeightTracking`, `idUser`, `date`, `weight`) VALUES (72, 1, '2020-04-23', 74.12);
INSERT INTO `softwareengineering`.`exerciselink` (`idLink`, `idUser`, `idExerciseSession`, `date`) VALUES (74, 1, 16, '2020-04-22');
INSERT INTO `softwareengineering`.`diet` (`idDiet`, `idUser`, `idMeal`, `date`) VALUES (605, 1, 1, '2020-04-22');
INSERT INTO `softwareengineering`.`diet` (`idDiet`, `idUser`, `idMeal`, `date`) VALUES (606, 1, 6, '2020-04-22');
INSERT INTO `softwareengineering`.`diet` (`idDiet`, `idUser`, `idMeal`, `date`) VALUES (607, 1, 23, '2020-04-22');
INSERT INTO `softwareengineering`.`diet` (`idDiet`, `idUser`, `idMeal`, `date`) VALUES (608, 1, 18, '2020-04-22');
INSERT INTO `softwareengineering`.`diet` (`idDiet`, `idUser`, `idMeal`, `date`) VALUES (609, 1, 37, '2020-04-22');
INSERT INTO `softwareengineering`.`diet` (`idDiet`, `idUser`, `idMeal`, `date`) VALUES (610, 1, 40, '2020-04-22');
INSERT INTO `softwareengineering`.`diet` (`idDiet`, `idUser`, `idMeal`, `date`) VALUES (611, 1, 36, '2020-04-22');
INSERT INTO `softwareengineering`.`diet` (`idDiet`, `idUser`, `idMeal`, `date`) VALUES (612, 1, 48, '2020-04-22');
INSERT INTO `softwareengineering`.`diet` (`idDiet`, `idUser`, `idMeal`, `date`) VALUES (613, 1, 47, '2020-04-22');
INSERT INTO `softwareengineering`.`weighttracking` (`idWeightTracking`, `idUser`, `date`, `weight`) VALUES (73, 1, '2020-04-22', 73.93);
INSERT INTO `softwareengineering`.`exerciselink` (`idLink`, `idUser`, `idExerciseSession`, `date`) VALUES (75, 1, 16, '2020-04-21');
INSERT INTO `softwareengineering`.`diet` (`idDiet`, `idUser`, `idMeal`, `date`) VALUES (614, 1, 13, '2020-04-21');
INSERT INTO `softwareengineering`.`diet` (`idDiet`, `idUser`, `idMeal`, `date`) VALUES (615, 1, 5, '2020-04-21');
INSERT INTO `softwareengineering`.`diet` (`idDiet`, `idUser`, `idMeal`, `date`) VALUES (616, 1, 12, '2020-04-21');
INSERT INTO `softwareengineering`.`diet` (`idDiet`, `idUser`, `idMeal`, `date`) VALUES (617, 1, 18, '2020-04-21');
INSERT INTO `softwareengineering`.`diet` (`idDiet`, `idUser`, `idMeal`, `date`) VALUES (618, 1, 21, '2020-04-21');
INSERT INTO `softwareengineering`.`diet` (`idDiet`, `idUser`, `idMeal`, `date`) VALUES (619, 1, 15, '2020-04-21');
INSERT INTO `softwareengineering`.`diet` (`idDiet`, `idUser`, `idMeal`, `date`) VALUES (620, 1, 35, '2020-04-21');
INSERT INTO `softwareengineering`.`diet` (`idDiet`, `idUser`, `idMeal`, `date`) VALUES (621, 1, 36, '2020-04-21');
INSERT INTO `softwareengineering`.`diet` (`idDiet`, `idUser`, `idMeal`, `date`) VALUES (622, 1, 31, '2020-04-21');
INSERT INTO `softwareengineering`.`diet` (`idDiet`, `idUser`, `idMeal`, `date`) VALUES (623, 1, 51, '2020-04-21');
INSERT INTO `softwareengineering`.`diet` (`idDiet`, `idUser`, `idMeal`, `date`) VALUES (624, 1, 57, '2020-04-21');
INSERT INTO `softwareengineering`.`weighttracking` (`idWeightTracking`, `idUser`, `date`, `weight`) VALUES (74, 1, '2020-04-21', 74.08);
INSERT INTO `softwareengineering`.`exerciselink` (`idLink`, `idUser`, `idExerciseSession`, `date`) VALUES (76, 1, 9, '2020-04-20');
INSERT INTO `softwareengineering`.`exerciselink` (`idLink`, `idUser`, `idExerciseSession`, `date`) VALUES (77, 1, 11, '2020-04-20');
INSERT INTO `softwareengineering`.`diet` (`idDiet`, `idUser`, `idMeal`, `date`) VALUES (625, 1, 8, '2020-04-20');
INSERT INTO `softwareengineering`.`diet` (`idDiet`, `idUser`, `idMeal`, `date`) VALUES (626, 1, 11, '2020-04-20');
INSERT INTO `softwareengineering`.`diet` (`idDiet`, `idUser`, `idMeal`, `date`) VALUES (627, 1, 4, '2020-04-20');
INSERT INTO `softwareengineering`.`diet` (`idDiet`, `idUser`, `idMeal`, `date`) VALUES (628, 1, 28, '2020-04-20');
INSERT INTO `softwareengineering`.`diet` (`idDiet`, `idUser`, `idMeal`, `date`) VALUES (629, 1, 26, '2020-04-20');
INSERT INTO `softwareengineering`.`diet` (`idDiet`, `idUser`, `idMeal`, `date`) VALUES (630, 1, 25, '2020-04-20');
INSERT INTO `softwareengineering`.`diet` (`idDiet`, `idUser`, `idMeal`, `date`) VALUES (631, 1, 33, '2020-04-20');
INSERT INTO `softwareengineering`.`diet` (`idDiet`, `idUser`, `idMeal`, `date`) VALUES (632, 1, 43, '2020-04-20');
INSERT INTO `softwareengineering`.`diet` (`idDiet`, `idUser`, `idMeal`, `date`) VALUES (633, 1, 32, '2020-04-20');
INSERT INTO `softwareengineering`.`diet` (`idDiet`, `idUser`, `idMeal`, `date`) VALUES (634, 1, 46, '2020-04-20');
INSERT INTO `softwareengineering`.`diet` (`idDiet`, `idUser`, `idMeal`, `date`) VALUES (635, 1, 59, '2020-04-20');
INSERT INTO `softwareengineering`.`diet` (`idDiet`, `idUser`, `idMeal`, `date`) VALUES (636, 1, 45, '2020-04-20');
INSERT INTO `softwareengineering`.`weighttracking` (`idWeightTracking`, `idUser`, `date`, `weight`) VALUES (75, 1, '2020-04-20', 73.92);
INSERT INTO `softwareengineering`.`exerciselink` (`idLink`, `idUser`, `idExerciseSession`, `date`) VALUES (78, 1, 0, '2020-04-19');
INSERT INTO `softwareengineering`.`exerciselink` (`idLink`, `idUser`, `idExerciseSession`, `date`) VALUES (79, 1, 5, '2020-04-19');
INSERT INTO `softwareengineering`.`diet` (`idDiet`, `idUser`, `idMeal`, `date`) VALUES (637, 1, 4, '2020-04-19');
INSERT INTO `softwareengineering`.`diet` (`idDiet`, `idUser`, `idMeal`, `date`) VALUES (638, 1, 11, '2020-04-19');
INSERT INTO `softwareengineering`.`diet` (`idDiet`, `idUser`, `idMeal`, `date`) VALUES (639, 1, 5, '2020-04-19');
INSERT INTO `softwareengineering`.`diet` (`idDiet`, `idUser`, `idMeal`, `date`) VALUES (640, 1, 27, '2020-04-19');
INSERT INTO `softwareengineering`.`diet` (`idDiet`, `idUser`, `idMeal`, `date`) VALUES (641, 1, 35, '2020-04-19');
INSERT INTO `softwareengineering`.`diet` (`idDiet`, `idUser`, `idMeal`, `date`) VALUES (642, 1, 57, '2020-04-19');
INSERT INTO `softwareengineering`.`weighttracking` (`idWeightTracking`, `idUser`, `date`, `weight`) VALUES (76, 1, '2020-04-19', 74.09);
INSERT INTO `softwareengineering`.`exerciselink` (`idLink`, `idUser`, `idExerciseSession`, `date`) VALUES (80, 1, 21, '2020-04-18');
INSERT INTO `softwareengineering`.`diet` (`idDiet`, `idUser`, `idMeal`, `date`) VALUES (643, 1, 7, '2020-04-18');
INSERT INTO `softwareengineering`.`diet` (`idDiet`, `idUser`, `idMeal`, `date`) VALUES (644, 1, 0, '2020-04-18');
INSERT INTO `softwareengineering`.`diet` (`idDiet`, `idUser`, `idMeal`, `date`) VALUES (645, 1, 22, '2020-04-18');
INSERT INTO `softwareengineering`.`diet` (`idDiet`, `idUser`, `idMeal`, `date`) VALUES (646, 1, 26, '2020-04-18');
INSERT INTO `softwareengineering`.`diet` (`idDiet`, `idUser`, `idMeal`, `date`) VALUES (647, 1, 24, '2020-04-18');
INSERT INTO `softwareengineering`.`diet` (`idDiet`, `idUser`, `idMeal`, `date`) VALUES (648, 1, 43, '2020-04-18');
INSERT INTO `softwareengineering`.`diet` (`idDiet`, `idUser`, `idMeal`, `date`) VALUES (649, 1, 35, '2020-04-18');
INSERT INTO `softwareengineering`.`diet` (`idDiet`, `idUser`, `idMeal`, `date`) VALUES (650, 1, 35, '2020-04-18');
INSERT INTO `softwareengineering`.`diet` (`idDiet`, `idUser`, `idMeal`, `date`) VALUES (651, 1, 49, '2020-04-18');
INSERT INTO `softwareengineering`.`weighttracking` (`idWeightTracking`, `idUser`, `date`, `weight`) VALUES (77, 1, '2020-04-18', 73.97);
INSERT INTO `softwareengineering`.`exerciselink` (`idLink`, `idUser`, `idExerciseSession`, `date`) VALUES (81, 1, 11, '2020-04-17');
INSERT INTO `softwareengineering`.`diet` (`idDiet`, `idUser`, `idMeal`, `date`) VALUES (652, 1, 4, '2020-04-17');
INSERT INTO `softwareengineering`.`diet` (`idDiet`, `idUser`, `idMeal`, `date`) VALUES (653, 1, 15, '2020-04-17');
INSERT INTO `softwareengineering`.`diet` (`idDiet`, `idUser`, `idMeal`, `date`) VALUES (654, 1, 20, '2020-04-17');
INSERT INTO `softwareengineering`.`diet` (`idDiet`, `idUser`, `idMeal`, `date`) VALUES (655, 1, 28, '2020-04-17');
INSERT INTO `softwareengineering`.`diet` (`idDiet`, `idUser`, `idMeal`, `date`) VALUES (656, 1, 39, '2020-04-17');
INSERT INTO `softwareengineering`.`diet` (`idDiet`, `idUser`, `idMeal`, `date`) VALUES (657, 1, 36, '2020-04-17');
INSERT INTO `softwareengineering`.`diet` (`idDiet`, `idUser`, `idMeal`, `date`) VALUES (658, 1, 55, '2020-04-17');
INSERT INTO `softwareengineering`.`diet` (`idDiet`, `idUser`, `idMeal`, `date`) VALUES (659, 1, 59, '2020-04-17');
INSERT INTO `softwareengineering`.`diet` (`idDiet`, `idUser`, `idMeal`, `date`) VALUES (660, 1, 50, '2020-04-17');
INSERT INTO `softwareengineering`.`weighttracking` (`idWeightTracking`, `idUser`, `date`, `weight`) VALUES (78, 1, '2020-04-17', 73.87);
INSERT INTO `softwareengineering`.`exerciselink` (`idLink`, `idUser`, `idExerciseSession`, `date`) VALUES (82, 1, 7, '2020-04-16');
INSERT INTO `softwareengineering`.`exerciselink` (`idLink`, `idUser`, `idExerciseSession`, `date`) VALUES (83, 1, 19, '2020-04-16');
INSERT INTO `softwareengineering`.`diet` (`idDiet`, `idUser`, `idMeal`, `date`) VALUES (661, 1, 9, '2020-04-16');
INSERT INTO `softwareengineering`.`diet` (`idDiet`, `idUser`, `idMeal`, `date`) VALUES (662, 1, 10, '2020-04-16');
INSERT INTO `softwareengineering`.`diet` (`idDiet`, `idUser`, `idMeal`, `date`) VALUES (663, 1, 6, '2020-04-16');
INSERT INTO `softwareengineering`.`diet` (`idDiet`, `idUser`, `idMeal`, `date`) VALUES (664, 1, 15, '2020-04-16');
INSERT INTO `softwareengineering`.`diet` (`idDiet`, `idUser`, `idMeal`, `date`) VALUES (665, 1, 17, '2020-04-16');
INSERT INTO `softwareengineering`.`diet` (`idDiet`, `idUser`, `idMeal`, `date`) VALUES (666, 1, 27, '2020-04-16');
INSERT INTO `softwareengineering`.`diet` (`idDiet`, `idUser`, `idMeal`, `date`) VALUES (667, 1, 31, '2020-04-16');
INSERT INTO `softwareengineering`.`diet` (`idDiet`, `idUser`, `idMeal`, `date`) VALUES (668, 1, 38, '2020-04-16');
INSERT INTO `softwareengineering`.`diet` (`idDiet`, `idUser`, `idMeal`, `date`) VALUES (669, 1, 49, '2020-04-16');
INSERT INTO `softwareengineering`.`weighttracking` (`idWeightTracking`, `idUser`, `date`, `weight`) VALUES (79, 1, '2020-04-16', 73.79);
INSERT INTO `softwareengineering`.`diet` (`idDiet`, `idUser`, `idMeal`, `date`) VALUES (670, 1, 9, '2020-04-15');
INSERT INTO `softwareengineering`.`diet` (`idDiet`, `idUser`, `idMeal`, `date`) VALUES (671, 1, 19, '2020-04-15');
INSERT INTO `softwareengineering`.`diet` (`idDiet`, `idUser`, `idMeal`, `date`) VALUES (672, 1, 35, '2020-04-15');
INSERT INTO `softwareengineering`.`diet` (`idDiet`, `idUser`, `idMeal`, `date`) VALUES (673, 1, 44, '2020-04-15');
INSERT INTO `softwareengineering`.`diet` (`idDiet`, `idUser`, `idMeal`, `date`) VALUES (674, 1, 52, '2020-04-15');
INSERT INTO `softwareengineering`.`weighttracking` (`idWeightTracking`, `idUser`, `date`, `weight`) VALUES (80, 1, '2020-04-15', 74.04);
INSERT INTO `softwareengineering`.`exerciselink` (`idLink`, `idUser`, `idExerciseSession`, `date`) VALUES (84, 1, 11, '2020-04-14');
INSERT INTO `softwareengineering`.`diet` (`idDiet`, `idUser`, `idMeal`, `date`) VALUES (675, 1, 5, '2020-04-14');
INSERT INTO `softwareengineering`.`diet` (`idDiet`, `idUser`, `idMeal`, `date`) VALUES (676, 1, 9, '2020-04-14');
INSERT INTO `softwareengineering`.`diet` (`idDiet`, `idUser`, `idMeal`, `date`) VALUES (677, 1, 11, '2020-04-14');
INSERT INTO `softwareengineering`.`diet` (`idDiet`, `idUser`, `idMeal`, `date`) VALUES (678, 1, 28, '2020-04-14');
INSERT INTO `softwareengineering`.`diet` (`idDiet`, `idUser`, `idMeal`, `date`) VALUES (679, 1, 33, '2020-04-14');
INSERT INTO `softwareengineering`.`diet` (`idDiet`, `idUser`, `idMeal`, `date`) VALUES (680, 1, 43, '2020-04-14');
INSERT INTO `softwareengineering`.`diet` (`idDiet`, `idUser`, `idMeal`, `date`) VALUES (681, 1, 44, '2020-04-14');
INSERT INTO `softwareengineering`.`diet` (`idDiet`, `idUser`, `idMeal`, `date`) VALUES (682, 1, 52, '2020-04-14');
INSERT INTO `softwareengineering`.`weighttracking` (`idWeightTracking`, `idUser`, `date`, `weight`) VALUES (81, 1, '2020-04-14', 73.95);
INSERT INTO `softwareengineering`.`diet` (`idDiet`, `idUser`, `idMeal`, `date`) VALUES (683, 1, 10, '2020-04-13');
INSERT INTO `softwareengineering`.`diet` (`idDiet`, `idUser`, `idMeal`, `date`) VALUES (684, 1, 8, '2020-04-13');
INSERT INTO `softwareengineering`.`diet` (`idDiet`, `idUser`, `idMeal`, `date`) VALUES (685, 1, 21, '2020-04-13');
INSERT INTO `softwareengineering`.`diet` (`idDiet`, `idUser`, `idMeal`, `date`) VALUES (686, 1, 36, '2020-04-13');
INSERT INTO `softwareengineering`.`diet` (`idDiet`, `idUser`, `idMeal`, `date`) VALUES (687, 1, 46, '2020-04-13');
INSERT INTO `softwareengineering`.`weighttracking` (`idWeightTracking`, `idUser`, `date`, `weight`) VALUES (82, 1, '2020-04-13', 74.05);
INSERT INTO `softwareengineering`.`exerciselink` (`idLink`, `idUser`, `idExerciseSession`, `date`) VALUES (85, 1, 19, '2020-04-12');
INSERT INTO `softwareengineering`.`exerciselink` (`idLink`, `idUser`, `idExerciseSession`, `date`) VALUES (86, 1, 8, '2020-04-12');
INSERT INTO `softwareengineering`.`diet` (`idDiet`, `idUser`, `idMeal`, `date`) VALUES (688, 1, 13, '2020-04-12');
INSERT INTO `softwareengineering`.`diet` (`idDiet`, `idUser`, `idMeal`, `date`) VALUES (689, 1, 0, '2020-04-12');
INSERT INTO `softwareengineering`.`diet` (`idDiet`, `idUser`, `idMeal`, `date`) VALUES (690, 1, 26, '2020-04-12');
INSERT INTO `softwareengineering`.`diet` (`idDiet`, `idUser`, `idMeal`, `date`) VALUES (691, 1, 20, '2020-04-12');
INSERT INTO `softwareengineering`.`diet` (`idDiet`, `idUser`, `idMeal`, `date`) VALUES (692, 1, 38, '2020-04-12');
INSERT INTO `softwareengineering`.`diet` (`idDiet`, `idUser`, `idMeal`, `date`) VALUES (693, 1, 54, '2020-04-12');
INSERT INTO `softwareengineering`.`diet` (`idDiet`, `idUser`, `idMeal`, `date`) VALUES (694, 1, 48, '2020-04-12');
INSERT INTO `softwareengineering`.`diet` (`idDiet`, `idUser`, `idMeal`, `date`) VALUES (695, 1, 49, '2020-04-12');
INSERT INTO `softwareengineering`.`weighttracking` (`idWeightTracking`, `idUser`, `date`, `weight`) VALUES (83, 1, '2020-04-12', 73.87);
INSERT INTO `softwareengineering`.`exerciselink` (`idLink`, `idUser`, `idExerciseSession`, `date`) VALUES (87, 1, 5, '2020-04-11');
INSERT INTO `softwareengineering`.`diet` (`idDiet`, `idUser`, `idMeal`, `date`) VALUES (696, 1, 5, '2020-04-11');
INSERT INTO `softwareengineering`.`diet` (`idDiet`, `idUser`, `idMeal`, `date`) VALUES (697, 1, 20, '2020-04-11');
INSERT INTO `softwareengineering`.`diet` (`idDiet`, `idUser`, `idMeal`, `date`) VALUES (698, 1, 27, '2020-04-11');
INSERT INTO `softwareengineering`.`diet` (`idDiet`, `idUser`, `idMeal`, `date`) VALUES (699, 1, 41, '2020-04-11');
INSERT INTO `softwareengineering`.`diet` (`idDiet`, `idUser`, `idMeal`, `date`) VALUES (700, 1, 40, '2020-04-11');
INSERT INTO `softwareengineering`.`diet` (`idDiet`, `idUser`, `idMeal`, `date`) VALUES (701, 1, 38, '2020-04-11');
INSERT INTO `softwareengineering`.`diet` (`idDiet`, `idUser`, `idMeal`, `date`) VALUES (702, 1, 57, '2020-04-11');
INSERT INTO `softwareengineering`.`weighttracking` (`idWeightTracking`, `idUser`, `date`, `weight`) VALUES (84, 1, '2020-04-11', 73.71);
INSERT INTO `softwareengineering`.`exerciselink` (`idLink`, `idUser`, `idExerciseSession`, `date`) VALUES (88, 1, 23, '2020-04-10');
INSERT INTO `softwareengineering`.`exerciselink` (`idLink`, `idUser`, `idExerciseSession`, `date`) VALUES (89, 1, 14, '2020-04-10');
INSERT INTO `softwareengineering`.`diet` (`idDiet`, `idUser`, `idMeal`, `date`) VALUES (703, 1, 3, '2020-04-10');
INSERT INTO `softwareengineering`.`diet` (`idDiet`, `idUser`, `idMeal`, `date`) VALUES (704, 1, 10, '2020-04-10');
INSERT INTO `softwareengineering`.`diet` (`idDiet`, `idUser`, `idMeal`, `date`) VALUES (705, 1, 17, '2020-04-10');
INSERT INTO `softwareengineering`.`diet` (`idDiet`, `idUser`, `idMeal`, `date`) VALUES (706, 1, 23, '2020-04-10');
INSERT INTO `softwareengineering`.`diet` (`idDiet`, `idUser`, `idMeal`, `date`) VALUES (707, 1, 16, '2020-04-10');
INSERT INTO `softwareengineering`.`diet` (`idDiet`, `idUser`, `idMeal`, `date`) VALUES (708, 1, 39, '2020-04-10');
INSERT INTO `softwareengineering`.`diet` (`idDiet`, `idUser`, `idMeal`, `date`) VALUES (709, 1, 48, '2020-04-10');
INSERT INTO `softwareengineering`.`diet` (`idDiet`, `idUser`, `idMeal`, `date`) VALUES (710, 1, 59, '2020-04-10');
INSERT INTO `softwareengineering`.`diet` (`idDiet`, `idUser`, `idMeal`, `date`) VALUES (711, 1, 48, '2020-04-10');
INSERT INTO `softwareengineering`.`weighttracking` (`idWeightTracking`, `idUser`, `date`, `weight`) VALUES (85, 1, '2020-04-10', 73.73);
INSERT INTO `softwareengineering`.`diet` (`idDiet`, `idUser`, `idMeal`, `date`) VALUES (712, 1, 0, '2020-04-09');
INSERT INTO `softwareengineering`.`diet` (`idDiet`, `idUser`, `idMeal`, `date`) VALUES (713, 1, 8, '2020-04-09');
INSERT INTO `softwareengineering`.`diet` (`idDiet`, `idUser`, `idMeal`, `date`) VALUES (714, 1, 17, '2020-04-09');
INSERT INTO `softwareengineering`.`diet` (`idDiet`, `idUser`, `idMeal`, `date`) VALUES (715, 1, 19, '2020-04-09');
INSERT INTO `softwareengineering`.`diet` (`idDiet`, `idUser`, `idMeal`, `date`) VALUES (716, 1, 15, '2020-04-09');
INSERT INTO `softwareengineering`.`diet` (`idDiet`, `idUser`, `idMeal`, `date`) VALUES (717, 1, 42, '2020-04-09');
INSERT INTO `softwareengineering`.`diet` (`idDiet`, `idUser`, `idMeal`, `date`) VALUES (718, 1, 41, '2020-04-09');
INSERT INTO `softwareengineering`.`diet` (`idDiet`, `idUser`, `idMeal`, `date`) VALUES (719, 1, 48, '2020-04-09');
INSERT INTO `softwareengineering`.`diet` (`idDiet`, `idUser`, `idMeal`, `date`) VALUES (720, 1, 59, '2020-04-09');
INSERT INTO `softwareengineering`.`weighttracking` (`idWeightTracking`, `idUser`, `date`, `weight`) VALUES (86, 1, '2020-04-09', 73.82);
INSERT INTO `softwareengineering`.`diet` (`idDiet`, `idUser`, `idMeal`, `date`) VALUES (721, 1, 14, '2020-04-08');
INSERT INTO `softwareengineering`.`diet` (`idDiet`, `idUser`, `idMeal`, `date`) VALUES (722, 1, 1, '2020-04-08');
INSERT INTO `softwareengineering`.`diet` (`idDiet`, `idUser`, `idMeal`, `date`) VALUES (723, 1, 13, '2020-04-08');
INSERT INTO `softwareengineering`.`diet` (`idDiet`, `idUser`, `idMeal`, `date`) VALUES (724, 1, 28, '2020-04-08');
INSERT INTO `softwareengineering`.`diet` (`idDiet`, `idUser`, `idMeal`, `date`) VALUES (725, 1, 23, '2020-04-08');
INSERT INTO `softwareengineering`.`diet` (`idDiet`, `idUser`, `idMeal`, `date`) VALUES (726, 1, 42, '2020-04-08');
INSERT INTO `softwareengineering`.`diet` (`idDiet`, `idUser`, `idMeal`, `date`) VALUES (727, 1, 40, '2020-04-08');
INSERT INTO `softwareengineering`.`diet` (`idDiet`, `idUser`, `idMeal`, `date`) VALUES (728, 1, 32, '2020-04-08');
INSERT INTO `softwareengineering`.`diet` (`idDiet`, `idUser`, `idMeal`, `date`) VALUES (729, 1, 59, '2020-04-08');
INSERT INTO `softwareengineering`.`weighttracking` (`idWeightTracking`, `idUser`, `date`, `weight`) VALUES (87, 1, '2020-04-08', 73.7);
INSERT INTO `softwareengineering`.`diet` (`idDiet`, `idUser`, `idMeal`, `date`) VALUES (730, 1, 3, '2020-04-07');
INSERT INTO `softwareengineering`.`diet` (`idDiet`, `idUser`, `idMeal`, `date`) VALUES (731, 1, 20, '2020-04-07');
INSERT INTO `softwareengineering`.`diet` (`idDiet`, `idUser`, `idMeal`, `date`) VALUES (732, 1, 44, '2020-04-07');
INSERT INTO `softwareengineering`.`diet` (`idDiet`, `idUser`, `idMeal`, `date`) VALUES (733, 1, 33, '2020-04-07');
INSERT INTO `softwareengineering`.`diet` (`idDiet`, `idUser`, `idMeal`, `date`) VALUES (734, 1, 43, '2020-04-07');
INSERT INTO `softwareengineering`.`diet` (`idDiet`, `idUser`, `idMeal`, `date`) VALUES (735, 1, 45, '2020-04-07');
INSERT INTO `softwareengineering`.`diet` (`idDiet`, `idUser`, `idMeal`, `date`) VALUES (736, 1, 57, '2020-04-07');
INSERT INTO `softwareengineering`.`diet` (`idDiet`, `idUser`, `idMeal`, `date`) VALUES (737, 1, 49, '2020-04-07');
INSERT INTO `softwareengineering`.`weighttracking` (`idWeightTracking`, `idUser`, `date`, `weight`) VALUES (88, 1, '2020-04-07', 73.62);
INSERT INTO `softwareengineering`.`diet` (`idDiet`, `idUser`, `idMeal`, `date`) VALUES (738, 1, 0, '2020-04-06');
INSERT INTO `softwareengineering`.`diet` (`idDiet`, `idUser`, `idMeal`, `date`) VALUES (739, 1, 20, '2020-04-06');
INSERT INTO `softwareengineering`.`diet` (`idDiet`, `idUser`, `idMeal`, `date`) VALUES (740, 1, 20, '2020-04-06');
INSERT INTO `softwareengineering`.`diet` (`idDiet`, `idUser`, `idMeal`, `date`) VALUES (741, 1, 15, '2020-04-06');
INSERT INTO `softwareengineering`.`diet` (`idDiet`, `idUser`, `idMeal`, `date`) VALUES (742, 1, 36, '2020-04-06');
INSERT INTO `softwareengineering`.`diet` (`idDiet`, `idUser`, `idMeal`, `date`) VALUES (743, 1, 43, '2020-04-06');
INSERT INTO `softwareengineering`.`diet` (`idDiet`, `idUser`, `idMeal`, `date`) VALUES (744, 1, 43, '2020-04-06');
INSERT INTO `softwareengineering`.`diet` (`idDiet`, `idUser`, `idMeal`, `date`) VALUES (745, 1, 46, '2020-04-06');
INSERT INTO `softwareengineering`.`diet` (`idDiet`, `idUser`, `idMeal`, `date`) VALUES (746, 1, 51, '2020-04-06');
INSERT INTO `softwareengineering`.`diet` (`idDiet`, `idUser`, `idMeal`, `date`) VALUES (747, 1, 49, '2020-04-06');
INSERT INTO `softwareengineering`.`weighttracking` (`idWeightTracking`, `idUser`, `date`, `weight`) VALUES (89, 1, '2020-04-06', 73.54);
INSERT INTO `softwareengineering`.`exerciselink` (`idLink`, `idUser`, `idExerciseSession`, `date`) VALUES (90, 1, 8, '2020-04-05');
INSERT INTO `softwareengineering`.`exerciselink` (`idLink`, `idUser`, `idExerciseSession`, `date`) VALUES (91, 1, 7, '2020-04-05');
INSERT INTO `softwareengineering`.`diet` (`idDiet`, `idUser`, `idMeal`, `date`) VALUES (748, 1, 4, '2020-04-05');
INSERT INTO `softwareengineering`.`diet` (`idDiet`, `idUser`, `idMeal`, `date`) VALUES (749, 1, 12, '2020-04-05');
INSERT INTO `softwareengineering`.`diet` (`idDiet`, `idUser`, `idMeal`, `date`) VALUES (750, 1, 18, '2020-04-05');
INSERT INTO `softwareengineering`.`diet` (`idDiet`, `idUser`, `idMeal`, `date`) VALUES (751, 1, 25, '2020-04-05');
INSERT INTO `softwareengineering`.`diet` (`idDiet`, `idUser`, `idMeal`, `date`) VALUES (752, 1, 29, '2020-04-05');
INSERT INTO `softwareengineering`.`diet` (`idDiet`, `idUser`, `idMeal`, `date`) VALUES (753, 1, 34, '2020-04-05');
INSERT INTO `softwareengineering`.`diet` (`idDiet`, `idUser`, `idMeal`, `date`) VALUES (754, 1, 33, '2020-04-05');
INSERT INTO `softwareengineering`.`diet` (`idDiet`, `idUser`, `idMeal`, `date`) VALUES (755, 1, 58, '2020-04-05');
INSERT INTO `softwareengineering`.`weighttracking` (`idWeightTracking`, `idUser`, `date`, `weight`) VALUES (90, 1, '2020-04-05', 73.58);
INSERT INTO `softwareengineering`.`exerciselink` (`idLink`, `idUser`, `idExerciseSession`, `date`) VALUES (92, 1, 17, '2020-04-04');
INSERT INTO `softwareengineering`.`diet` (`idDiet`, `idUser`, `idMeal`, `date`) VALUES (756, 1, 7, '2020-04-04');
INSERT INTO `softwareengineering`.`diet` (`idDiet`, `idUser`, `idMeal`, `date`) VALUES (757, 1, 8, '2020-04-04');
INSERT INTO `softwareengineering`.`diet` (`idDiet`, `idUser`, `idMeal`, `date`) VALUES (758, 1, 18, '2020-04-04');
INSERT INTO `softwareengineering`.`diet` (`idDiet`, `idUser`, `idMeal`, `date`) VALUES (759, 1, 24, '2020-04-04');
INSERT INTO `softwareengineering`.`diet` (`idDiet`, `idUser`, `idMeal`, `date`) VALUES (760, 1, 20, '2020-04-04');
INSERT INTO `softwareengineering`.`diet` (`idDiet`, `idUser`, `idMeal`, `date`) VALUES (761, 1, 39, '2020-04-04');
INSERT INTO `softwareengineering`.`diet` (`idDiet`, `idUser`, `idMeal`, `date`) VALUES (762, 1, 34, '2020-04-04');
INSERT INTO `softwareengineering`.`diet` (`idDiet`, `idUser`, `idMeal`, `date`) VALUES (763, 1, 54, '2020-04-04');
INSERT INTO `softwareengineering`.`weighttracking` (`idWeightTracking`, `idUser`, `date`, `weight`) VALUES (91, 1, '2020-04-04', 73.49);
INSERT INTO `softwareengineering`.`diet` (`idDiet`, `idUser`, `idMeal`, `date`) VALUES (764, 1, 14, '2020-04-03');
INSERT INTO `softwareengineering`.`diet` (`idDiet`, `idUser`, `idMeal`, `date`) VALUES (765, 1, 3, '2020-04-03');
INSERT INTO `softwareengineering`.`diet` (`idDiet`, `idUser`, `idMeal`, `date`) VALUES (766, 1, 20, '2020-04-03');
INSERT INTO `softwareengineering`.`diet` (`idDiet`, `idUser`, `idMeal`, `date`) VALUES (767, 1, 19, '2020-04-03');
INSERT INTO `softwareengineering`.`diet` (`idDiet`, `idUser`, `idMeal`, `date`) VALUES (768, 1, 15, '2020-04-03');
INSERT INTO `softwareengineering`.`diet` (`idDiet`, `idUser`, `idMeal`, `date`) VALUES (769, 1, 34, '2020-04-03');
INSERT INTO `softwareengineering`.`diet` (`idDiet`, `idUser`, `idMeal`, `date`) VALUES (770, 1, 33, '2020-04-03');
INSERT INTO `softwareengineering`.`diet` (`idDiet`, `idUser`, `idMeal`, `date`) VALUES (771, 1, 42, '2020-04-03');
INSERT INTO `softwareengineering`.`diet` (`idDiet`, `idUser`, `idMeal`, `date`) VALUES (772, 1, 56, '2020-04-03');
INSERT INTO `softwareengineering`.`diet` (`idDiet`, `idUser`, `idMeal`, `date`) VALUES (773, 1, 59, '2020-04-03');
INSERT INTO `softwareengineering`.`weighttracking` (`idWeightTracking`, `idUser`, `date`, `weight`) VALUES (92, 1, '2020-04-03', 73.57);
INSERT INTO `softwareengineering`.`exerciselink` (`idLink`, `idUser`, `idExerciseSession`, `date`) VALUES (93, 1, 9, '2020-04-02');
INSERT INTO `softwareengineering`.`exerciselink` (`idLink`, `idUser`, `idExerciseSession`, `date`) VALUES (94, 1, 9, '2020-04-02');
INSERT INTO `softwareengineering`.`diet` (`idDiet`, `idUser`, `idMeal`, `date`) VALUES (774, 1, 11, '2020-04-02');
INSERT INTO `softwareengineering`.`diet` (`idDiet`, `idUser`, `idMeal`, `date`) VALUES (775, 1, 6, '2020-04-02');
INSERT INTO `softwareengineering`.`diet` (`idDiet`, `idUser`, `idMeal`, `date`) VALUES (776, 1, 13, '2020-04-02');
INSERT INTO `softwareengineering`.`diet` (`idDiet`, `idUser`, `idMeal`, `date`) VALUES (777, 1, 18, '2020-04-02');
INSERT INTO `softwareengineering`.`diet` (`idDiet`, `idUser`, `idMeal`, `date`) VALUES (778, 1, 19, '2020-04-02');
INSERT INTO `softwareengineering`.`diet` (`idDiet`, `idUser`, `idMeal`, `date`) VALUES (779, 1, 15, '2020-04-02');
INSERT INTO `softwareengineering`.`diet` (`idDiet`, `idUser`, `idMeal`, `date`) VALUES (780, 1, 31, '2020-04-02');
INSERT INTO `softwareengineering`.`diet` (`idDiet`, `idUser`, `idMeal`, `date`) VALUES (781, 1, 47, '2020-04-02');
INSERT INTO `softwareengineering`.`diet` (`idDiet`, `idUser`, `idMeal`, `date`) VALUES (782, 1, 47, '2020-04-02');
INSERT INTO `softwareengineering`.`weighttracking` (`idWeightTracking`, `idUser`, `date`, `weight`) VALUES (93, 1, '2020-04-02', 73.46);
INSERT INTO `softwareengineering`.`diet` (`idDiet`, `idUser`, `idMeal`, `date`) VALUES (783, 1, 2, '2020-04-01');
INSERT INTO `softwareengineering`.`diet` (`idDiet`, `idUser`, `idMeal`, `date`) VALUES (784, 1, 29, '2020-04-01');
INSERT INTO `softwareengineering`.`diet` (`idDiet`, `idUser`, `idMeal`, `date`) VALUES (785, 1, 17, '2020-04-01');
INSERT INTO `softwareengineering`.`diet` (`idDiet`, `idUser`, `idMeal`, `date`) VALUES (786, 1, 37, '2020-04-01');
INSERT INTO `softwareengineering`.`diet` (`idDiet`, `idUser`, `idMeal`, `date`) VALUES (787, 1, 31, '2020-04-01');
INSERT INTO `softwareengineering`.`diet` (`idDiet`, `idUser`, `idMeal`, `date`) VALUES (788, 1, 55, '2020-04-01');
INSERT INTO `softwareengineering`.`weighttracking` (`idWeightTracking`, `idUser`, `date`, `weight`) VALUES (94, 1, '2020-04-01', 73.64);
INSERT INTO `softwareengineering`.`diet` (`idDiet`, `idUser`, `idMeal`, `date`) VALUES (789, 1, 10, '2020-03-31');
INSERT INTO `softwareengineering`.`diet` (`idDiet`, `idUser`, `idMeal`, `date`) VALUES (790, 1, 24, '2020-03-31');
INSERT INTO `softwareengineering`.`diet` (`idDiet`, `idUser`, `idMeal`, `date`) VALUES (791, 1, 42, '2020-03-31');
INSERT INTO `softwareengineering`.`diet` (`idDiet`, `idUser`, `idMeal`, `date`) VALUES (792, 1, 46, '2020-03-31');
INSERT INTO `softwareengineering`.`diet` (`idDiet`, `idUser`, `idMeal`, `date`) VALUES (793, 1, 58, '2020-03-31');
INSERT INTO `softwareengineering`.`diet` (`idDiet`, `idUser`, `idMeal`, `date`) VALUES (794, 1, 54, '2020-03-31');
INSERT INTO `softwareengineering`.`weighttracking` (`idWeightTracking`, `idUser`, `date`, `weight`) VALUES (95, 1, '2020-03-31', 73.92);
INSERT INTO `softwareengineering`.`exerciselink` (`idLink`, `idUser`, `idExerciseSession`, `date`) VALUES (95, 1, 0, '2020-03-30');
INSERT INTO `softwareengineering`.`exerciselink` (`idLink`, `idUser`, `idExerciseSession`, `date`) VALUES (96, 1, 16, '2020-03-30');
INSERT INTO `softwareengineering`.`diet` (`idDiet`, `idUser`, `idMeal`, `date`) VALUES (795, 1, 8, '2020-03-30');
INSERT INTO `softwareengineering`.`diet` (`idDiet`, `idUser`, `idMeal`, `date`) VALUES (796, 1, 14, '2020-03-30');
INSERT INTO `softwareengineering`.`diet` (`idDiet`, `idUser`, `idMeal`, `date`) VALUES (797, 1, 24, '2020-03-30');
INSERT INTO `softwareengineering`.`diet` (`idDiet`, `idUser`, `idMeal`, `date`) VALUES (798, 1, 42, '2020-03-30');
INSERT INTO `softwareengineering`.`diet` (`idDiet`, `idUser`, `idMeal`, `date`) VALUES (799, 1, 44, '2020-03-30');
INSERT INTO `softwareengineering`.`diet` (`idDiet`, `idUser`, `idMeal`, `date`) VALUES (800, 1, 53, '2020-03-30');
INSERT INTO `softwareengineering`.`weighttracking` (`idWeightTracking`, `idUser`, `date`, `weight`) VALUES (96, 1, '2020-03-30', 73.73);
INSERT INTO `softwareengineering`.`exerciselink` (`idLink`, `idUser`, `idExerciseSession`, `date`) VALUES (97, 1, 20, '2020-03-29');
INSERT INTO `softwareengineering`.`exerciselink` (`idLink`, `idUser`, `idExerciseSession`, `date`) VALUES (98, 1, 14, '2020-03-29');
INSERT INTO `softwareengineering`.`diet` (`idDiet`, `idUser`, `idMeal`, `date`) VALUES (801, 1, 6, '2020-03-29');
INSERT INTO `softwareengineering`.`diet` (`idDiet`, `idUser`, `idMeal`, `date`) VALUES (802, 1, 4, '2020-03-29');
INSERT INTO `softwareengineering`.`diet` (`idDiet`, `idUser`, `idMeal`, `date`) VALUES (803, 1, 5, '2020-03-29');
INSERT INTO `softwareengineering`.`diet` (`idDiet`, `idUser`, `idMeal`, `date`) VALUES (804, 1, 17, '2020-03-29');
INSERT INTO `softwareengineering`.`diet` (`idDiet`, `idUser`, `idMeal`, `date`) VALUES (805, 1, 26, '2020-03-29');
INSERT INTO `softwareengineering`.`diet` (`idDiet`, `idUser`, `idMeal`, `date`) VALUES (806, 1, 44, '2020-03-29');
INSERT INTO `softwareengineering`.`diet` (`idDiet`, `idUser`, `idMeal`, `date`) VALUES (807, 1, 30, '2020-03-29');
INSERT INTO `softwareengineering`.`diet` (`idDiet`, `idUser`, `idMeal`, `date`) VALUES (808, 1, 44, '2020-03-29');
INSERT INTO `softwareengineering`.`diet` (`idDiet`, `idUser`, `idMeal`, `date`) VALUES (809, 1, 58, '2020-03-29');
INSERT INTO `softwareengineering`.`diet` (`idDiet`, `idUser`, `idMeal`, `date`) VALUES (810, 1, 48, '2020-03-29');
INSERT INTO `softwareengineering`.`weighttracking` (`idWeightTracking`, `idUser`, `date`, `weight`) VALUES (97, 1, '2020-03-29', 73.99);
INSERT INTO `softwareengineering`.`exerciselink` (`idLink`, `idUser`, `idExerciseSession`, `date`) VALUES (99, 1, 4, '2020-03-28');
INSERT INTO `softwareengineering`.`diet` (`idDiet`, `idUser`, `idMeal`, `date`) VALUES (811, 1, 9, '2020-03-28');
INSERT INTO `softwareengineering`.`diet` (`idDiet`, `idUser`, `idMeal`, `date`) VALUES (812, 1, 2, '2020-03-28');
INSERT INTO `softwareengineering`.`diet` (`idDiet`, `idUser`, `idMeal`, `date`) VALUES (813, 1, 12, '2020-03-28');
INSERT INTO `softwareengineering`.`diet` (`idDiet`, `idUser`, `idMeal`, `date`) VALUES (814, 1, 18, '2020-03-28');
INSERT INTO `softwareengineering`.`diet` (`idDiet`, `idUser`, `idMeal`, `date`) VALUES (815, 1, 31, '2020-03-28');
INSERT INTO `softwareengineering`.`diet` (`idDiet`, `idUser`, `idMeal`, `date`) VALUES (816, 1, 57, '2020-03-28');
INSERT INTO `softwareengineering`.`diet` (`idDiet`, `idUser`, `idMeal`, `date`) VALUES (817, 1, 59, '2020-03-28');
INSERT INTO `softwareengineering`.`weighttracking` (`idWeightTracking`, `idUser`, `date`, `weight`) VALUES (98, 1, '2020-03-28', 74.1);
INSERT INTO `softwareengineering`.`exerciselink` (`idLink`, `idUser`, `idExerciseSession`, `date`) VALUES (100, 1, 12, '2020-03-27');
INSERT INTO `softwareengineering`.`diet` (`idDiet`, `idUser`, `idMeal`, `date`) VALUES (818, 1, 11, '2020-03-27');
INSERT INTO `softwareengineering`.`diet` (`idDiet`, `idUser`, `idMeal`, `date`) VALUES (819, 1, 12, '2020-03-27');
INSERT INTO `softwareengineering`.`diet` (`idDiet`, `idUser`, `idMeal`, `date`) VALUES (820, 1, 26, '2020-03-27');
INSERT INTO `softwareengineering`.`diet` (`idDiet`, `idUser`, `idMeal`, `date`) VALUES (821, 1, 27, '2020-03-27');
INSERT INTO `softwareengineering`.`diet` (`idDiet`, `idUser`, `idMeal`, `date`) VALUES (822, 1, 26, '2020-03-27');
INSERT INTO `softwareengineering`.`diet` (`idDiet`, `idUser`, `idMeal`, `date`) VALUES (823, 1, 32, '2020-03-27');
INSERT INTO `softwareengineering`.`diet` (`idDiet`, `idUser`, `idMeal`, `date`) VALUES (824, 1, 41, '2020-03-27');
INSERT INTO `softwareengineering`.`diet` (`idDiet`, `idUser`, `idMeal`, `date`) VALUES (825, 1, 45, '2020-03-27');
INSERT INTO `softwareengineering`.`weighttracking` (`idWeightTracking`, `idUser`, `date`, `weight`) VALUES (99, 1, '2020-03-27', 74.01);
INSERT INTO `softwareengineering`.`exerciselink` (`idLink`, `idUser`, `idExerciseSession`, `date`) VALUES (101, 1, 16, '2020-03-26');
INSERT INTO `softwareengineering`.`exerciselink` (`idLink`, `idUser`, `idExerciseSession`, `date`) VALUES (102, 1, 1, '2020-03-26');
INSERT INTO `softwareengineering`.`diet` (`idDiet`, `idUser`, `idMeal`, `date`) VALUES (826, 1, 5, '2020-03-26');
INSERT INTO `softwareengineering`.`diet` (`idDiet`, `idUser`, `idMeal`, `date`) VALUES (827, 1, 25, '2020-03-26');
INSERT INTO `softwareengineering`.`diet` (`idDiet`, `idUser`, `idMeal`, `date`) VALUES (828, 1, 27, '2020-03-26');
INSERT INTO `softwareengineering`.`diet` (`idDiet`, `idUser`, `idMeal`, `date`) VALUES (829, 1, 42, '2020-03-26');
INSERT INTO `softwareengineering`.`diet` (`idDiet`, `idUser`, `idMeal`, `date`) VALUES (830, 1, 33, '2020-03-26');
INSERT INTO `softwareengineering`.`diet` (`idDiet`, `idUser`, `idMeal`, `date`) VALUES (831, 1, 38, '2020-03-26');
INSERT INTO `softwareengineering`.`diet` (`idDiet`, `idUser`, `idMeal`, `date`) VALUES (832, 1, 59, '2020-03-26');
INSERT INTO `softwareengineering`.`weighttracking` (`idWeightTracking`, `idUser`, `date`, `weight`) VALUES (100, 1, '2020-03-26', 74.15);
INSERT INTO `softwareengineering`.`exerciselink` (`idLink`, `idUser`, `idExerciseSession`, `date`) VALUES (103, 1, 21, '2020-03-25');
INSERT INTO `softwareengineering`.`diet` (`idDiet`, `idUser`, `idMeal`, `date`) VALUES (833, 1, 6, '2020-03-25');
INSERT INTO `softwareengineering`.`diet` (`idDiet`, `idUser`, `idMeal`, `date`) VALUES (834, 1, 8, '2020-03-25');
INSERT INTO `softwareengineering`.`diet` (`idDiet`, `idUser`, `idMeal`, `date`) VALUES (835, 1, 0, '2020-03-25');
INSERT INTO `softwareengineering`.`diet` (`idDiet`, `idUser`, `idMeal`, `date`) VALUES (836, 1, 24, '2020-03-25');
INSERT INTO `softwareengineering`.`diet` (`idDiet`, `idUser`, `idMeal`, `date`) VALUES (837, 1, 37, '2020-03-25');
INSERT INTO `softwareengineering`.`diet` (`idDiet`, `idUser`, `idMeal`, `date`) VALUES (838, 1, 53, '2020-03-25');
INSERT INTO `softwareengineering`.`diet` (`idDiet`, `idUser`, `idMeal`, `date`) VALUES (839, 1, 58, '2020-03-25');
INSERT INTO `softwareengineering`.`weighttracking` (`idWeightTracking`, `idUser`, `date`, `weight`) VALUES (101, 1, '2020-03-25', 74.1);
INSERT INTO `softwareengineering`.`diet` (`idDiet`, `idUser`, `idMeal`, `date`) VALUES (840, 1, 11, '2020-03-24');
INSERT INTO `softwareengineering`.`diet` (`idDiet`, `idUser`, `idMeal`, `date`) VALUES (841, 1, 2, '2020-03-24');
INSERT INTO `softwareengineering`.`diet` (`idDiet`, `idUser`, `idMeal`, `date`) VALUES (842, 1, 16, '2020-03-24');
INSERT INTO `softwareengineering`.`diet` (`idDiet`, `idUser`, `idMeal`, `date`) VALUES (843, 1, 27, '2020-03-24');
INSERT INTO `softwareengineering`.`diet` (`idDiet`, `idUser`, `idMeal`, `date`) VALUES (844, 1, 37, '2020-03-24');
INSERT INTO `softwareengineering`.`diet` (`idDiet`, `idUser`, `idMeal`, `date`) VALUES (845, 1, 47, '2020-03-24');
INSERT INTO `softwareengineering`.`diet` (`idDiet`, `idUser`, `idMeal`, `date`) VALUES (846, 1, 57, '2020-03-24');
INSERT INTO `softwareengineering`.`diet` (`idDiet`, `idUser`, `idMeal`, `date`) VALUES (847, 1, 54, '2020-03-24');
INSERT INTO `softwareengineering`.`weighttracking` (`idWeightTracking`, `idUser`, `date`, `weight`) VALUES (102, 1, '2020-03-24', 74.2);
INSERT INTO `softwareengineering`.`diet` (`idDiet`, `idUser`, `idMeal`, `date`) VALUES (848, 1, 9, '2020-03-23');
INSERT INTO `softwareengineering`.`diet` (`idDiet`, `idUser`, `idMeal`, `date`) VALUES (849, 1, 29, '2020-03-23');
INSERT INTO `softwareengineering`.`diet` (`idDiet`, `idUser`, `idMeal`, `date`) VALUES (850, 1, 27, '2020-03-23');
INSERT INTO `softwareengineering`.`diet` (`idDiet`, `idUser`, `idMeal`, `date`) VALUES (851, 1, 34, '2020-03-23');
INSERT INTO `softwareengineering`.`diet` (`idDiet`, `idUser`, `idMeal`, `date`) VALUES (852, 1, 44, '2020-03-23');
INSERT INTO `softwareengineering`.`diet` (`idDiet`, `idUser`, `idMeal`, `date`) VALUES (853, 1, 57, '2020-03-23');
INSERT INTO `softwareengineering`.`diet` (`idDiet`, `idUser`, `idMeal`, `date`) VALUES (854, 1, 59, '2020-03-23');
INSERT INTO `softwareengineering`.`weighttracking` (`idWeightTracking`, `idUser`, `date`, `weight`) VALUES (103, 1, '2020-03-23', 74.34);
INSERT INTO `softwareengineering`.`exerciselink` (`idLink`, `idUser`, `idExerciseSession`, `date`) VALUES (104, 1, 10, '2020-03-22');
INSERT INTO `softwareengineering`.`diet` (`idDiet`, `idUser`, `idMeal`, `date`) VALUES (855, 1, 8, '2020-03-22');
INSERT INTO `softwareengineering`.`diet` (`idDiet`, `idUser`, `idMeal`, `date`) VALUES (856, 1, 20, '2020-03-22');
INSERT INTO `softwareengineering`.`diet` (`idDiet`, `idUser`, `idMeal`, `date`) VALUES (857, 1, 32, '2020-03-22');
INSERT INTO `softwareengineering`.`diet` (`idDiet`, `idUser`, `idMeal`, `date`) VALUES (858, 1, 33, '2020-03-22');
INSERT INTO `softwareengineering`.`diet` (`idDiet`, `idUser`, `idMeal`, `date`) VALUES (859, 1, 48, '2020-03-22');
INSERT INTO `softwareengineering`.`weighttracking` (`idWeightTracking`, `idUser`, `date`, `weight`) VALUES (104, 1, '2020-03-22', 74.39);
INSERT INTO `softwareengineering`.`exerciselink` (`idLink`, `idUser`, `idExerciseSession`, `date`) VALUES (105, 1, 20, '2020-03-21');
INSERT INTO `softwareengineering`.`exerciselink` (`idLink`, `idUser`, `idExerciseSession`, `date`) VALUES (106, 1, 12, '2020-03-21');
INSERT INTO `softwareengineering`.`diet` (`idDiet`, `idUser`, `idMeal`, `date`) VALUES (860, 1, 1, '2020-03-21');
INSERT INTO `softwareengineering`.`diet` (`idDiet`, `idUser`, `idMeal`, `date`) VALUES (861, 1, 24, '2020-03-21');
INSERT INTO `softwareengineering`.`diet` (`idDiet`, `idUser`, `idMeal`, `date`) VALUES (862, 1, 16, '2020-03-21');
INSERT INTO `softwareengineering`.`diet` (`idDiet`, `idUser`, `idMeal`, `date`) VALUES (863, 1, 33, '2020-03-21');
INSERT INTO `softwareengineering`.`diet` (`idDiet`, `idUser`, `idMeal`, `date`) VALUES (864, 1, 34, '2020-03-21');
INSERT INTO `softwareengineering`.`diet` (`idDiet`, `idUser`, `idMeal`, `date`) VALUES (865, 1, 38, '2020-03-21');
INSERT INTO `softwareengineering`.`diet` (`idDiet`, `idUser`, `idMeal`, `date`) VALUES (866, 1, 53, '2020-03-21');
INSERT INTO `softwareengineering`.`diet` (`idDiet`, `idUser`, `idMeal`, `date`) VALUES (867, 1, 48, '2020-03-21');
INSERT INTO `softwareengineering`.`diet` (`idDiet`, `idUser`, `idMeal`, `date`) VALUES (868, 1, 47, '2020-03-21');
INSERT INTO `softwareengineering`.`weighttracking` (`idWeightTracking`, `idUser`, `date`, `weight`) VALUES (105, 1, '2020-03-21', 74.55);
INSERT INTO `softwareengineering`.`exerciselink` (`idLink`, `idUser`, `idExerciseSession`, `date`) VALUES (107, 1, 20, '2020-03-20');
INSERT INTO `softwareengineering`.`diet` (`idDiet`, `idUser`, `idMeal`, `date`) VALUES (869, 1, 9, '2020-03-20');
INSERT INTO `softwareengineering`.`diet` (`idDiet`, `idUser`, `idMeal`, `date`) VALUES (870, 1, 23, '2020-03-20');
INSERT INTO `softwareengineering`.`diet` (`idDiet`, `idUser`, `idMeal`, `date`) VALUES (871, 1, 43, '2020-03-20');
INSERT INTO `softwareengineering`.`diet` (`idDiet`, `idUser`, `idMeal`, `date`) VALUES (872, 1, 38, '2020-03-20');
INSERT INTO `softwareengineering`.`diet` (`idDiet`, `idUser`, `idMeal`, `date`) VALUES (873, 1, 31, '2020-03-20');
INSERT INTO `softwareengineering`.`diet` (`idDiet`, `idUser`, `idMeal`, `date`) VALUES (874, 1, 45, '2020-03-20');
INSERT INTO `softwareengineering`.`diet` (`idDiet`, `idUser`, `idMeal`, `date`) VALUES (875, 1, 47, '2020-03-20');
INSERT INTO `softwareengineering`.`weighttracking` (`idWeightTracking`, `idUser`, `date`, `weight`) VALUES (106, 1, '2020-03-20', 74.79);
INSERT INTO `softwareengineering`.`exerciselink` (`idLink`, `idUser`, `idExerciseSession`, `date`) VALUES (108, 1, 7, '2020-03-19');
INSERT INTO `softwareengineering`.`exerciselink` (`idLink`, `idUser`, `idExerciseSession`, `date`) VALUES (109, 1, 2, '2020-03-19');
INSERT INTO `softwareengineering`.`diet` (`idDiet`, `idUser`, `idMeal`, `date`) VALUES (876, 1, 13, '2020-03-19');
INSERT INTO `softwareengineering`.`diet` (`idDiet`, `idUser`, `idMeal`, `date`) VALUES (877, 1, 17, '2020-03-19');
INSERT INTO `softwareengineering`.`diet` (`idDiet`, `idUser`, `idMeal`, `date`) VALUES (878, 1, 20, '2020-03-19');
INSERT INTO `softwareengineering`.`diet` (`idDiet`, `idUser`, `idMeal`, `date`) VALUES (879, 1, 22, '2020-03-19');
INSERT INTO `softwareengineering`.`diet` (`idDiet`, `idUser`, `idMeal`, `date`) VALUES (880, 1, 43, '2020-03-19');
INSERT INTO `softwareengineering`.`diet` (`idDiet`, `idUser`, `idMeal`, `date`) VALUES (881, 1, 53, '2020-03-19');
INSERT INTO `softwareengineering`.`diet` (`idDiet`, `idUser`, `idMeal`, `date`) VALUES (882, 1, 54, '2020-03-19');
INSERT INTO `softwareengineering`.`weighttracking` (`idWeightTracking`, `idUser`, `date`, `weight`) VALUES (107, 1, '2020-03-19', 74.78);
INSERT INTO `softwareengineering`.`exerciselink` (`idLink`, `idUser`, `idExerciseSession`, `date`) VALUES (110, 1, 17, '2020-03-18');
INSERT INTO `softwareengineering`.`exerciselink` (`idLink`, `idUser`, `idExerciseSession`, `date`) VALUES (111, 1, 8, '2020-03-18');
INSERT INTO `softwareengineering`.`diet` (`idDiet`, `idUser`, `idMeal`, `date`) VALUES (883, 1, 4, '2020-03-18');
INSERT INTO `softwareengineering`.`diet` (`idDiet`, `idUser`, `idMeal`, `date`) VALUES (884, 1, 6, '2020-03-18');
INSERT INTO `softwareengineering`.`diet` (`idDiet`, `idUser`, `idMeal`, `date`) VALUES (885, 1, 16, '2020-03-18');
INSERT INTO `softwareengineering`.`diet` (`idDiet`, `idUser`, `idMeal`, `date`) VALUES (886, 1, 32, '2020-03-18');
INSERT INTO `softwareengineering`.`diet` (`idDiet`, `idUser`, `idMeal`, `date`) VALUES (887, 1, 55, '2020-03-18');
INSERT INTO `softwareengineering`.`weighttracking` (`idWeightTracking`, `idUser`, `date`, `weight`) VALUES (108, 1, '2020-03-18', 74.61);
INSERT INTO `softwareengineering`.`exerciselink` (`idLink`, `idUser`, `idExerciseSession`, `date`) VALUES (112, 1, 4, '2020-03-17');
INSERT INTO `softwareengineering`.`diet` (`idDiet`, `idUser`, `idMeal`, `date`) VALUES (888, 1, 4, '2020-03-17');
INSERT INTO `softwareengineering`.`diet` (`idDiet`, `idUser`, `idMeal`, `date`) VALUES (889, 1, 21, '2020-03-17');
INSERT INTO `softwareengineering`.`diet` (`idDiet`, `idUser`, `idMeal`, `date`) VALUES (890, 1, 30, '2020-03-17');
INSERT INTO `softwareengineering`.`diet` (`idDiet`, `idUser`, `idMeal`, `date`) VALUES (891, 1, 49, '2020-03-17');
INSERT INTO `softwareengineering`.`diet` (`idDiet`, `idUser`, `idMeal`, `date`) VALUES (892, 1, 45, '2020-03-17');
INSERT INTO `softwareengineering`.`diet` (`idDiet`, `idUser`, `idMeal`, `date`) VALUES (893, 1, 54, '2020-03-17');
INSERT INTO `softwareengineering`.`weighttracking` (`idWeightTracking`, `idUser`, `date`, `weight`) VALUES (109, 1, '2020-03-17', 74.58);
INSERT INTO `softwareengineering`.`exerciselink` (`idLink`, `idUser`, `idExerciseSession`, `date`) VALUES (113, 1, 13, '2020-03-16');
INSERT INTO `softwareengineering`.`diet` (`idDiet`, `idUser`, `idMeal`, `date`) VALUES (894, 1, 6, '2020-03-16');
INSERT INTO `softwareengineering`.`diet` (`idDiet`, `idUser`, `idMeal`, `date`) VALUES (895, 1, 16, '2020-03-16');
INSERT INTO `softwareengineering`.`diet` (`idDiet`, `idUser`, `idMeal`, `date`) VALUES (896, 1, 23, '2020-03-16');
INSERT INTO `softwareengineering`.`diet` (`idDiet`, `idUser`, `idMeal`, `date`) VALUES (897, 1, 32, '2020-03-16');
INSERT INTO `softwareengineering`.`diet` (`idDiet`, `idUser`, `idMeal`, `date`) VALUES (898, 1, 38, '2020-03-16');
INSERT INTO `softwareengineering`.`diet` (`idDiet`, `idUser`, `idMeal`, `date`) VALUES (899, 1, 58, '2020-03-16');
INSERT INTO `softwareengineering`.`weighttracking` (`idWeightTracking`, `idUser`, `date`, `weight`) VALUES (110, 1, '2020-03-16', 74.72);
INSERT INTO `softwareengineering`.`exerciselink` (`idLink`, `idUser`, `idExerciseSession`, `date`) VALUES (114, 1, 12, '2020-03-15');
INSERT INTO `softwareengineering`.`exerciselink` (`idLink`, `idUser`, `idExerciseSession`, `date`) VALUES (115, 1, 22, '2020-03-15');
INSERT INTO `softwareengineering`.`diet` (`idDiet`, `idUser`, `idMeal`, `date`) VALUES (900, 1, 0, '2020-03-15');
INSERT INTO `softwareengineering`.`diet` (`idDiet`, `idUser`, `idMeal`, `date`) VALUES (901, 1, 27, '2020-03-15');
INSERT INTO `softwareengineering`.`diet` (`idDiet`, `idUser`, `idMeal`, `date`) VALUES (902, 1, 23, '2020-03-15');
INSERT INTO `softwareengineering`.`diet` (`idDiet`, `idUser`, `idMeal`, `date`) VALUES (903, 1, 36, '2020-03-15');
INSERT INTO `softwareengineering`.`diet` (`idDiet`, `idUser`, `idMeal`, `date`) VALUES (904, 1, 57, '2020-03-15');
INSERT INTO `softwareengineering`.`diet` (`idDiet`, `idUser`, `idMeal`, `date`) VALUES (905, 1, 51, '2020-03-15');
INSERT INTO `softwareengineering`.`weighttracking` (`idWeightTracking`, `idUser`, `date`, `weight`) VALUES (111, 1, '2020-03-15', 74.58);
INSERT INTO `softwareengineering`.`user` (`idUser`, `forename`, `surname`, `email`, `username`, `password`, `DOB`, `height`, `gender`, `weight`, `calories`) VALUES (2, 'Ashan', 'Louise', 'Ashan.Louise@gmail.com', 'AshanLouise', 'PIttvz+cYNiu2BNkg/pD6Q==', '1971-03-30' , 182, 'M', 90.23, 1799);
INSERT INTO `softwareengineering`.`exerciselink` (`idLink`, `idUser`, `idExerciseSession`, `date`) VALUES (116, 2, 15, '2020-05-09');
INSERT INTO `softwareengineering`.`diet` (`idDiet`, `idUser`, `idMeal`, `date`) VALUES (906, 2, 2, '2020-05-09');
INSERT INTO `softwareengineering`.`diet` (`idDiet`, `idUser`, `idMeal`, `date`) VALUES (907, 2, 1, '2020-05-09');
INSERT INTO `softwareengineering`.`diet` (`idDiet`, `idUser`, `idMeal`, `date`) VALUES (908, 2, 5, '2020-05-09');
INSERT INTO `softwareengineering`.`diet` (`idDiet`, `idUser`, `idMeal`, `date`) VALUES (909, 2, 17, '2020-05-09');
INSERT INTO `softwareengineering`.`diet` (`idDiet`, `idUser`, `idMeal`, `date`) VALUES (910, 2, 36, '2020-05-09');
INSERT INTO `softwareengineering`.`diet` (`idDiet`, `idUser`, `idMeal`, `date`) VALUES (911, 2, 30, '2020-05-09');
INSERT INTO `softwareengineering`.`diet` (`idDiet`, `idUser`, `idMeal`, `date`) VALUES (912, 2, 32, '2020-05-09');
INSERT INTO `softwareengineering`.`diet` (`idDiet`, `idUser`, `idMeal`, `date`) VALUES (913, 2, 50, '2020-05-09');
INSERT INTO `softwareengineering`.`weighttracking` (`idWeightTracking`, `idUser`, `date`, `weight`) VALUES (112, 2, '2020-05-09', 90.28);
INSERT INTO `softwareengineering`.`exerciselink` (`idLink`, `idUser`, `idExerciseSession`, `date`) VALUES (117, 2, 5, '2020-05-08');
INSERT INTO `softwareengineering`.`diet` (`idDiet`, `idUser`, `idMeal`, `date`) VALUES (914, 2, 1, '2020-05-08');
INSERT INTO `softwareengineering`.`diet` (`idDiet`, `idUser`, `idMeal`, `date`) VALUES (915, 2, 26, '2020-05-08');
INSERT INTO `softwareengineering`.`diet` (`idDiet`, `idUser`, `idMeal`, `date`) VALUES (916, 2, 30, '2020-05-08');
INSERT INTO `softwareengineering`.`diet` (`idDiet`, `idUser`, `idMeal`, `date`) VALUES (917, 2, 54, '2020-05-08');
INSERT INTO `softwareengineering`.`diet` (`idDiet`, `idUser`, `idMeal`, `date`) VALUES (918, 2, 51, '2020-05-08');
INSERT INTO `softwareengineering`.`weighttracking` (`idWeightTracking`, `idUser`, `date`, `weight`) VALUES (113, 2, '2020-05-08', 90.48);
INSERT INTO `softwareengineering`.`diet` (`idDiet`, `idUser`, `idMeal`, `date`) VALUES (919, 2, 0, '2020-05-07');
INSERT INTO `softwareengineering`.`diet` (`idDiet`, `idUser`, `idMeal`, `date`) VALUES (920, 2, 14, '2020-05-07');
INSERT INTO `softwareengineering`.`diet` (`idDiet`, `idUser`, `idMeal`, `date`) VALUES (921, 2, 2, '2020-05-07');
INSERT INTO `softwareengineering`.`diet` (`idDiet`, `idUser`, `idMeal`, `date`) VALUES (922, 2, 28, '2020-05-07');
INSERT INTO `softwareengineering`.`diet` (`idDiet`, `idUser`, `idMeal`, `date`) VALUES (923, 2, 23, '2020-05-07');
INSERT INTO `softwareengineering`.`diet` (`idDiet`, `idUser`, `idMeal`, `date`) VALUES (924, 2, 18, '2020-05-07');
INSERT INTO `softwareengineering`.`diet` (`idDiet`, `idUser`, `idMeal`, `date`) VALUES (925, 2, 33, '2020-05-07');
INSERT INTO `softwareengineering`.`diet` (`idDiet`, `idUser`, `idMeal`, `date`) VALUES (926, 2, 30, '2020-05-07');
INSERT INTO `softwareengineering`.`diet` (`idDiet`, `idUser`, `idMeal`, `date`) VALUES (927, 2, 52, '2020-05-07');
INSERT INTO `softwareengineering`.`diet` (`idDiet`, `idUser`, `idMeal`, `date`) VALUES (928, 2, 50, '2020-05-07');
INSERT INTO `softwareengineering`.`weighttracking` (`idWeightTracking`, `idUser`, `date`, `weight`) VALUES (114, 2, '2020-05-07', 90.31);
INSERT INTO `softwareengineering`.`exerciselink` (`idLink`, `idUser`, `idExerciseSession`, `date`) VALUES (118, 2, 19, '2020-05-06');
INSERT INTO `softwareengineering`.`diet` (`idDiet`, `idUser`, `idMeal`, `date`) VALUES (929, 2, 14, '2020-05-06');
INSERT INTO `softwareengineering`.`diet` (`idDiet`, `idUser`, `idMeal`, `date`) VALUES (930, 2, 17, '2020-05-06');
INSERT INTO `softwareengineering`.`diet` (`idDiet`, `idUser`, `idMeal`, `date`) VALUES (931, 2, 16, '2020-05-06');
INSERT INTO `softwareengineering`.`diet` (`idDiet`, `idUser`, `idMeal`, `date`) VALUES (932, 2, 38, '2020-05-06');
INSERT INTO `softwareengineering`.`diet` (`idDiet`, `idUser`, `idMeal`, `date`) VALUES (933, 2, 37, '2020-05-06');
INSERT INTO `softwareengineering`.`diet` (`idDiet`, `idUser`, `idMeal`, `date`) VALUES (934, 2, 52, '2020-05-06');
INSERT INTO `softwareengineering`.`diet` (`idDiet`, `idUser`, `idMeal`, `date`) VALUES (935, 2, 55, '2020-05-06');
INSERT INTO `softwareengineering`.`diet` (`idDiet`, `idUser`, `idMeal`, `date`) VALUES (936, 2, 46, '2020-05-06');
INSERT INTO `softwareengineering`.`weighttracking` (`idWeightTracking`, `idUser`, `date`, `weight`) VALUES (115, 2, '2020-05-06', 90.34);
INSERT INTO `softwareengineering`.`exerciselink` (`idLink`, `idUser`, `idExerciseSession`, `date`) VALUES (119, 2, 18, '2020-05-05');
INSERT INTO `softwareengineering`.`exerciselink` (`idLink`, `idUser`, `idExerciseSession`, `date`) VALUES (120, 2, 16, '2020-05-05');
INSERT INTO `softwareengineering`.`diet` (`idDiet`, `idUser`, `idMeal`, `date`) VALUES (937, 2, 10, '2020-05-05');
INSERT INTO `softwareengineering`.`diet` (`idDiet`, `idUser`, `idMeal`, `date`) VALUES (938, 2, 4, '2020-05-05');
INSERT INTO `softwareengineering`.`diet` (`idDiet`, `idUser`, `idMeal`, `date`) VALUES (939, 2, 18, '2020-05-05');
INSERT INTO `softwareengineering`.`diet` (`idDiet`, `idUser`, `idMeal`, `date`) VALUES (940, 2, 22, '2020-05-05');
INSERT INTO `softwareengineering`.`diet` (`idDiet`, `idUser`, `idMeal`, `date`) VALUES (941, 2, 28, '2020-05-05');
INSERT INTO `softwareengineering`.`diet` (`idDiet`, `idUser`, `idMeal`, `date`) VALUES (942, 2, 36, '2020-05-05');
INSERT INTO `softwareengineering`.`diet` (`idDiet`, `idUser`, `idMeal`, `date`) VALUES (943, 2, 33, '2020-05-05');
INSERT INTO `softwareengineering`.`diet` (`idDiet`, `idUser`, `idMeal`, `date`) VALUES (944, 2, 52, '2020-05-05');
INSERT INTO `softwareengineering`.`diet` (`idDiet`, `idUser`, `idMeal`, `date`) VALUES (945, 2, 46, '2020-05-05');
INSERT INTO `softwareengineering`.`weighttracking` (`idWeightTracking`, `idUser`, `date`, `weight`) VALUES (116, 2, '2020-05-05', 90.38);
INSERT INTO `softwareengineering`.`exerciselink` (`idLink`, `idUser`, `idExerciseSession`, `date`) VALUES (121, 2, 17, '2020-05-04');
INSERT INTO `softwareengineering`.`exerciselink` (`idLink`, `idUser`, `idExerciseSession`, `date`) VALUES (122, 2, 2, '2020-05-04');
INSERT INTO `softwareengineering`.`diet` (`idDiet`, `idUser`, `idMeal`, `date`) VALUES (946, 2, 12, '2020-05-04');
INSERT INTO `softwareengineering`.`diet` (`idDiet`, `idUser`, `idMeal`, `date`) VALUES (947, 2, 8, '2020-05-04');
INSERT INTO `softwareengineering`.`diet` (`idDiet`, `idUser`, `idMeal`, `date`) VALUES (948, 2, 8, '2020-05-04');
INSERT INTO `softwareengineering`.`diet` (`idDiet`, `idUser`, `idMeal`, `date`) VALUES (949, 2, 20, '2020-05-04');
INSERT INTO `softwareengineering`.`diet` (`idDiet`, `idUser`, `idMeal`, `date`) VALUES (950, 2, 23, '2020-05-04');
INSERT INTO `softwareengineering`.`diet` (`idDiet`, `idUser`, `idMeal`, `date`) VALUES (951, 2, 16, '2020-05-04');
INSERT INTO `softwareengineering`.`diet` (`idDiet`, `idUser`, `idMeal`, `date`) VALUES (952, 2, 37, '2020-05-04');
INSERT INTO `softwareengineering`.`diet` (`idDiet`, `idUser`, `idMeal`, `date`) VALUES (953, 2, 51, '2020-05-04');
INSERT INTO `softwareengineering`.`weighttracking` (`idWeightTracking`, `idUser`, `date`, `weight`) VALUES (117, 2, '2020-05-04', 90.28);
INSERT INTO `softwareengineering`.`diet` (`idDiet`, `idUser`, `idMeal`, `date`) VALUES (954, 2, 10, '2020-05-03');
INSERT INTO `softwareengineering`.`diet` (`idDiet`, `idUser`, `idMeal`, `date`) VALUES (955, 2, 16, '2020-05-03');
INSERT INTO `softwareengineering`.`diet` (`idDiet`, `idUser`, `idMeal`, `date`) VALUES (956, 2, 40, '2020-05-03');
INSERT INTO `softwareengineering`.`diet` (`idDiet`, `idUser`, `idMeal`, `date`) VALUES (957, 2, 57, '2020-05-03');
INSERT INTO `softwareengineering`.`diet` (`idDiet`, `idUser`, `idMeal`, `date`) VALUES (958, 2, 52, '2020-05-03');
INSERT INTO `softwareengineering`.`diet` (`idDiet`, `idUser`, `idMeal`, `date`) VALUES (959, 2, 58, '2020-05-03');
INSERT INTO `softwareengineering`.`weighttracking` (`idWeightTracking`, `idUser`, `date`, `weight`) VALUES (118, 2, '2020-05-03', 90.31);
INSERT INTO `softwareengineering`.`exerciselink` (`idLink`, `idUser`, `idExerciseSession`, `date`) VALUES (123, 2, 3, '2020-05-02');
INSERT INTO `softwareengineering`.`exerciselink` (`idLink`, `idUser`, `idExerciseSession`, `date`) VALUES (124, 2, 0, '2020-05-02');
INSERT INTO `softwareengineering`.`diet` (`idDiet`, `idUser`, `idMeal`, `date`) VALUES (960, 2, 5, '2020-05-02');
INSERT INTO `softwareengineering`.`diet` (`idDiet`, `idUser`, `idMeal`, `date`) VALUES (961, 2, 3, '2020-05-02');
INSERT INTO `softwareengineering`.`diet` (`idDiet`, `idUser`, `idMeal`, `date`) VALUES (962, 2, 25, '2020-05-02');
INSERT INTO `softwareengineering`.`diet` (`idDiet`, `idUser`, `idMeal`, `date`) VALUES (963, 2, 20, '2020-05-02');
INSERT INTO `softwareengineering`.`diet` (`idDiet`, `idUser`, `idMeal`, `date`) VALUES (964, 2, 19, '2020-05-02');
INSERT INTO `softwareengineering`.`diet` (`idDiet`, `idUser`, `idMeal`, `date`) VALUES (965, 2, 33, '2020-05-02');
INSERT INTO `softwareengineering`.`diet` (`idDiet`, `idUser`, `idMeal`, `date`) VALUES (966, 2, 37, '2020-05-02');
INSERT INTO `softwareengineering`.`diet` (`idDiet`, `idUser`, `idMeal`, `date`) VALUES (967, 2, 34, '2020-05-02');
INSERT INTO `softwareengineering`.`diet` (`idDiet`, `idUser`, `idMeal`, `date`) VALUES (968, 2, 57, '2020-05-02');
INSERT INTO `softwareengineering`.`diet` (`idDiet`, `idUser`, `idMeal`, `date`) VALUES (969, 2, 50, '2020-05-02');
INSERT INTO `softwareengineering`.`diet` (`idDiet`, `idUser`, `idMeal`, `date`) VALUES (970, 2, 56, '2020-05-02');
INSERT INTO `softwareengineering`.`weighttracking` (`idWeightTracking`, `idUser`, `date`, `weight`) VALUES (119, 2, '2020-05-02', 90.47);
INSERT INTO `softwareengineering`.`exerciselink` (`idLink`, `idUser`, `idExerciseSession`, `date`) VALUES (125, 2, 2, '2020-05-01');
INSERT INTO `softwareengineering`.`exerciselink` (`idLink`, `idUser`, `idExerciseSession`, `date`) VALUES (126, 2, 7, '2020-05-01');
INSERT INTO `softwareengineering`.`diet` (`idDiet`, `idUser`, `idMeal`, `date`) VALUES (971, 2, 13, '2020-05-01');
INSERT INTO `softwareengineering`.`diet` (`idDiet`, `idUser`, `idMeal`, `date`) VALUES (972, 2, 25, '2020-05-01');
INSERT INTO `softwareengineering`.`diet` (`idDiet`, `idUser`, `idMeal`, `date`) VALUES (973, 2, 38, '2020-05-01');
INSERT INTO `softwareengineering`.`diet` (`idDiet`, `idUser`, `idMeal`, `date`) VALUES (974, 2, 42, '2020-05-01');
INSERT INTO `softwareengineering`.`diet` (`idDiet`, `idUser`, `idMeal`, `date`) VALUES (975, 2, 50, '2020-05-01');
INSERT INTO `softwareengineering`.`diet` (`idDiet`, `idUser`, `idMeal`, `date`) VALUES (976, 2, 48, '2020-05-01');
INSERT INTO `softwareengineering`.`diet` (`idDiet`, `idUser`, `idMeal`, `date`) VALUES (977, 2, 54, '2020-05-01');
INSERT INTO `softwareengineering`.`weighttracking` (`idWeightTracking`, `idUser`, `date`, `weight`) VALUES (120, 2, '2020-05-01', 90.34);
INSERT INTO `softwareengineering`.`diet` (`idDiet`, `idUser`, `idMeal`, `date`) VALUES (978, 2, 12, '2020-04-30');
INSERT INTO `softwareengineering`.`diet` (`idDiet`, `idUser`, `idMeal`, `date`) VALUES (979, 2, 11, '2020-04-30');
INSERT INTO `softwareengineering`.`diet` (`idDiet`, `idUser`, `idMeal`, `date`) VALUES (980, 2, 17, '2020-04-30');
INSERT INTO `softwareengineering`.`diet` (`idDiet`, `idUser`, `idMeal`, `date`) VALUES (981, 2, 23, '2020-04-30');
INSERT INTO `softwareengineering`.`diet` (`idDiet`, `idUser`, `idMeal`, `date`) VALUES (982, 2, 19, '2020-04-30');
INSERT INTO `softwareengineering`.`diet` (`idDiet`, `idUser`, `idMeal`, `date`) VALUES (983, 2, 41, '2020-04-30');
INSERT INTO `softwareengineering`.`diet` (`idDiet`, `idUser`, `idMeal`, `date`) VALUES (984, 2, 52, '2020-04-30');
INSERT INTO `softwareengineering`.`weighttracking` (`idWeightTracking`, `idUser`, `date`, `weight`) VALUES (121, 2, '2020-04-30', 90.59);
INSERT INTO `softwareengineering`.`exerciselink` (`idLink`, `idUser`, `idExerciseSession`, `date`) VALUES (127, 2, 10, '2020-04-29');
INSERT INTO `softwareengineering`.`exerciselink` (`idLink`, `idUser`, `idExerciseSession`, `date`) VALUES (128, 2, 21, '2020-04-29');
INSERT INTO `softwareengineering`.`diet` (`idDiet`, `idUser`, `idMeal`, `date`) VALUES (985, 2, 0, '2020-04-29');
INSERT INTO `softwareengineering`.`diet` (`idDiet`, `idUser`, `idMeal`, `date`) VALUES (986, 2, 0, '2020-04-29');
INSERT INTO `softwareengineering`.`diet` (`idDiet`, `idUser`, `idMeal`, `date`) VALUES (987, 2, 8, '2020-04-29');
INSERT INTO `softwareengineering`.`diet` (`idDiet`, `idUser`, `idMeal`, `date`) VALUES (988, 2, 18, '2020-04-29');
INSERT INTO `softwareengineering`.`diet` (`idDiet`, `idUser`, `idMeal`, `date`) VALUES (989, 2, 25, '2020-04-29');
INSERT INTO `softwareengineering`.`diet` (`idDiet`, `idUser`, `idMeal`, `date`) VALUES (990, 2, 15, '2020-04-29');
INSERT INTO `softwareengineering`.`diet` (`idDiet`, `idUser`, `idMeal`, `date`) VALUES (991, 2, 36, '2020-04-29');
INSERT INTO `softwareengineering`.`diet` (`idDiet`, `idUser`, `idMeal`, `date`) VALUES (992, 2, 38, '2020-04-29');
INSERT INTO `softwareengineering`.`diet` (`idDiet`, `idUser`, `idMeal`, `date`) VALUES (993, 2, 30, '2020-04-29');
INSERT INTO `softwareengineering`.`diet` (`idDiet`, `idUser`, `idMeal`, `date`) VALUES (994, 2, 51, '2020-04-29');
INSERT INTO `softwareengineering`.`weighttracking` (`idWeightTracking`, `idUser`, `date`, `weight`) VALUES (122, 2, '2020-04-29', 90.43);
INSERT INTO `softwareengineering`.`exerciselink` (`idLink`, `idUser`, `idExerciseSession`, `date`) VALUES (129, 2, 0, '2020-04-28');
INSERT INTO `softwareengineering`.`exerciselink` (`idLink`, `idUser`, `idExerciseSession`, `date`) VALUES (130, 2, 0, '2020-04-28');
INSERT INTO `softwareengineering`.`diet` (`idDiet`, `idUser`, `idMeal`, `date`) VALUES (995, 2, 7, '2020-04-28');
INSERT INTO `softwareengineering`.`diet` (`idDiet`, `idUser`, `idMeal`, `date`) VALUES (996, 2, 11, '2020-04-28');
INSERT INTO `softwareengineering`.`diet` (`idDiet`, `idUser`, `idMeal`, `date`) VALUES (997, 2, 21, '2020-04-28');
INSERT INTO `softwareengineering`.`diet` (`idDiet`, `idUser`, `idMeal`, `date`) VALUES (998, 2, 15, '2020-04-28');
INSERT INTO `softwareengineering`.`diet` (`idDiet`, `idUser`, `idMeal`, `date`) VALUES (999, 2, 18, '2020-04-28');
INSERT INTO `softwareengineering`.`diet` (`idDiet`, `idUser`, `idMeal`, `date`) VALUES (1000, 2, 39, '2020-04-28');
INSERT INTO `softwareengineering`.`diet` (`idDiet`, `idUser`, `idMeal`, `date`) VALUES (1001, 2, 36, '2020-04-28');
INSERT INTO `softwareengineering`.`diet` (`idDiet`, `idUser`, `idMeal`, `date`) VALUES (1002, 2, 50, '2020-04-28');
INSERT INTO `softwareengineering`.`diet` (`idDiet`, `idUser`, `idMeal`, `date`) VALUES (1003, 2, 53, '2020-04-28');
INSERT INTO `softwareengineering`.`weighttracking` (`idWeightTracking`, `idUser`, `date`, `weight`) VALUES (123, 2, '2020-04-28', 90.72);
INSERT INTO `softwareengineering`.`exerciselink` (`idLink`, `idUser`, `idExerciseSession`, `date`) VALUES (131, 2, 2, '2020-04-27');
INSERT INTO `softwareengineering`.`exerciselink` (`idLink`, `idUser`, `idExerciseSession`, `date`) VALUES (132, 2, 6, '2020-04-27');
INSERT INTO `softwareengineering`.`diet` (`idDiet`, `idUser`, `idMeal`, `date`) VALUES (1004, 2, 4, '2020-04-27');
INSERT INTO `softwareengineering`.`diet` (`idDiet`, `idUser`, `idMeal`, `date`) VALUES (1005, 2, 13, '2020-04-27');
INSERT INTO `softwareengineering`.`diet` (`idDiet`, `idUser`, `idMeal`, `date`) VALUES (1006, 2, 26, '2020-04-27');
INSERT INTO `softwareengineering`.`diet` (`idDiet`, `idUser`, `idMeal`, `date`) VALUES (1007, 2, 28, '2020-04-27');
INSERT INTO `softwareengineering`.`diet` (`idDiet`, `idUser`, `idMeal`, `date`) VALUES (1008, 2, 18, '2020-04-27');
INSERT INTO `softwareengineering`.`diet` (`idDiet`, `idUser`, `idMeal`, `date`) VALUES (1009, 2, 32, '2020-04-27');
INSERT INTO `softwareengineering`.`diet` (`idDiet`, `idUser`, `idMeal`, `date`) VALUES (1010, 2, 35, '2020-04-27');
INSERT INTO `softwareengineering`.`diet` (`idDiet`, `idUser`, `idMeal`, `date`) VALUES (1011, 2, 50, '2020-04-27');
INSERT INTO `softwareengineering`.`weighttracking` (`idWeightTracking`, `idUser`, `date`, `weight`) VALUES (124, 2, '2020-04-27', 90.71);
INSERT INTO `softwareengineering`.`diet` (`idDiet`, `idUser`, `idMeal`, `date`) VALUES (1012, 2, 5, '2020-04-26');
INSERT INTO `softwareengineering`.`diet` (`idDiet`, `idUser`, `idMeal`, `date`) VALUES (1013, 2, 14, '2020-04-26');
INSERT INTO `softwareengineering`.`diet` (`idDiet`, `idUser`, `idMeal`, `date`) VALUES (1014, 2, 8, '2020-04-26');
INSERT INTO `softwareengineering`.`diet` (`idDiet`, `idUser`, `idMeal`, `date`) VALUES (1015, 2, 15, '2020-04-26');
INSERT INTO `softwareengineering`.`diet` (`idDiet`, `idUser`, `idMeal`, `date`) VALUES (1016, 2, 42, '2020-04-26');
INSERT INTO `softwareengineering`.`diet` (`idDiet`, `idUser`, `idMeal`, `date`) VALUES (1017, 2, 56, '2020-04-26');
INSERT INTO `softwareengineering`.`weighttracking` (`idWeightTracking`, `idUser`, `date`, `weight`) VALUES (125, 2, '2020-04-26', 90.71);
INSERT INTO `softwareengineering`.`diet` (`idDiet`, `idUser`, `idMeal`, `date`) VALUES (1018, 2, 13, '2020-04-25');
INSERT INTO `softwareengineering`.`diet` (`idDiet`, `idUser`, `idMeal`, `date`) VALUES (1019, 2, 29, '2020-04-25');
INSERT INTO `softwareengineering`.`diet` (`idDiet`, `idUser`, `idMeal`, `date`) VALUES (1020, 2, 20, '2020-04-25');
INSERT INTO `softwareengineering`.`diet` (`idDiet`, `idUser`, `idMeal`, `date`) VALUES (1021, 2, 27, '2020-04-25');
INSERT INTO `softwareengineering`.`diet` (`idDiet`, `idUser`, `idMeal`, `date`) VALUES (1022, 2, 36, '2020-04-25');
INSERT INTO `softwareengineering`.`diet` (`idDiet`, `idUser`, `idMeal`, `date`) VALUES (1023, 2, 41, '2020-04-25');
INSERT INTO `softwareengineering`.`diet` (`idDiet`, `idUser`, `idMeal`, `date`) VALUES (1024, 2, 34, '2020-04-25');
INSERT INTO `softwareengineering`.`diet` (`idDiet`, `idUser`, `idMeal`, `date`) VALUES (1025, 2, 57, '2020-04-25');
INSERT INTO `softwareengineering`.`diet` (`idDiet`, `idUser`, `idMeal`, `date`) VALUES (1026, 2, 50, '2020-04-25');
INSERT INTO `softwareengineering`.`weighttracking` (`idWeightTracking`, `idUser`, `date`, `weight`) VALUES (126, 2, '2020-04-25', 90.83);
INSERT INTO `softwareengineering`.`exerciselink` (`idLink`, `idUser`, `idExerciseSession`, `date`) VALUES (133, 2, 16, '2020-04-24');
INSERT INTO `softwareengineering`.`exerciselink` (`idLink`, `idUser`, `idExerciseSession`, `date`) VALUES (134, 2, 8, '2020-04-24');
INSERT INTO `softwareengineering`.`diet` (`idDiet`, `idUser`, `idMeal`, `date`) VALUES (1027, 2, 7, '2020-04-24');
INSERT INTO `softwareengineering`.`diet` (`idDiet`, `idUser`, `idMeal`, `date`) VALUES (1028, 2, 2, '2020-04-24');
INSERT INTO `softwareengineering`.`diet` (`idDiet`, `idUser`, `idMeal`, `date`) VALUES (1029, 2, 5, '2020-04-24');
INSERT INTO `softwareengineering`.`diet` (`idDiet`, `idUser`, `idMeal`, `date`) VALUES (1030, 2, 20, '2020-04-24');
INSERT INTO `softwareengineering`.`diet` (`idDiet`, `idUser`, `idMeal`, `date`) VALUES (1031, 2, 22, '2020-04-24');
INSERT INTO `softwareengineering`.`diet` (`idDiet`, `idUser`, `idMeal`, `date`) VALUES (1032, 2, 44, '2020-04-24');
INSERT INTO `softwareengineering`.`diet` (`idDiet`, `idUser`, `idMeal`, `date`) VALUES (1033, 2, 55, '2020-04-24');
INSERT INTO `softwareengineering`.`diet` (`idDiet`, `idUser`, `idMeal`, `date`) VALUES (1034, 2, 56, '2020-04-24');
INSERT INTO `softwareengineering`.`weighttracking` (`idWeightTracking`, `idUser`, `date`, `weight`) VALUES (127, 2, '2020-04-24', 90.78);
INSERT INTO `softwareengineering`.`diet` (`idDiet`, `idUser`, `idMeal`, `date`) VALUES (1035, 2, 12, '2020-04-23');
INSERT INTO `softwareengineering`.`diet` (`idDiet`, `idUser`, `idMeal`, `date`) VALUES (1036, 2, 3, '2020-04-23');
INSERT INTO `softwareengineering`.`diet` (`idDiet`, `idUser`, `idMeal`, `date`) VALUES (1037, 2, 11, '2020-04-23');
INSERT INTO `softwareengineering`.`diet` (`idDiet`, `idUser`, `idMeal`, `date`) VALUES (1038, 2, 22, '2020-04-23');
INSERT INTO `softwareengineering`.`diet` (`idDiet`, `idUser`, `idMeal`, `date`) VALUES (1039, 2, 36, '2020-04-23');
INSERT INTO `softwareengineering`.`diet` (`idDiet`, `idUser`, `idMeal`, `date`) VALUES (1040, 2, 42, '2020-04-23');
INSERT INTO `softwareengineering`.`diet` (`idDiet`, `idUser`, `idMeal`, `date`) VALUES (1041, 2, 33, '2020-04-23');
INSERT INTO `softwareengineering`.`diet` (`idDiet`, `idUser`, `idMeal`, `date`) VALUES (1042, 2, 46, '2020-04-23');
INSERT INTO `softwareengineering`.`diet` (`idDiet`, `idUser`, `idMeal`, `date`) VALUES (1043, 2, 49, '2020-04-23');
INSERT INTO `softwareengineering`.`weighttracking` (`idWeightTracking`, `idUser`, `date`, `weight`) VALUES (128, 2, '2020-04-23', 91.05);
INSERT INTO `softwareengineering`.`exerciselink` (`idLink`, `idUser`, `idExerciseSession`, `date`) VALUES (135, 2, 23, '2020-04-22');
INSERT INTO `softwareengineering`.`diet` (`idDiet`, `idUser`, `idMeal`, `date`) VALUES (1044, 2, 5, '2020-04-22');
INSERT INTO `softwareengineering`.`diet` (`idDiet`, `idUser`, `idMeal`, `date`) VALUES (1045, 2, 4, '2020-04-22');
INSERT INTO `softwareengineering`.`diet` (`idDiet`, `idUser`, `idMeal`, `date`) VALUES (1046, 2, 11, '2020-04-22');
INSERT INTO `softwareengineering`.`diet` (`idDiet`, `idUser`, `idMeal`, `date`) VALUES (1047, 2, 25, '2020-04-22');
INSERT INTO `softwareengineering`.`diet` (`idDiet`, `idUser`, `idMeal`, `date`) VALUES (1048, 2, 16, '2020-04-22');
INSERT INTO `softwareengineering`.`diet` (`idDiet`, `idUser`, `idMeal`, `date`) VALUES (1049, 2, 24, '2020-04-22');
INSERT INTO `softwareengineering`.`diet` (`idDiet`, `idUser`, `idMeal`, `date`) VALUES (1050, 2, 42, '2020-04-22');
INSERT INTO `softwareengineering`.`diet` (`idDiet`, `idUser`, `idMeal`, `date`) VALUES (1051, 2, 41, '2020-04-22');
INSERT INTO `softwareengineering`.`diet` (`idDiet`, `idUser`, `idMeal`, `date`) VALUES (1052, 2, 33, '2020-04-22');
INSERT INTO `softwareengineering`.`diet` (`idDiet`, `idUser`, `idMeal`, `date`) VALUES (1053, 2, 59, '2020-04-22');
INSERT INTO `softwareengineering`.`diet` (`idDiet`, `idUser`, `idMeal`, `date`) VALUES (1054, 2, 52, '2020-04-22');
INSERT INTO `softwareengineering`.`weighttracking` (`idWeightTracking`, `idUser`, `date`, `weight`) VALUES (129, 2, '2020-04-22', 90.96);
INSERT INTO `softwareengineering`.`exerciselink` (`idLink`, `idUser`, `idExerciseSession`, `date`) VALUES (136, 2, 18, '2020-04-21');
INSERT INTO `softwareengineering`.`diet` (`idDiet`, `idUser`, `idMeal`, `date`) VALUES (1055, 2, 5, '2020-04-21');
INSERT INTO `softwareengineering`.`diet` (`idDiet`, `idUser`, `idMeal`, `date`) VALUES (1056, 2, 5, '2020-04-21');
INSERT INTO `softwareengineering`.`diet` (`idDiet`, `idUser`, `idMeal`, `date`) VALUES (1057, 2, 9, '2020-04-21');
INSERT INTO `softwareengineering`.`diet` (`idDiet`, `idUser`, `idMeal`, `date`) VALUES (1058, 2, 29, '2020-04-21');
INSERT INTO `softwareengineering`.`diet` (`idDiet`, `idUser`, `idMeal`, `date`) VALUES (1059, 2, 27, '2020-04-21');
INSERT INTO `softwareengineering`.`diet` (`idDiet`, `idUser`, `idMeal`, `date`) VALUES (1060, 2, 38, '2020-04-21');
INSERT INTO `softwareengineering`.`diet` (`idDiet`, `idUser`, `idMeal`, `date`) VALUES (1061, 2, 36, '2020-04-21');
INSERT INTO `softwareengineering`.`diet` (`idDiet`, `idUser`, `idMeal`, `date`) VALUES (1062, 2, 37, '2020-04-21');
INSERT INTO `softwareengineering`.`diet` (`idDiet`, `idUser`, `idMeal`, `date`) VALUES (1063, 2, 51, '2020-04-21');
INSERT INTO `softwareengineering`.`diet` (`idDiet`, `idUser`, `idMeal`, `date`) VALUES (1064, 2, 54, '2020-04-21');
INSERT INTO `softwareengineering`.`diet` (`idDiet`, `idUser`, `idMeal`, `date`) VALUES (1065, 2, 46, '2020-04-21');
INSERT INTO `softwareengineering`.`weighttracking` (`idWeightTracking`, `idUser`, `date`, `weight`) VALUES (130, 2, '2020-04-21', 91.23);
INSERT INTO `softwareengineering`.`exerciselink` (`idLink`, `idUser`, `idExerciseSession`, `date`) VALUES (137, 2, 6, '2020-04-20');
INSERT INTO `softwareengineering`.`diet` (`idDiet`, `idUser`, `idMeal`, `date`) VALUES (1066, 2, 3, '2020-04-20');
INSERT INTO `softwareengineering`.`diet` (`idDiet`, `idUser`, `idMeal`, `date`) VALUES (1067, 2, 25, '2020-04-20');
INSERT INTO `softwareengineering`.`diet` (`idDiet`, `idUser`, `idMeal`, `date`) VALUES (1068, 2, 29, '2020-04-20');
INSERT INTO `softwareengineering`.`diet` (`idDiet`, `idUser`, `idMeal`, `date`) VALUES (1069, 2, 34, '2020-04-20');
INSERT INTO `softwareengineering`.`diet` (`idDiet`, `idUser`, `idMeal`, `date`) VALUES (1070, 2, 33, '2020-04-20');
INSERT INTO `softwareengineering`.`diet` (`idDiet`, `idUser`, `idMeal`, `date`) VALUES (1071, 2, 35, '2020-04-20');
INSERT INTO `softwareengineering`.`diet` (`idDiet`, `idUser`, `idMeal`, `date`) VALUES (1072, 2, 50, '2020-04-20');
INSERT INTO `softwareengineering`.`diet` (`idDiet`, `idUser`, `idMeal`, `date`) VALUES (1073, 2, 49, '2020-04-20');
INSERT INTO `softwareengineering`.`weighttracking` (`idWeightTracking`, `idUser`, `date`, `weight`) VALUES (131, 2, '2020-04-20', 91.04);
INSERT INTO `softwareengineering`.`diet` (`idDiet`, `idUser`, `idMeal`, `date`) VALUES (1074, 2, 1, '2020-04-19');
INSERT INTO `softwareengineering`.`diet` (`idDiet`, `idUser`, `idMeal`, `date`) VALUES (1075, 2, 10, '2020-04-19');
INSERT INTO `softwareengineering`.`diet` (`idDiet`, `idUser`, `idMeal`, `date`) VALUES (1076, 2, 25, '2020-04-19');
INSERT INTO `softwareengineering`.`diet` (`idDiet`, `idUser`, `idMeal`, `date`) VALUES (1077, 2, 29, '2020-04-19');
INSERT INTO `softwareengineering`.`diet` (`idDiet`, `idUser`, `idMeal`, `date`) VALUES (1078, 2, 32, '2020-04-19');
INSERT INTO `softwareengineering`.`diet` (`idDiet`, `idUser`, `idMeal`, `date`) VALUES (1079, 2, 36, '2020-04-19');
INSERT INTO `softwareengineering`.`diet` (`idDiet`, `idUser`, `idMeal`, `date`) VALUES (1080, 2, 57, '2020-04-19');
INSERT INTO `softwareengineering`.`diet` (`idDiet`, `idUser`, `idMeal`, `date`) VALUES (1081, 2, 59, '2020-04-19');
INSERT INTO `softwareengineering`.`diet` (`idDiet`, `idUser`, `idMeal`, `date`) VALUES (1082, 2, 47, '2020-04-19');
INSERT INTO `softwareengineering`.`weighttracking` (`idWeightTracking`, `idUser`, `date`, `weight`) VALUES (132, 2, '2020-04-19', 91.18);
INSERT INTO `softwareengineering`.`diet` (`idDiet`, `idUser`, `idMeal`, `date`) VALUES (1083, 2, 1, '2020-04-18');
INSERT INTO `softwareengineering`.`diet` (`idDiet`, `idUser`, `idMeal`, `date`) VALUES (1084, 2, 13, '2020-04-18');
INSERT INTO `softwareengineering`.`diet` (`idDiet`, `idUser`, `idMeal`, `date`) VALUES (1085, 2, 20, '2020-04-18');
INSERT INTO `softwareengineering`.`diet` (`idDiet`, `idUser`, `idMeal`, `date`) VALUES (1086, 2, 27, '2020-04-18');
INSERT INTO `softwareengineering`.`diet` (`idDiet`, `idUser`, `idMeal`, `date`) VALUES (1087, 2, 26, '2020-04-18');
INSERT INTO `softwareengineering`.`diet` (`idDiet`, `idUser`, `idMeal`, `date`) VALUES (1088, 2, 43, '2020-04-18');
INSERT INTO `softwareengineering`.`diet` (`idDiet`, `idUser`, `idMeal`, `date`) VALUES (1089, 2, 34, '2020-04-18');
INSERT INTO `softwareengineering`.`diet` (`idDiet`, `idUser`, `idMeal`, `date`) VALUES (1090, 2, 38, '2020-04-18');
INSERT INTO `softwareengineering`.`diet` (`idDiet`, `idUser`, `idMeal`, `date`) VALUES (1091, 2, 51, '2020-04-18');
INSERT INTO `softwareengineering`.`weighttracking` (`idWeightTracking`, `idUser`, `date`, `weight`) VALUES (133, 2, '2020-04-18', 91.03);
INSERT INTO `softwareengineering`.`exerciselink` (`idLink`, `idUser`, `idExerciseSession`, `date`) VALUES (138, 2, 12, '2020-04-17');
INSERT INTO `softwareengineering`.`exerciselink` (`idLink`, `idUser`, `idExerciseSession`, `date`) VALUES (139, 2, 2, '2020-04-17');
INSERT INTO `softwareengineering`.`diet` (`idDiet`, `idUser`, `idMeal`, `date`) VALUES (1092, 2, 8, '2020-04-17');
INSERT INTO `softwareengineering`.`diet` (`idDiet`, `idUser`, `idMeal`, `date`) VALUES (1093, 2, 8, '2020-04-17');
INSERT INTO `softwareengineering`.`diet` (`idDiet`, `idUser`, `idMeal`, `date`) VALUES (1094, 2, 23, '2020-04-17');
INSERT INTO `softwareengineering`.`diet` (`idDiet`, `idUser`, `idMeal`, `date`) VALUES (1095, 2, 44, '2020-04-17');
INSERT INTO `softwareengineering`.`diet` (`idDiet`, `idUser`, `idMeal`, `date`) VALUES (1096, 2, 34, '2020-04-17');
INSERT INTO `softwareengineering`.`diet` (`idDiet`, `idUser`, `idMeal`, `date`) VALUES (1097, 2, 52, '2020-04-17');
INSERT INTO `softwareengineering`.`diet` (`idDiet`, `idUser`, `idMeal`, `date`) VALUES (1098, 2, 53, '2020-04-17');
INSERT INTO `softwareengineering`.`weighttracking` (`idWeightTracking`, `idUser`, `date`, `weight`) VALUES (134, 2, '2020-04-17', 91.2);
INSERT INTO `softwareengineering`.`diet` (`idDiet`, `idUser`, `idMeal`, `date`) VALUES (1099, 2, 13, '2020-04-16');
INSERT INTO `softwareengineering`.`diet` (`idDiet`, `idUser`, `idMeal`, `date`) VALUES (1100, 2, 2, '2020-04-16');
INSERT INTO `softwareengineering`.`diet` (`idDiet`, `idUser`, `idMeal`, `date`) VALUES (1101, 2, 23, '2020-04-16');
INSERT INTO `softwareengineering`.`diet` (`idDiet`, `idUser`, `idMeal`, `date`) VALUES (1102, 2, 42, '2020-04-16');
INSERT INTO `softwareengineering`.`diet` (`idDiet`, `idUser`, `idMeal`, `date`) VALUES (1103, 2, 35, '2020-04-16');
INSERT INTO `softwareengineering`.`diet` (`idDiet`, `idUser`, `idMeal`, `date`) VALUES (1104, 2, 53, '2020-04-16');
INSERT INTO `softwareengineering`.`weighttracking` (`idWeightTracking`, `idUser`, `date`, `weight`) VALUES (135, 2, '2020-04-16', 91.08);
INSERT INTO `softwareengineering`.`exerciselink` (`idLink`, `idUser`, `idExerciseSession`, `date`) VALUES (140, 2, 10, '2020-04-15');
INSERT INTO `softwareengineering`.`diet` (`idDiet`, `idUser`, `idMeal`, `date`) VALUES (1105, 2, 11, '2020-04-15');
INSERT INTO `softwareengineering`.`diet` (`idDiet`, `idUser`, `idMeal`, `date`) VALUES (1106, 2, 11, '2020-04-15');
INSERT INTO `softwareengineering`.`diet` (`idDiet`, `idUser`, `idMeal`, `date`) VALUES (1107, 2, 4, '2020-04-15');
INSERT INTO `softwareengineering`.`diet` (`idDiet`, `idUser`, `idMeal`, `date`) VALUES (1108, 2, 18, '2020-04-15');
INSERT INTO `softwareengineering`.`diet` (`idDiet`, `idUser`, `idMeal`, `date`) VALUES (1109, 2, 19, '2020-04-15');
INSERT INTO `softwareengineering`.`diet` (`idDiet`, `idUser`, `idMeal`, `date`) VALUES (1110, 2, 42, '2020-04-15');
INSERT INTO `softwareengineering`.`diet` (`idDiet`, `idUser`, `idMeal`, `date`) VALUES (1111, 2, 36, '2020-04-15');
INSERT INTO `softwareengineering`.`diet` (`idDiet`, `idUser`, `idMeal`, `date`) VALUES (1112, 2, 52, '2020-04-15');
INSERT INTO `softwareengineering`.`diet` (`idDiet`, `idUser`, `idMeal`, `date`) VALUES (1113, 2, 51, '2020-04-15');
INSERT INTO `softwareengineering`.`diet` (`idDiet`, `idUser`, `idMeal`, `date`) VALUES (1114, 2, 47, '2020-04-15');
INSERT INTO `softwareengineering`.`weighttracking` (`idWeightTracking`, `idUser`, `date`, `weight`) VALUES (136, 2, '2020-04-15', 91.05);
INSERT INTO `softwareengineering`.`exerciselink` (`idLink`, `idUser`, `idExerciseSession`, `date`) VALUES (141, 2, 17, '2020-04-14');
INSERT INTO `softwareengineering`.`exerciselink` (`idLink`, `idUser`, `idExerciseSession`, `date`) VALUES (142, 2, 23, '2020-04-14');
INSERT INTO `softwareengineering`.`diet` (`idDiet`, `idUser`, `idMeal`, `date`) VALUES (1115, 2, 6, '2020-04-14');
INSERT INTO `softwareengineering`.`diet` (`idDiet`, `idUser`, `idMeal`, `date`) VALUES (1116, 2, 3, '2020-04-14');
INSERT INTO `softwareengineering`.`diet` (`idDiet`, `idUser`, `idMeal`, `date`) VALUES (1117, 2, 6, '2020-04-14');
INSERT INTO `softwareengineering`.`diet` (`idDiet`, `idUser`, `idMeal`, `date`) VALUES (1118, 2, 27, '2020-04-14');
INSERT INTO `softwareengineering`.`diet` (`idDiet`, `idUser`, `idMeal`, `date`) VALUES (1119, 2, 18, '2020-04-14');
INSERT INTO `softwareengineering`.`diet` (`idDiet`, `idUser`, `idMeal`, `date`) VALUES (1120, 2, 38, '2020-04-14');
INSERT INTO `softwareengineering`.`diet` (`idDiet`, `idUser`, `idMeal`, `date`) VALUES (1121, 2, 31, '2020-04-14');
INSERT INTO `softwareengineering`.`diet` (`idDiet`, `idUser`, `idMeal`, `date`) VALUES (1122, 2, 48, '2020-04-14');
INSERT INTO `softwareengineering`.`diet` (`idDiet`, `idUser`, `idMeal`, `date`) VALUES (1123, 2, 53, '2020-04-14');
INSERT INTO `softwareengineering`.`diet` (`idDiet`, `idUser`, `idMeal`, `date`) VALUES (1124, 2, 53, '2020-04-14');
INSERT INTO `softwareengineering`.`weighttracking` (`idWeightTracking`, `idUser`, `date`, `weight`) VALUES (137, 2, '2020-04-14', 91.13);
INSERT INTO `softwareengineering`.`exerciselink` (`idLink`, `idUser`, `idExerciseSession`, `date`) VALUES (143, 2, 18, '2020-04-13');
INSERT INTO `softwareengineering`.`diet` (`idDiet`, `idUser`, `idMeal`, `date`) VALUES (1125, 2, 1, '2020-04-13');
INSERT INTO `softwareengineering`.`diet` (`idDiet`, `idUser`, `idMeal`, `date`) VALUES (1126, 2, 2, '2020-04-13');
INSERT INTO `softwareengineering`.`diet` (`idDiet`, `idUser`, `idMeal`, `date`) VALUES (1127, 2, 28, '2020-04-13');
INSERT INTO `softwareengineering`.`diet` (`idDiet`, `idUser`, `idMeal`, `date`) VALUES (1128, 2, 26, '2020-04-13');
INSERT INTO `softwareengineering`.`diet` (`idDiet`, `idUser`, `idMeal`, `date`) VALUES (1129, 2, 32, '2020-04-13');
INSERT INTO `softwareengineering`.`diet` (`idDiet`, `idUser`, `idMeal`, `date`) VALUES (1130, 2, 50, '2020-04-13');
INSERT INTO `softwareengineering`.`diet` (`idDiet`, `idUser`, `idMeal`, `date`) VALUES (1131, 2, 53, '2020-04-13');
INSERT INTO `softwareengineering`.`diet` (`idDiet`, `idUser`, `idMeal`, `date`) VALUES (1132, 2, 59, '2020-04-13');
INSERT INTO `softwareengineering`.`weighttracking` (`idWeightTracking`, `idUser`, `date`, `weight`) VALUES (138, 2, '2020-04-13', 91.13);
INSERT INTO `softwareengineering`.`diet` (`idDiet`, `idUser`, `idMeal`, `date`) VALUES (1133, 2, 6, '2020-04-12');
INSERT INTO `softwareengineering`.`diet` (`idDiet`, `idUser`, `idMeal`, `date`) VALUES (1134, 2, 12, '2020-04-12');
INSERT INTO `softwareengineering`.`diet` (`idDiet`, `idUser`, `idMeal`, `date`) VALUES (1135, 2, 12, '2020-04-12');
INSERT INTO `softwareengineering`.`diet` (`idDiet`, `idUser`, `idMeal`, `date`) VALUES (1136, 2, 18, '2020-04-12');
INSERT INTO `softwareengineering`.`diet` (`idDiet`, `idUser`, `idMeal`, `date`) VALUES (1137, 2, 39, '2020-04-12');
INSERT INTO `softwareengineering`.`diet` (`idDiet`, `idUser`, `idMeal`, `date`) VALUES (1138, 2, 30, '2020-04-12');
INSERT INTO `softwareengineering`.`diet` (`idDiet`, `idUser`, `idMeal`, `date`) VALUES (1139, 2, 36, '2020-04-12');
INSERT INTO `softwareengineering`.`diet` (`idDiet`, `idUser`, `idMeal`, `date`) VALUES (1140, 2, 55, '2020-04-12');
INSERT INTO `softwareengineering`.`diet` (`idDiet`, `idUser`, `idMeal`, `date`) VALUES (1141, 2, 50, '2020-04-12');
INSERT INTO `softwareengineering`.`diet` (`idDiet`, `idUser`, `idMeal`, `date`) VALUES (1142, 2, 48, '2020-04-12');
INSERT INTO `softwareengineering`.`weighttracking` (`idWeightTracking`, `idUser`, `date`, `weight`) VALUES (139, 2, '2020-04-12', 91.05);
INSERT INTO `softwareengineering`.`exerciselink` (`idLink`, `idUser`, `idExerciseSession`, `date`) VALUES (144, 2, 14, '2020-04-11');
INSERT INTO `softwareengineering`.`exerciselink` (`idLink`, `idUser`, `idExerciseSession`, `date`) VALUES (145, 2, 10, '2020-04-11');
INSERT INTO `softwareengineering`.`diet` (`idDiet`, `idUser`, `idMeal`, `date`) VALUES (1143, 2, 4, '2020-04-11');
INSERT INTO `softwareengineering`.`diet` (`idDiet`, `idUser`, `idMeal`, `date`) VALUES (1144, 2, 0, '2020-04-11');
INSERT INTO `softwareengineering`.`diet` (`idDiet`, `idUser`, `idMeal`, `date`) VALUES (1145, 2, 27, '2020-04-11');
INSERT INTO `softwareengineering`.`diet` (`idDiet`, `idUser`, `idMeal`, `date`) VALUES (1146, 2, 28, '2020-04-11');
INSERT INTO `softwareengineering`.`diet` (`idDiet`, `idUser`, `idMeal`, `date`) VALUES (1147, 2, 42, '2020-04-11');
INSERT INTO `softwareengineering`.`diet` (`idDiet`, `idUser`, `idMeal`, `date`) VALUES (1148, 2, 54, '2020-04-11');
INSERT INTO `softwareengineering`.`diet` (`idDiet`, `idUser`, `idMeal`, `date`) VALUES (1149, 2, 52, '2020-04-11');
INSERT INTO `softwareengineering`.`weighttracking` (`idWeightTracking`, `idUser`, `date`, `weight`) VALUES (140, 2, '2020-04-11', 91.35);
INSERT INTO `softwareengineering`.`diet` (`idDiet`, `idUser`, `idMeal`, `date`) VALUES (1150, 2, 4, '2020-04-10');
INSERT INTO `softwareengineering`.`diet` (`idDiet`, `idUser`, `idMeal`, `date`) VALUES (1151, 2, 14, '2020-04-10');
INSERT INTO `softwareengineering`.`diet` (`idDiet`, `idUser`, `idMeal`, `date`) VALUES (1152, 2, 2, '2020-04-10');
INSERT INTO `softwareengineering`.`diet` (`idDiet`, `idUser`, `idMeal`, `date`) VALUES (1153, 2, 16, '2020-04-10');
INSERT INTO `softwareengineering`.`diet` (`idDiet`, `idUser`, `idMeal`, `date`) VALUES (1154, 2, 19, '2020-04-10');
INSERT INTO `softwareengineering`.`diet` (`idDiet`, `idUser`, `idMeal`, `date`) VALUES (1155, 2, 25, '2020-04-10');
INSERT INTO `softwareengineering`.`diet` (`idDiet`, `idUser`, `idMeal`, `date`) VALUES (1156, 2, 30, '2020-04-10');
INSERT INTO `softwareengineering`.`diet` (`idDiet`, `idUser`, `idMeal`, `date`) VALUES (1157, 2, 39, '2020-04-10');
INSERT INTO `softwareengineering`.`diet` (`idDiet`, `idUser`, `idMeal`, `date`) VALUES (1158, 2, 49, '2020-04-10');
INSERT INTO `softwareengineering`.`weighttracking` (`idWeightTracking`, `idUser`, `date`, `weight`) VALUES (141, 2, '2020-04-10', 91.52);
INSERT INTO `softwareengineering`.`exerciselink` (`idLink`, `idUser`, `idExerciseSession`, `date`) VALUES (146, 2, 12, '2020-04-09');
INSERT INTO `softwareengineering`.`exerciselink` (`idLink`, `idUser`, `idExerciseSession`, `date`) VALUES (147, 2, 23, '2020-04-09');
INSERT INTO `softwareengineering`.`diet` (`idDiet`, `idUser`, `idMeal`, `date`) VALUES (1159, 2, 6, '2020-04-09');
INSERT INTO `softwareengineering`.`diet` (`idDiet`, `idUser`, `idMeal`, `date`) VALUES (1160, 2, 0, '2020-04-09');
INSERT INTO `softwareengineering`.`diet` (`idDiet`, `idUser`, `idMeal`, `date`) VALUES (1161, 2, 17, '2020-04-09');
INSERT INTO `softwareengineering`.`diet` (`idDiet`, `idUser`, `idMeal`, `date`) VALUES (1162, 2, 29, '2020-04-09');
INSERT INTO `softwareengineering`.`diet` (`idDiet`, `idUser`, `idMeal`, `date`) VALUES (1163, 2, 29, '2020-04-09');
INSERT INTO `softwareengineering`.`diet` (`idDiet`, `idUser`, `idMeal`, `date`) VALUES (1164, 2, 36, '2020-04-09');
INSERT INTO `softwareengineering`.`diet` (`idDiet`, `idUser`, `idMeal`, `date`) VALUES (1165, 2, 57, '2020-04-09');
INSERT INTO `softwareengineering`.`diet` (`idDiet`, `idUser`, `idMeal`, `date`) VALUES (1166, 2, 45, '2020-04-09');
INSERT INTO `softwareengineering`.`diet` (`idDiet`, `idUser`, `idMeal`, `date`) VALUES (1167, 2, 51, '2020-04-09');
INSERT INTO `softwareengineering`.`weighttracking` (`idWeightTracking`, `idUser`, `date`, `weight`) VALUES (142, 2, '2020-04-09', 91.34);
INSERT INTO `softwareengineering`.`exerciselink` (`idLink`, `idUser`, `idExerciseSession`, `date`) VALUES (148, 2, 18, '2020-04-08');
INSERT INTO `softwareengineering`.`diet` (`idDiet`, `idUser`, `idMeal`, `date`) VALUES (1168, 2, 6, '2020-04-08');
INSERT INTO `softwareengineering`.`diet` (`idDiet`, `idUser`, `idMeal`, `date`) VALUES (1169, 2, 13, '2020-04-08');
INSERT INTO `softwareengineering`.`diet` (`idDiet`, `idUser`, `idMeal`, `date`) VALUES (1170, 2, 21, '2020-04-08');
INSERT INTO `softwareengineering`.`diet` (`idDiet`, `idUser`, `idMeal`, `date`) VALUES (1171, 2, 35, '2020-04-08');
INSERT INTO `softwareengineering`.`diet` (`idDiet`, `idUser`, `idMeal`, `date`) VALUES (1172, 2, 31, '2020-04-08');
INSERT INTO `softwareengineering`.`diet` (`idDiet`, `idUser`, `idMeal`, `date`) VALUES (1173, 2, 57, '2020-04-08');
INSERT INTO `softwareengineering`.`diet` (`idDiet`, `idUser`, `idMeal`, `date`) VALUES (1174, 2, 59, '2020-04-08');
INSERT INTO `softwareengineering`.`diet` (`idDiet`, `idUser`, `idMeal`, `date`) VALUES (1175, 2, 55, '2020-04-08');
INSERT INTO `softwareengineering`.`weighttracking` (`idWeightTracking`, `idUser`, `date`, `weight`) VALUES (143, 2, '2020-04-08', 91.48);
INSERT INTO `softwareengineering`.`exerciselink` (`idLink`, `idUser`, `idExerciseSession`, `date`) VALUES (149, 2, 21, '2020-04-07');
INSERT INTO `softwareengineering`.`diet` (`idDiet`, `idUser`, `idMeal`, `date`) VALUES (1176, 2, 3, '2020-04-07');
INSERT INTO `softwareengineering`.`diet` (`idDiet`, `idUser`, `idMeal`, `date`) VALUES (1177, 2, 7, '2020-04-07');
INSERT INTO `softwareengineering`.`diet` (`idDiet`, `idUser`, `idMeal`, `date`) VALUES (1178, 2, 23, '2020-04-07');
INSERT INTO `softwareengineering`.`diet` (`idDiet`, `idUser`, `idMeal`, `date`) VALUES (1179, 2, 43, '2020-04-07');
INSERT INTO `softwareengineering`.`diet` (`idDiet`, `idUser`, `idMeal`, `date`) VALUES (1180, 2, 53, '2020-04-07');
INSERT INTO `softwareengineering`.`diet` (`idDiet`, `idUser`, `idMeal`, `date`) VALUES (1181, 2, 56, '2020-04-07');
INSERT INTO `softwareengineering`.`diet` (`idDiet`, `idUser`, `idMeal`, `date`) VALUES (1182, 2, 58, '2020-04-07');
INSERT INTO `softwareengineering`.`weighttracking` (`idWeightTracking`, `idUser`, `date`, `weight`) VALUES (144, 2, '2020-04-07', 91.55);
INSERT INTO `softwareengineering`.`diet` (`idDiet`, `idUser`, `idMeal`, `date`) VALUES (1183, 2, 6, '2020-04-06');
INSERT INTO `softwareengineering`.`diet` (`idDiet`, `idUser`, `idMeal`, `date`) VALUES (1184, 2, 3, '2020-04-06');
INSERT INTO `softwareengineering`.`diet` (`idDiet`, `idUser`, `idMeal`, `date`) VALUES (1185, 2, 7, '2020-04-06');
INSERT INTO `softwareengineering`.`diet` (`idDiet`, `idUser`, `idMeal`, `date`) VALUES (1186, 2, 25, '2020-04-06');
INSERT INTO `softwareengineering`.`diet` (`idDiet`, `idUser`, `idMeal`, `date`) VALUES (1187, 2, 25, '2020-04-06');
INSERT INTO `softwareengineering`.`diet` (`idDiet`, `idUser`, `idMeal`, `date`) VALUES (1188, 2, 35, '2020-04-06');
INSERT INTO `softwareengineering`.`diet` (`idDiet`, `idUser`, `idMeal`, `date`) VALUES (1189, 2, 39, '2020-04-06');
INSERT INTO `softwareengineering`.`diet` (`idDiet`, `idUser`, `idMeal`, `date`) VALUES (1190, 2, 55, '2020-04-06');
INSERT INTO `softwareengineering`.`diet` (`idDiet`, `idUser`, `idMeal`, `date`) VALUES (1191, 2, 48, '2020-04-06');
INSERT INTO `softwareengineering`.`weighttracking` (`idWeightTracking`, `idUser`, `date`, `weight`) VALUES (145, 2, '2020-04-06', 91.83);
INSERT INTO `softwareengineering`.`exerciselink` (`idLink`, `idUser`, `idExerciseSession`, `date`) VALUES (150, 2, 2, '2020-04-05');
INSERT INTO `softwareengineering`.`diet` (`idDiet`, `idUser`, `idMeal`, `date`) VALUES (1192, 2, 8, '2020-04-05');
INSERT INTO `softwareengineering`.`diet` (`idDiet`, `idUser`, `idMeal`, `date`) VALUES (1193, 2, 7, '2020-04-05');
INSERT INTO `softwareengineering`.`diet` (`idDiet`, `idUser`, `idMeal`, `date`) VALUES (1194, 2, 23, '2020-04-05');
INSERT INTO `softwareengineering`.`diet` (`idDiet`, `idUser`, `idMeal`, `date`) VALUES (1195, 2, 23, '2020-04-05');
INSERT INTO `softwareengineering`.`diet` (`idDiet`, `idUser`, `idMeal`, `date`) VALUES (1196, 2, 29, '2020-04-05');
INSERT INTO `softwareengineering`.`diet` (`idDiet`, `idUser`, `idMeal`, `date`) VALUES (1197, 2, 41, '2020-04-05');
INSERT INTO `softwareengineering`.`diet` (`idDiet`, `idUser`, `idMeal`, `date`) VALUES (1198, 2, 44, '2020-04-05');
INSERT INTO `softwareengineering`.`diet` (`idDiet`, `idUser`, `idMeal`, `date`) VALUES (1199, 2, 34, '2020-04-05');
INSERT INTO `softwareengineering`.`diet` (`idDiet`, `idUser`, `idMeal`, `date`) VALUES (1200, 2, 48, '2020-04-05');
INSERT INTO `softwareengineering`.`diet` (`idDiet`, `idUser`, `idMeal`, `date`) VALUES (1201, 2, 55, '2020-04-05');
INSERT INTO `softwareengineering`.`weighttracking` (`idWeightTracking`, `idUser`, `date`, `weight`) VALUES (146, 2, '2020-04-05', 92.07);
INSERT INTO `softwareengineering`.`exerciselink` (`idLink`, `idUser`, `idExerciseSession`, `date`) VALUES (151, 2, 9, '2020-04-04');
INSERT INTO `softwareengineering`.`diet` (`idDiet`, `idUser`, `idMeal`, `date`) VALUES (1202, 2, 9, '2020-04-04');
INSERT INTO `softwareengineering`.`diet` (`idDiet`, `idUser`, `idMeal`, `date`) VALUES (1203, 2, 8, '2020-04-04');
INSERT INTO `softwareengineering`.`diet` (`idDiet`, `idUser`, `idMeal`, `date`) VALUES (1204, 2, 28, '2020-04-04');
INSERT INTO `softwareengineering`.`diet` (`idDiet`, `idUser`, `idMeal`, `date`) VALUES (1205, 2, 30, '2020-04-04');
INSERT INTO `softwareengineering`.`diet` (`idDiet`, `idUser`, `idMeal`, `date`) VALUES (1206, 2, 42, '2020-04-04');
INSERT INTO `softwareengineering`.`diet` (`idDiet`, `idUser`, `idMeal`, `date`) VALUES (1207, 2, 31, '2020-04-04');
INSERT INTO `softwareengineering`.`diet` (`idDiet`, `idUser`, `idMeal`, `date`) VALUES (1208, 2, 51, '2020-04-04');
INSERT INTO `softwareengineering`.`weighttracking` (`idWeightTracking`, `idUser`, `date`, `weight`) VALUES (147, 2, '2020-04-04', 91.95);
INSERT INTO `softwareengineering`.`diet` (`idDiet`, `idUser`, `idMeal`, `date`) VALUES (1209, 2, 5, '2020-04-03');
INSERT INTO `softwareengineering`.`diet` (`idDiet`, `idUser`, `idMeal`, `date`) VALUES (1210, 2, 26, '2020-04-03');
INSERT INTO `softwareengineering`.`diet` (`idDiet`, `idUser`, `idMeal`, `date`) VALUES (1211, 2, 20, '2020-04-03');
INSERT INTO `softwareengineering`.`diet` (`idDiet`, `idUser`, `idMeal`, `date`) VALUES (1212, 2, 36, '2020-04-03');
INSERT INTO `softwareengineering`.`diet` (`idDiet`, `idUser`, `idMeal`, `date`) VALUES (1213, 2, 43, '2020-04-03');
INSERT INTO `softwareengineering`.`diet` (`idDiet`, `idUser`, `idMeal`, `date`) VALUES (1214, 2, 44, '2020-04-03');
INSERT INTO `softwareengineering`.`diet` (`idDiet`, `idUser`, `idMeal`, `date`) VALUES (1215, 2, 48, '2020-04-03');
INSERT INTO `softwareengineering`.`weighttracking` (`idWeightTracking`, `idUser`, `date`, `weight`) VALUES (148, 2, '2020-04-03', 92.16);
INSERT INTO `softwareengineering`.`exerciselink` (`idLink`, `idUser`, `idExerciseSession`, `date`) VALUES (152, 2, 20, '2020-04-02');
INSERT INTO `softwareengineering`.`exerciselink` (`idLink`, `idUser`, `idExerciseSession`, `date`) VALUES (153, 2, 24, '2020-04-02');
INSERT INTO `softwareengineering`.`diet` (`idDiet`, `idUser`, `idMeal`, `date`) VALUES (1216, 2, 14, '2020-04-02');
INSERT INTO `softwareengineering`.`diet` (`idDiet`, `idUser`, `idMeal`, `date`) VALUES (1217, 2, 4, '2020-04-02');
INSERT INTO `softwareengineering`.`diet` (`idDiet`, `idUser`, `idMeal`, `date`) VALUES (1218, 2, 6, '2020-04-02');
INSERT INTO `softwareengineering`.`diet` (`idDiet`, `idUser`, `idMeal`, `date`) VALUES (1219, 2, 27, '2020-04-02');
INSERT INTO `softwareengineering`.`diet` (`idDiet`, `idUser`, `idMeal`, `date`) VALUES (1220, 2, 23, '2020-04-02');
INSERT INTO `softwareengineering`.`diet` (`idDiet`, `idUser`, `idMeal`, `date`) VALUES (1221, 2, 19, '2020-04-02');
INSERT INTO `softwareengineering`.`diet` (`idDiet`, `idUser`, `idMeal`, `date`) VALUES (1222, 2, 40, '2020-04-02');
INSERT INTO `softwareengineering`.`diet` (`idDiet`, `idUser`, `idMeal`, `date`) VALUES (1223, 2, 38, '2020-04-02');
INSERT INTO `softwareengineering`.`diet` (`idDiet`, `idUser`, `idMeal`, `date`) VALUES (1224, 2, 36, '2020-04-02');
INSERT INTO `softwareengineering`.`diet` (`idDiet`, `idUser`, `idMeal`, `date`) VALUES (1225, 2, 49, '2020-04-02');
INSERT INTO `softwareengineering`.`weighttracking` (`idWeightTracking`, `idUser`, `date`, `weight`) VALUES (149, 2, '2020-04-02', 92.07);
INSERT INTO `softwareengineering`.`exerciselink` (`idLink`, `idUser`, `idExerciseSession`, `date`) VALUES (154, 2, 4, '2020-04-01');
INSERT INTO `softwareengineering`.`exerciselink` (`idLink`, `idUser`, `idExerciseSession`, `date`) VALUES (155, 2, 8, '2020-04-01');
INSERT INTO `softwareengineering`.`diet` (`idDiet`, `idUser`, `idMeal`, `date`) VALUES (1226, 2, 3, '2020-04-01');
INSERT INTO `softwareengineering`.`diet` (`idDiet`, `idUser`, `idMeal`, `date`) VALUES (1227, 2, 23, '2020-04-01');
INSERT INTO `softwareengineering`.`diet` (`idDiet`, `idUser`, `idMeal`, `date`) VALUES (1228, 2, 18, '2020-04-01');
INSERT INTO `softwareengineering`.`diet` (`idDiet`, `idUser`, `idMeal`, `date`) VALUES (1229, 2, 15, '2020-04-01');
INSERT INTO `softwareengineering`.`diet` (`idDiet`, `idUser`, `idMeal`, `date`) VALUES (1230, 2, 42, '2020-04-01');
INSERT INTO `softwareengineering`.`diet` (`idDiet`, `idUser`, `idMeal`, `date`) VALUES (1231, 2, 56, '2020-04-01');
INSERT INTO `softwareengineering`.`diet` (`idDiet`, `idUser`, `idMeal`, `date`) VALUES (1232, 2, 56, '2020-04-01');
INSERT INTO `softwareengineering`.`weighttracking` (`idWeightTracking`, `idUser`, `date`, `weight`) VALUES (150, 2, '2020-04-01', 91.88);
INSERT INTO `softwareengineering`.`exerciselink` (`idLink`, `idUser`, `idExerciseSession`, `date`) VALUES (156, 2, 15, '2020-03-31');
INSERT INTO `softwareengineering`.`diet` (`idDiet`, `idUser`, `idMeal`, `date`) VALUES (1233, 2, 4, '2020-03-31');
INSERT INTO `softwareengineering`.`diet` (`idDiet`, `idUser`, `idMeal`, `date`) VALUES (1234, 2, 1, '2020-03-31');
INSERT INTO `softwareengineering`.`diet` (`idDiet`, `idUser`, `idMeal`, `date`) VALUES (1235, 2, 23, '2020-03-31');
INSERT INTO `softwareengineering`.`diet` (`idDiet`, `idUser`, `idMeal`, `date`) VALUES (1236, 2, 17, '2020-03-31');
INSERT INTO `softwareengineering`.`diet` (`idDiet`, `idUser`, `idMeal`, `date`) VALUES (1237, 2, 34, '2020-03-31');
INSERT INTO `softwareengineering`.`diet` (`idDiet`, `idUser`, `idMeal`, `date`) VALUES (1238, 2, 59, '2020-03-31');
INSERT INTO `softwareengineering`.`weighttracking` (`idWeightTracking`, `idUser`, `date`, `weight`) VALUES (151, 2, '2020-03-31', 91.99);
INSERT INTO `softwareengineering`.`exerciselink` (`idLink`, `idUser`, `idExerciseSession`, `date`) VALUES (157, 2, 16, '2020-03-30');
INSERT INTO `softwareengineering`.`exerciselink` (`idLink`, `idUser`, `idExerciseSession`, `date`) VALUES (158, 2, 23, '2020-03-30');
INSERT INTO `softwareengineering`.`diet` (`idDiet`, `idUser`, `idMeal`, `date`) VALUES (1239, 2, 8, '2020-03-30');
INSERT INTO `softwareengineering`.`diet` (`idDiet`, `idUser`, `idMeal`, `date`) VALUES (1240, 2, 14, '2020-03-30');
INSERT INTO `softwareengineering`.`diet` (`idDiet`, `idUser`, `idMeal`, `date`) VALUES (1241, 2, 14, '2020-03-30');
INSERT INTO `softwareengineering`.`diet` (`idDiet`, `idUser`, `idMeal`, `date`) VALUES (1242, 2, 20, '2020-03-30');
INSERT INTO `softwareengineering`.`diet` (`idDiet`, `idUser`, `idMeal`, `date`) VALUES (1243, 2, 29, '2020-03-30');
INSERT INTO `softwareengineering`.`diet` (`idDiet`, `idUser`, `idMeal`, `date`) VALUES (1244, 2, 22, '2020-03-30');
INSERT INTO `softwareengineering`.`diet` (`idDiet`, `idUser`, `idMeal`, `date`) VALUES (1245, 2, 36, '2020-03-30');
INSERT INTO `softwareengineering`.`diet` (`idDiet`, `idUser`, `idMeal`, `date`) VALUES (1246, 2, 53, '2020-03-30');
INSERT INTO `softwareengineering`.`weighttracking` (`idWeightTracking`, `idUser`, `date`, `weight`) VALUES (152, 2, '2020-03-30', 92.24);
INSERT INTO `softwareengineering`.`exerciselink` (`idLink`, `idUser`, `idExerciseSession`, `date`) VALUES (159, 2, 11, '2020-03-29');
INSERT INTO `softwareengineering`.`diet` (`idDiet`, `idUser`, `idMeal`, `date`) VALUES (1247, 2, 3, '2020-03-29');
INSERT INTO `softwareengineering`.`diet` (`idDiet`, `idUser`, `idMeal`, `date`) VALUES (1248, 2, 23, '2020-03-29');
INSERT INTO `softwareengineering`.`diet` (`idDiet`, `idUser`, `idMeal`, `date`) VALUES (1249, 2, 33, '2020-03-29');
INSERT INTO `softwareengineering`.`diet` (`idDiet`, `idUser`, `idMeal`, `date`) VALUES (1250, 2, 36, '2020-03-29');
INSERT INTO `softwareengineering`.`diet` (`idDiet`, `idUser`, `idMeal`, `date`) VALUES (1251, 2, 57, '2020-03-29');
INSERT INTO `softwareengineering`.`weighttracking` (`idWeightTracking`, `idUser`, `date`, `weight`) VALUES (153, 2, '2020-03-29', 92.35);
INSERT INTO `softwareengineering`.`exerciselink` (`idLink`, `idUser`, `idExerciseSession`, `date`) VALUES (160, 2, 22, '2020-03-28');
INSERT INTO `softwareengineering`.`diet` (`idDiet`, `idUser`, `idMeal`, `date`) VALUES (1252, 2, 11, '2020-03-28');
INSERT INTO `softwareengineering`.`diet` (`idDiet`, `idUser`, `idMeal`, `date`) VALUES (1253, 2, 22, '2020-03-28');
INSERT INTO `softwareengineering`.`diet` (`idDiet`, `idUser`, `idMeal`, `date`) VALUES (1254, 2, 23, '2020-03-28');
INSERT INTO `softwareengineering`.`diet` (`idDiet`, `idUser`, `idMeal`, `date`) VALUES (1255, 2, 32, '2020-03-28');
INSERT INTO `softwareengineering`.`diet` (`idDiet`, `idUser`, `idMeal`, `date`) VALUES (1256, 2, 39, '2020-03-28');
INSERT INTO `softwareengineering`.`diet` (`idDiet`, `idUser`, `idMeal`, `date`) VALUES (1257, 2, 55, '2020-03-28');
INSERT INTO `softwareengineering`.`weighttracking` (`idWeightTracking`, `idUser`, `date`, `weight`) VALUES (154, 2, '2020-03-28', 92.63);
INSERT INTO `softwareengineering`.`exerciselink` (`idLink`, `idUser`, `idExerciseSession`, `date`) VALUES (161, 2, 21, '2020-03-27');
INSERT INTO `softwareengineering`.`exerciselink` (`idLink`, `idUser`, `idExerciseSession`, `date`) VALUES (162, 2, 2, '2020-03-27');
INSERT INTO `softwareengineering`.`diet` (`idDiet`, `idUser`, `idMeal`, `date`) VALUES (1258, 2, 10, '2020-03-27');
INSERT INTO `softwareengineering`.`diet` (`idDiet`, `idUser`, `idMeal`, `date`) VALUES (1259, 2, 16, '2020-03-27');
INSERT INTO `softwareengineering`.`diet` (`idDiet`, `idUser`, `idMeal`, `date`) VALUES (1260, 2, 34, '2020-03-27');
INSERT INTO `softwareengineering`.`diet` (`idDiet`, `idUser`, `idMeal`, `date`) VALUES (1261, 2, 44, '2020-03-27');
INSERT INTO `softwareengineering`.`diet` (`idDiet`, `idUser`, `idMeal`, `date`) VALUES (1262, 2, 31, '2020-03-27');
INSERT INTO `softwareengineering`.`diet` (`idDiet`, `idUser`, `idMeal`, `date`) VALUES (1263, 2, 55, '2020-03-27');
INSERT INTO `softwareengineering`.`weighttracking` (`idWeightTracking`, `idUser`, `date`, `weight`) VALUES (155, 2, '2020-03-27', 92.55);
INSERT INTO `softwareengineering`.`exerciselink` (`idLink`, `idUser`, `idExerciseSession`, `date`) VALUES (163, 2, 23, '2020-03-26');
INSERT INTO `softwareengineering`.`diet` (`idDiet`, `idUser`, `idMeal`, `date`) VALUES (1264, 2, 12, '2020-03-26');
INSERT INTO `softwareengineering`.`diet` (`idDiet`, `idUser`, `idMeal`, `date`) VALUES (1265, 2, 8, '2020-03-26');
INSERT INTO `softwareengineering`.`diet` (`idDiet`, `idUser`, `idMeal`, `date`) VALUES (1266, 2, 10, '2020-03-26');
INSERT INTO `softwareengineering`.`diet` (`idDiet`, `idUser`, `idMeal`, `date`) VALUES (1267, 2, 22, '2020-03-26');
INSERT INTO `softwareengineering`.`diet` (`idDiet`, `idUser`, `idMeal`, `date`) VALUES (1268, 2, 20, '2020-03-26');
INSERT INTO `softwareengineering`.`diet` (`idDiet`, `idUser`, `idMeal`, `date`) VALUES (1269, 2, 40, '2020-03-26');
INSERT INTO `softwareengineering`.`diet` (`idDiet`, `idUser`, `idMeal`, `date`) VALUES (1270, 2, 41, '2020-03-26');
INSERT INTO `softwareengineering`.`diet` (`idDiet`, `idUser`, `idMeal`, `date`) VALUES (1271, 2, 44, '2020-03-26');
INSERT INTO `softwareengineering`.`diet` (`idDiet`, `idUser`, `idMeal`, `date`) VALUES (1272, 2, 48, '2020-03-26');
INSERT INTO `softwareengineering`.`weighttracking` (`idWeightTracking`, `idUser`, `date`, `weight`) VALUES (156, 2, '2020-03-26', 92.36);
INSERT INTO `softwareengineering`.`diet` (`idDiet`, `idUser`, `idMeal`, `date`) VALUES (1273, 2, 3, '2020-03-25');
INSERT INTO `softwareengineering`.`diet` (`idDiet`, `idUser`, `idMeal`, `date`) VALUES (1274, 2, 14, '2020-03-25');
INSERT INTO `softwareengineering`.`diet` (`idDiet`, `idUser`, `idMeal`, `date`) VALUES (1275, 2, 10, '2020-03-25');
INSERT INTO `softwareengineering`.`diet` (`idDiet`, `idUser`, `idMeal`, `date`) VALUES (1276, 2, 16, '2020-03-25');
INSERT INTO `softwareengineering`.`diet` (`idDiet`, `idUser`, `idMeal`, `date`) VALUES (1277, 2, 36, '2020-03-25');
INSERT INTO `softwareengineering`.`diet` (`idDiet`, `idUser`, `idMeal`, `date`) VALUES (1278, 2, 30, '2020-03-25');
INSERT INTO `softwareengineering`.`diet` (`idDiet`, `idUser`, `idMeal`, `date`) VALUES (1279, 2, 30, '2020-03-25');
INSERT INTO `softwareengineering`.`diet` (`idDiet`, `idUser`, `idMeal`, `date`) VALUES (1280, 2, 56, '2020-03-25');
INSERT INTO `softwareengineering`.`diet` (`idDiet`, `idUser`, `idMeal`, `date`) VALUES (1281, 2, 47, '2020-03-25');
INSERT INTO `softwareengineering`.`diet` (`idDiet`, `idUser`, `idMeal`, `date`) VALUES (1282, 2, 46, '2020-03-25');
INSERT INTO `softwareengineering`.`weighttracking` (`idWeightTracking`, `idUser`, `date`, `weight`) VALUES (157, 2, '2020-03-25', 92.65);
INSERT INTO `softwareengineering`.`diet` (`idDiet`, `idUser`, `idMeal`, `date`) VALUES (1283, 2, 11, '2020-03-24');
INSERT INTO `softwareengineering`.`diet` (`idDiet`, `idUser`, `idMeal`, `date`) VALUES (1284, 2, 1, '2020-03-24');
INSERT INTO `softwareengineering`.`diet` (`idDiet`, `idUser`, `idMeal`, `date`) VALUES (1285, 2, 6, '2020-03-24');
INSERT INTO `softwareengineering`.`diet` (`idDiet`, `idUser`, `idMeal`, `date`) VALUES (1286, 2, 28, '2020-03-24');
INSERT INTO `softwareengineering`.`diet` (`idDiet`, `idUser`, `idMeal`, `date`) VALUES (1287, 2, 22, '2020-03-24');
INSERT INTO `softwareengineering`.`diet` (`idDiet`, `idUser`, `idMeal`, `date`) VALUES (1288, 2, 23, '2020-03-24');
INSERT INTO `softwareengineering`.`diet` (`idDiet`, `idUser`, `idMeal`, `date`) VALUES (1289, 2, 36, '2020-03-24');
INSERT INTO `softwareengineering`.`diet` (`idDiet`, `idUser`, `idMeal`, `date`) VALUES (1290, 2, 36, '2020-03-24');
INSERT INTO `softwareengineering`.`diet` (`idDiet`, `idUser`, `idMeal`, `date`) VALUES (1291, 2, 32, '2020-03-24');
INSERT INTO `softwareengineering`.`diet` (`idDiet`, `idUser`, `idMeal`, `date`) VALUES (1292, 2, 46, '2020-03-24');
INSERT INTO `softwareengineering`.`weighttracking` (`idWeightTracking`, `idUser`, `date`, `weight`) VALUES (158, 2, '2020-03-24', 92.62);
INSERT INTO `softwareengineering`.`diet` (`idDiet`, `idUser`, `idMeal`, `date`) VALUES (1293, 2, 6, '2020-03-23');
INSERT INTO `softwareengineering`.`diet` (`idDiet`, `idUser`, `idMeal`, `date`) VALUES (1294, 2, 21, '2020-03-23');
INSERT INTO `softwareengineering`.`diet` (`idDiet`, `idUser`, `idMeal`, `date`) VALUES (1295, 2, 27, '2020-03-23');
INSERT INTO `softwareengineering`.`diet` (`idDiet`, `idUser`, `idMeal`, `date`) VALUES (1296, 2, 36, '2020-03-23');
INSERT INTO `softwareengineering`.`diet` (`idDiet`, `idUser`, `idMeal`, `date`) VALUES (1297, 2, 43, '2020-03-23');
INSERT INTO `softwareengineering`.`diet` (`idDiet`, `idUser`, `idMeal`, `date`) VALUES (1298, 2, 42, '2020-03-23');
INSERT INTO `softwareengineering`.`diet` (`idDiet`, `idUser`, `idMeal`, `date`) VALUES (1299, 2, 49, '2020-03-23');
INSERT INTO `softwareengineering`.`diet` (`idDiet`, `idUser`, `idMeal`, `date`) VALUES (1300, 2, 58, '2020-03-23');
INSERT INTO `softwareengineering`.`weighttracking` (`idWeightTracking`, `idUser`, `date`, `weight`) VALUES (159, 2, '2020-03-23', 92.82);
INSERT INTO `softwareengineering`.`diet` (`idDiet`, `idUser`, `idMeal`, `date`) VALUES (1301, 2, 3, '2020-03-22');
INSERT INTO `softwareengineering`.`diet` (`idDiet`, `idUser`, `idMeal`, `date`) VALUES (1302, 2, 11, '2020-03-22');
INSERT INTO `softwareengineering`.`diet` (`idDiet`, `idUser`, `idMeal`, `date`) VALUES (1303, 2, 21, '2020-03-22');
INSERT INTO `softwareengineering`.`diet` (`idDiet`, `idUser`, `idMeal`, `date`) VALUES (1304, 2, 18, '2020-03-22');
INSERT INTO `softwareengineering`.`diet` (`idDiet`, `idUser`, `idMeal`, `date`) VALUES (1305, 2, 37, '2020-03-22');
INSERT INTO `softwareengineering`.`diet` (`idDiet`, `idUser`, `idMeal`, `date`) VALUES (1306, 2, 58, '2020-03-22');
INSERT INTO `softwareengineering`.`diet` (`idDiet`, `idUser`, `idMeal`, `date`) VALUES (1307, 2, 53, '2020-03-22');
INSERT INTO `softwareengineering`.`diet` (`idDiet`, `idUser`, `idMeal`, `date`) VALUES (1308, 2, 48, '2020-03-22');
INSERT INTO `softwareengineering`.`weighttracking` (`idWeightTracking`, `idUser`, `date`, `weight`) VALUES (160, 2, '2020-03-22', 92.69);
INSERT INTO `softwareengineering`.`diet` (`idDiet`, `idUser`, `idMeal`, `date`) VALUES (1309, 2, 3, '2020-03-21');
INSERT INTO `softwareengineering`.`diet` (`idDiet`, `idUser`, `idMeal`, `date`) VALUES (1310, 2, 2, '2020-03-21');
INSERT INTO `softwareengineering`.`diet` (`idDiet`, `idUser`, `idMeal`, `date`) VALUES (1311, 2, 19, '2020-03-21');
INSERT INTO `softwareengineering`.`diet` (`idDiet`, `idUser`, `idMeal`, `date`) VALUES (1312, 2, 21, '2020-03-21');
INSERT INTO `softwareengineering`.`diet` (`idDiet`, `idUser`, `idMeal`, `date`) VALUES (1313, 2, 33, '2020-03-21');
INSERT INTO `softwareengineering`.`diet` (`idDiet`, `idUser`, `idMeal`, `date`) VALUES (1314, 2, 30, '2020-03-21');
INSERT INTO `softwareengineering`.`diet` (`idDiet`, `idUser`, `idMeal`, `date`) VALUES (1315, 2, 45, '2020-03-21');
INSERT INTO `softwareengineering`.`diet` (`idDiet`, `idUser`, `idMeal`, `date`) VALUES (1316, 2, 50, '2020-03-21');
INSERT INTO `softwareengineering`.`weighttracking` (`idWeightTracking`, `idUser`, `date`, `weight`) VALUES (161, 2, '2020-03-21', 92.52);
INSERT INTO `softwareengineering`.`diet` (`idDiet`, `idUser`, `idMeal`, `date`) VALUES (1317, 2, 3, '2020-03-20');
INSERT INTO `softwareengineering`.`diet` (`idDiet`, `idUser`, `idMeal`, `date`) VALUES (1318, 2, 9, '2020-03-20');
INSERT INTO `softwareengineering`.`diet` (`idDiet`, `idUser`, `idMeal`, `date`) VALUES (1319, 2, 10, '2020-03-20');
INSERT INTO `softwareengineering`.`diet` (`idDiet`, `idUser`, `idMeal`, `date`) VALUES (1320, 2, 21, '2020-03-20');
INSERT INTO `softwareengineering`.`diet` (`idDiet`, `idUser`, `idMeal`, `date`) VALUES (1321, 2, 17, '2020-03-20');
INSERT INTO `softwareengineering`.`diet` (`idDiet`, `idUser`, `idMeal`, `date`) VALUES (1322, 2, 33, '2020-03-20');
INSERT INTO `softwareengineering`.`diet` (`idDiet`, `idUser`, `idMeal`, `date`) VALUES (1323, 2, 38, '2020-03-20');
INSERT INTO `softwareengineering`.`diet` (`idDiet`, `idUser`, `idMeal`, `date`) VALUES (1324, 2, 56, '2020-03-20');
INSERT INTO `softwareengineering`.`weighttracking` (`idWeightTracking`, `idUser`, `date`, `weight`) VALUES (162, 2, '2020-03-20', 92.8);
INSERT INTO `softwareengineering`.`diet` (`idDiet`, `idUser`, `idMeal`, `date`) VALUES (1325, 2, 5, '2020-03-19');
INSERT INTO `softwareengineering`.`diet` (`idDiet`, `idUser`, `idMeal`, `date`) VALUES (1326, 2, 21, '2020-03-19');
INSERT INTO `softwareengineering`.`diet` (`idDiet`, `idUser`, `idMeal`, `date`) VALUES (1327, 2, 36, '2020-03-19');
INSERT INTO `softwareengineering`.`diet` (`idDiet`, `idUser`, `idMeal`, `date`) VALUES (1328, 2, 54, '2020-03-19');
INSERT INTO `softwareengineering`.`diet` (`idDiet`, `idUser`, `idMeal`, `date`) VALUES (1329, 2, 50, '2020-03-19');
INSERT INTO `softwareengineering`.`weighttracking` (`idWeightTracking`, `idUser`, `date`, `weight`) VALUES (163, 2, '2020-03-19', 92.79);
INSERT INTO `softwareengineering`.`diet` (`idDiet`, `idUser`, `idMeal`, `date`) VALUES (1330, 2, 9, '2020-03-18');
INSERT INTO `softwareengineering`.`diet` (`idDiet`, `idUser`, `idMeal`, `date`) VALUES (1331, 2, 13, '2020-03-18');
INSERT INTO `softwareengineering`.`diet` (`idDiet`, `idUser`, `idMeal`, `date`) VALUES (1332, 2, 13, '2020-03-18');
INSERT INTO `softwareengineering`.`diet` (`idDiet`, `idUser`, `idMeal`, `date`) VALUES (1333, 2, 26, '2020-03-18');
INSERT INTO `softwareengineering`.`diet` (`idDiet`, `idUser`, `idMeal`, `date`) VALUES (1334, 2, 22, '2020-03-18');
INSERT INTO `softwareengineering`.`diet` (`idDiet`, `idUser`, `idMeal`, `date`) VALUES (1335, 2, 29, '2020-03-18');
INSERT INTO `softwareengineering`.`diet` (`idDiet`, `idUser`, `idMeal`, `date`) VALUES (1336, 2, 34, '2020-03-18');
INSERT INTO `softwareengineering`.`diet` (`idDiet`, `idUser`, `idMeal`, `date`) VALUES (1337, 2, 44, '2020-03-18');
INSERT INTO `softwareengineering`.`diet` (`idDiet`, `idUser`, `idMeal`, `date`) VALUES (1338, 2, 43, '2020-03-18');
INSERT INTO `softwareengineering`.`diet` (`idDiet`, `idUser`, `idMeal`, `date`) VALUES (1339, 2, 55, '2020-03-18');
INSERT INTO `softwareengineering`.`diet` (`idDiet`, `idUser`, `idMeal`, `date`) VALUES (1340, 2, 47, '2020-03-18');
INSERT INTO `softwareengineering`.`diet` (`idDiet`, `idUser`, `idMeal`, `date`) VALUES (1341, 2, 52, '2020-03-18');
INSERT INTO `softwareengineering`.`weighttracking` (`idWeightTracking`, `idUser`, `date`, `weight`) VALUES (164, 2, '2020-03-18', 92.91);
INSERT INTO `softwareengineering`.`exerciselink` (`idLink`, `idUser`, `idExerciseSession`, `date`) VALUES (164, 2, 15, '2020-03-17');
INSERT INTO `softwareengineering`.`diet` (`idDiet`, `idUser`, `idMeal`, `date`) VALUES (1342, 2, 9, '2020-03-17');
INSERT INTO `softwareengineering`.`diet` (`idDiet`, `idUser`, `idMeal`, `date`) VALUES (1343, 2, 8, '2020-03-17');
INSERT INTO `softwareengineering`.`diet` (`idDiet`, `idUser`, `idMeal`, `date`) VALUES (1344, 2, 2, '2020-03-17');
INSERT INTO `softwareengineering`.`diet` (`idDiet`, `idUser`, `idMeal`, `date`) VALUES (1345, 2, 29, '2020-03-17');
INSERT INTO `softwareengineering`.`diet` (`idDiet`, `idUser`, `idMeal`, `date`) VALUES (1346, 2, 44, '2020-03-17');
INSERT INTO `softwareengineering`.`diet` (`idDiet`, `idUser`, `idMeal`, `date`) VALUES (1347, 2, 43, '2020-03-17');
INSERT INTO `softwareengineering`.`diet` (`idDiet`, `idUser`, `idMeal`, `date`) VALUES (1348, 2, 52, '2020-03-17');
INSERT INTO `softwareengineering`.`diet` (`idDiet`, `idUser`, `idMeal`, `date`) VALUES (1349, 2, 54, '2020-03-17');
INSERT INTO `softwareengineering`.`diet` (`idDiet`, `idUser`, `idMeal`, `date`) VALUES (1350, 2, 56, '2020-03-17');
INSERT INTO `softwareengineering`.`weighttracking` (`idWeightTracking`, `idUser`, `date`, `weight`) VALUES (165, 2, '2020-03-17', 92.82);
INSERT INTO `softwareengineering`.`exerciselink` (`idLink`, `idUser`, `idExerciseSession`, `date`) VALUES (165, 2, 15, '2020-03-16');
INSERT INTO `softwareengineering`.`exerciselink` (`idLink`, `idUser`, `idExerciseSession`, `date`) VALUES (166, 2, 8, '2020-03-16');
INSERT INTO `softwareengineering`.`diet` (`idDiet`, `idUser`, `idMeal`, `date`) VALUES (1351, 2, 1, '2020-03-16');
INSERT INTO `softwareengineering`.`diet` (`idDiet`, `idUser`, `idMeal`, `date`) VALUES (1352, 2, 11, '2020-03-16');
INSERT INTO `softwareengineering`.`diet` (`idDiet`, `idUser`, `idMeal`, `date`) VALUES (1353, 2, 21, '2020-03-16');
INSERT INTO `softwareengineering`.`diet` (`idDiet`, `idUser`, `idMeal`, `date`) VALUES (1354, 2, 34, '2020-03-16');
INSERT INTO `softwareengineering`.`diet` (`idDiet`, `idUser`, `idMeal`, `date`) VALUES (1355, 2, 43, '2020-03-16');
INSERT INTO `softwareengineering`.`diet` (`idDiet`, `idUser`, `idMeal`, `date`) VALUES (1356, 2, 31, '2020-03-16');
INSERT INTO `softwareengineering`.`diet` (`idDiet`, `idUser`, `idMeal`, `date`) VALUES (1357, 2, 55, '2020-03-16');
INSERT INTO `softwareengineering`.`diet` (`idDiet`, `idUser`, `idMeal`, `date`) VALUES (1358, 2, 55, '2020-03-16');
INSERT INTO `softwareengineering`.`diet` (`idDiet`, `idUser`, `idMeal`, `date`) VALUES (1359, 2, 55, '2020-03-16');
INSERT INTO `softwareengineering`.`weighttracking` (`idWeightTracking`, `idUser`, `date`, `weight`) VALUES (166, 2, '2020-03-16', 92.88);
INSERT INTO `softwareengineering`.`exerciselink` (`idLink`, `idUser`, `idExerciseSession`, `date`) VALUES (167, 2, 11, '2020-03-15');
INSERT INTO `softwareengineering`.`diet` (`idDiet`, `idUser`, `idMeal`, `date`) VALUES (1360, 2, 8, '2020-03-15');
INSERT INTO `softwareengineering`.`diet` (`idDiet`, `idUser`, `idMeal`, `date`) VALUES (1361, 2, 10, '2020-03-15');
INSERT INTO `softwareengineering`.`diet` (`idDiet`, `idUser`, `idMeal`, `date`) VALUES (1362, 2, 23, '2020-03-15');
INSERT INTO `softwareengineering`.`diet` (`idDiet`, `idUser`, `idMeal`, `date`) VALUES (1363, 2, 27, '2020-03-15');
INSERT INTO `softwareengineering`.`diet` (`idDiet`, `idUser`, `idMeal`, `date`) VALUES (1364, 2, 26, '2020-03-15');
INSERT INTO `softwareengineering`.`diet` (`idDiet`, `idUser`, `idMeal`, `date`) VALUES (1365, 2, 37, '2020-03-15');
INSERT INTO `softwareengineering`.`diet` (`idDiet`, `idUser`, `idMeal`, `date`) VALUES (1366, 2, 34, '2020-03-15');
INSERT INTO `softwareengineering`.`diet` (`idDiet`, `idUser`, `idMeal`, `date`) VALUES (1367, 2, 57, '2020-03-15');
INSERT INTO `softwareengineering`.`diet` (`idDiet`, `idUser`, `idMeal`, `date`) VALUES (1368, 2, 53, '2020-03-15');
INSERT INTO `softwareengineering`.`weighttracking` (`idWeightTracking`, `idUser`, `date`, `weight`) VALUES (167, 2, '2020-03-15', 92.94);
INSERT INTO `softwareengineering`.`user` (`idUser`, `forename`, `surname`, `email`, `username`, `password`, `DOB`, `height`, `gender`, `weight`, `calories`) VALUES (3, 'Vergil', 'Persie', 'Vergil.Persie@gmail.com', 'VergilPersie', 'oSKNbOB01TqxA7frTVPMvg==', '2001-03-28' , 190, 'M', 97.04, 2067);
INSERT INTO `softwareengineering`.`exerciselink` (`idLink`, `idUser`, `idExerciseSession`, `date`) VALUES (168, 3, 14, '2020-05-09');
INSERT INTO `softwareengineering`.`diet` (`idDiet`, `idUser`, `idMeal`, `date`) VALUES (1369, 3, 3, '2020-05-09');
INSERT INTO `softwareengineering`.`diet` (`idDiet`, `idUser`, `idMeal`, `date`) VALUES (1370, 3, 25, '2020-05-09');
INSERT INTO `softwareengineering`.`diet` (`idDiet`, `idUser`, `idMeal`, `date`) VALUES (1371, 3, 38, '2020-05-09');
INSERT INTO `softwareengineering`.`diet` (`idDiet`, `idUser`, `idMeal`, `date`) VALUES (1372, 3, 30, '2020-05-09');
INSERT INTO `softwareengineering`.`diet` (`idDiet`, `idUser`, `idMeal`, `date`) VALUES (1373, 3, 55, '2020-05-09');
INSERT INTO `softwareengineering`.`weighttracking` (`idWeightTracking`, `idUser`, `date`, `weight`) VALUES (168, 3, '2020-05-09', 97.05);
INSERT INTO `softwareengineering`.`exerciselink` (`idLink`, `idUser`, `idExerciseSession`, `date`) VALUES (169, 3, 21, '2020-05-08');
INSERT INTO `softwareengineering`.`diet` (`idDiet`, `idUser`, `idMeal`, `date`) VALUES (1374, 3, 2, '2020-05-08');
INSERT INTO `softwareengineering`.`diet` (`idDiet`, `idUser`, `idMeal`, `date`) VALUES (1375, 3, 17, '2020-05-08');
INSERT INTO `softwareengineering`.`diet` (`idDiet`, `idUser`, `idMeal`, `date`) VALUES (1376, 3, 29, '2020-05-08');
INSERT INTO `softwareengineering`.`diet` (`idDiet`, `idUser`, `idMeal`, `date`) VALUES (1377, 3, 29, '2020-05-08');
INSERT INTO `softwareengineering`.`diet` (`idDiet`, `idUser`, `idMeal`, `date`) VALUES (1378, 3, 33, '2020-05-08');
INSERT INTO `softwareengineering`.`diet` (`idDiet`, `idUser`, `idMeal`, `date`) VALUES (1379, 3, 40, '2020-05-08');
INSERT INTO `softwareengineering`.`diet` (`idDiet`, `idUser`, `idMeal`, `date`) VALUES (1380, 3, 44, '2020-05-08');
INSERT INTO `softwareengineering`.`diet` (`idDiet`, `idUser`, `idMeal`, `date`) VALUES (1381, 3, 45, '2020-05-08');
INSERT INTO `softwareengineering`.`diet` (`idDiet`, `idUser`, `idMeal`, `date`) VALUES (1382, 3, 59, '2020-05-08');
INSERT INTO `softwareengineering`.`diet` (`idDiet`, `idUser`, `idMeal`, `date`) VALUES (1383, 3, 54, '2020-05-08');
INSERT INTO `softwareengineering`.`weighttracking` (`idWeightTracking`, `idUser`, `date`, `weight`) VALUES (169, 3, '2020-05-08', 97.16);
INSERT INTO `softwareengineering`.`exerciselink` (`idLink`, `idUser`, `idExerciseSession`, `date`) VALUES (170, 3, 2, '2020-05-07');
INSERT INTO `softwareengineering`.`diet` (`idDiet`, `idUser`, `idMeal`, `date`) VALUES (1384, 3, 11, '2020-05-07');
INSERT INTO `softwareengineering`.`diet` (`idDiet`, `idUser`, `idMeal`, `date`) VALUES (1385, 3, 15, '2020-05-07');
INSERT INTO `softwareengineering`.`diet` (`idDiet`, `idUser`, `idMeal`, `date`) VALUES (1386, 3, 31, '2020-05-07');
INSERT INTO `softwareengineering`.`diet` (`idDiet`, `idUser`, `idMeal`, `date`) VALUES (1387, 3, 53, '2020-05-07');
INSERT INTO `softwareengineering`.`diet` (`idDiet`, `idUser`, `idMeal`, `date`) VALUES (1388, 3, 45, '2020-05-07');
INSERT INTO `softwareengineering`.`weighttracking` (`idWeightTracking`, `idUser`, `date`, `weight`) VALUES (170, 3, '2020-05-07', 97.23);
INSERT INTO `softwareengineering`.`exerciselink` (`idLink`, `idUser`, `idExerciseSession`, `date`) VALUES (171, 3, 15, '2020-05-06');
INSERT INTO `softwareengineering`.`diet` (`idDiet`, `idUser`, `idMeal`, `date`) VALUES (1389, 3, 6, '2020-05-06');
INSERT INTO `softwareengineering`.`diet` (`idDiet`, `idUser`, `idMeal`, `date`) VALUES (1390, 3, 26, '2020-05-06');
INSERT INTO `softwareengineering`.`diet` (`idDiet`, `idUser`, `idMeal`, `date`) VALUES (1391, 3, 17, '2020-05-06');
INSERT INTO `softwareengineering`.`diet` (`idDiet`, `idUser`, `idMeal`, `date`) VALUES (1392, 3, 36, '2020-05-06');
INSERT INTO `softwareengineering`.`diet` (`idDiet`, `idUser`, `idMeal`, `date`) VALUES (1393, 3, 44, '2020-05-06');
INSERT INTO `softwareengineering`.`diet` (`idDiet`, `idUser`, `idMeal`, `date`) VALUES (1394, 3, 55, '2020-05-06');
INSERT INTO `softwareengineering`.`diet` (`idDiet`, `idUser`, `idMeal`, `date`) VALUES (1395, 3, 57, '2020-05-06');
INSERT INTO `softwareengineering`.`diet` (`idDiet`, `idUser`, `idMeal`, `date`) VALUES (1396, 3, 53, '2020-05-06');
INSERT INTO `softwareengineering`.`weighttracking` (`idWeightTracking`, `idUser`, `date`, `weight`) VALUES (171, 3, '2020-05-06', 97.15);
INSERT INTO `softwareengineering`.`exerciselink` (`idLink`, `idUser`, `idExerciseSession`, `date`) VALUES (172, 3, 10, '2020-05-05');
INSERT INTO `softwareengineering`.`diet` (`idDiet`, `idUser`, `idMeal`, `date`) VALUES (1397, 3, 13, '2020-05-05');
INSERT INTO `softwareengineering`.`diet` (`idDiet`, `idUser`, `idMeal`, `date`) VALUES (1398, 3, 3, '2020-05-05');
INSERT INTO `softwareengineering`.`diet` (`idDiet`, `idUser`, `idMeal`, `date`) VALUES (1399, 3, 27, '2020-05-05');
INSERT INTO `softwareengineering`.`diet` (`idDiet`, `idUser`, `idMeal`, `date`) VALUES (1400, 3, 19, '2020-05-05');
INSERT INTO `softwareengineering`.`diet` (`idDiet`, `idUser`, `idMeal`, `date`) VALUES (1401, 3, 34, '2020-05-05');
INSERT INTO `softwareengineering`.`diet` (`idDiet`, `idUser`, `idMeal`, `date`) VALUES (1402, 3, 53, '2020-05-05');
INSERT INTO `softwareengineering`.`diet` (`idDiet`, `idUser`, `idMeal`, `date`) VALUES (1403, 3, 49, '2020-05-05');
INSERT INTO `softwareengineering`.`weighttracking` (`idWeightTracking`, `idUser`, `date`, `weight`) VALUES (172, 3, '2020-05-05', 97.12);
INSERT INTO `softwareengineering`.`diet` (`idDiet`, `idUser`, `idMeal`, `date`) VALUES (1404, 3, 12, '2020-05-04');
INSERT INTO `softwareengineering`.`diet` (`idDiet`, `idUser`, `idMeal`, `date`) VALUES (1405, 3, 5, '2020-05-04');
INSERT INTO `softwareengineering`.`diet` (`idDiet`, `idUser`, `idMeal`, `date`) VALUES (1406, 3, 5, '2020-05-04');
INSERT INTO `softwareengineering`.`diet` (`idDiet`, `idUser`, `idMeal`, `date`) VALUES (1407, 3, 15, '2020-05-04');
INSERT INTO `softwareengineering`.`diet` (`idDiet`, `idUser`, `idMeal`, `date`) VALUES (1408, 3, 22, '2020-05-04');
INSERT INTO `softwareengineering`.`diet` (`idDiet`, `idUser`, `idMeal`, `date`) VALUES (1409, 3, 32, '2020-05-04');
INSERT INTO `softwareengineering`.`diet` (`idDiet`, `idUser`, `idMeal`, `date`) VALUES (1410, 3, 48, '2020-05-04');
INSERT INTO `softwareengineering`.`weighttracking` (`idWeightTracking`, `idUser`, `date`, `weight`) VALUES (173, 3, '2020-05-04', 96.93);
INSERT INTO `softwareengineering`.`exerciselink` (`idLink`, `idUser`, `idExerciseSession`, `date`) VALUES (173, 3, 5, '2020-05-03');
INSERT INTO `softwareengineering`.`exerciselink` (`idLink`, `idUser`, `idExerciseSession`, `date`) VALUES (174, 3, 6, '2020-05-03');
INSERT INTO `softwareengineering`.`diet` (`idDiet`, `idUser`, `idMeal`, `date`) VALUES (1411, 3, 11, '2020-05-03');
INSERT INTO `softwareengineering`.`diet` (`idDiet`, `idUser`, `idMeal`, `date`) VALUES (1412, 3, 25, '2020-05-03');
INSERT INTO `softwareengineering`.`diet` (`idDiet`, `idUser`, `idMeal`, `date`) VALUES (1413, 3, 23, '2020-05-03');
INSERT INTO `softwareengineering`.`diet` (`idDiet`, `idUser`, `idMeal`, `date`) VALUES (1414, 3, 32, '2020-05-03');
INSERT INTO `softwareengineering`.`diet` (`idDiet`, `idUser`, `idMeal`, `date`) VALUES (1415, 3, 35, '2020-05-03');
INSERT INTO `softwareengineering`.`diet` (`idDiet`, `idUser`, `idMeal`, `date`) VALUES (1416, 3, 49, '2020-05-03');
INSERT INTO `softwareengineering`.`diet` (`idDiet`, `idUser`, `idMeal`, `date`) VALUES (1417, 3, 52, '2020-05-03');
INSERT INTO `softwareengineering`.`diet` (`idDiet`, `idUser`, `idMeal`, `date`) VALUES (1418, 3, 54, '2020-05-03');
INSERT INTO `softwareengineering`.`weighttracking` (`idWeightTracking`, `idUser`, `date`, `weight`) VALUES (174, 3, '2020-05-03', 96.97);
INSERT INTO `softwareengineering`.`exerciselink` (`idLink`, `idUser`, `idExerciseSession`, `date`) VALUES (175, 3, 10, '2020-05-02');
INSERT INTO `softwareengineering`.`diet` (`idDiet`, `idUser`, `idMeal`, `date`) VALUES (1419, 3, 0, '2020-05-02');
INSERT INTO `softwareengineering`.`diet` (`idDiet`, `idUser`, `idMeal`, `date`) VALUES (1420, 3, 13, '2020-05-02');
INSERT INTO `softwareengineering`.`diet` (`idDiet`, `idUser`, `idMeal`, `date`) VALUES (1421, 3, 17, '2020-05-02');
INSERT INTO `softwareengineering`.`diet` (`idDiet`, `idUser`, `idMeal`, `date`) VALUES (1422, 3, 18, '2020-05-02');
INSERT INTO `softwareengineering`.`diet` (`idDiet`, `idUser`, `idMeal`, `date`) VALUES (1423, 3, 40, '2020-05-02');
INSERT INTO `softwareengineering`.`diet` (`idDiet`, `idUser`, `idMeal`, `date`) VALUES (1424, 3, 53, '2020-05-02');
INSERT INTO `softwareengineering`.`diet` (`idDiet`, `idUser`, `idMeal`, `date`) VALUES (1425, 3, 47, '2020-05-02');
INSERT INTO `softwareengineering`.`weighttracking` (`idWeightTracking`, `idUser`, `date`, `weight`) VALUES (175, 3, '2020-05-02', 97.18);
INSERT INTO `softwareengineering`.`exerciselink` (`idLink`, `idUser`, `idExerciseSession`, `date`) VALUES (176, 3, 19, '2020-05-01');
INSERT INTO `softwareengineering`.`diet` (`idDiet`, `idUser`, `idMeal`, `date`) VALUES (1426, 3, 0, '2020-05-01');
INSERT INTO `softwareengineering`.`diet` (`idDiet`, `idUser`, `idMeal`, `date`) VALUES (1427, 3, 26, '2020-05-01');
INSERT INTO `softwareengineering`.`diet` (`idDiet`, `idUser`, `idMeal`, `date`) VALUES (1428, 3, 27, '2020-05-01');
INSERT INTO `softwareengineering`.`diet` (`idDiet`, `idUser`, `idMeal`, `date`) VALUES (1429, 3, 23, '2020-05-01');
INSERT INTO `softwareengineering`.`diet` (`idDiet`, `idUser`, `idMeal`, `date`) VALUES (1430, 3, 44, '2020-05-01');
INSERT INTO `softwareengineering`.`diet` (`idDiet`, `idUser`, `idMeal`, `date`) VALUES (1431, 3, 34, '2020-05-01');
INSERT INTO `softwareengineering`.`diet` (`idDiet`, `idUser`, `idMeal`, `date`) VALUES (1432, 3, 42, '2020-05-01');
INSERT INTO `softwareengineering`.`diet` (`idDiet`, `idUser`, `idMeal`, `date`) VALUES (1433, 3, 51, '2020-05-01');
INSERT INTO `softwareengineering`.`diet` (`idDiet`, `idUser`, `idMeal`, `date`) VALUES (1434, 3, 46, '2020-05-01');
INSERT INTO `softwareengineering`.`weighttracking` (`idWeightTracking`, `idUser`, `date`, `weight`) VALUES (176, 3, '2020-05-01', 97.1);
INSERT INTO `softwareengineering`.`exerciselink` (`idLink`, `idUser`, `idExerciseSession`, `date`) VALUES (177, 3, 8, '2020-04-30');
INSERT INTO `softwareengineering`.`exerciselink` (`idLink`, `idUser`, `idExerciseSession`, `date`) VALUES (178, 3, 24, '2020-04-30');
INSERT INTO `softwareengineering`.`diet` (`idDiet`, `idUser`, `idMeal`, `date`) VALUES (1435, 3, 14, '2020-04-30');
INSERT INTO `softwareengineering`.`diet` (`idDiet`, `idUser`, `idMeal`, `date`) VALUES (1436, 3, 29, '2020-04-30');
INSERT INTO `softwareengineering`.`diet` (`idDiet`, `idUser`, `idMeal`, `date`) VALUES (1437, 3, 25, '2020-04-30');
INSERT INTO `softwareengineering`.`diet` (`idDiet`, `idUser`, `idMeal`, `date`) VALUES (1438, 3, 35, '2020-04-30');
INSERT INTO `softwareengineering`.`diet` (`idDiet`, `idUser`, `idMeal`, `date`) VALUES (1439, 3, 45, '2020-04-30');
INSERT INTO `softwareengineering`.`diet` (`idDiet`, `idUser`, `idMeal`, `date`) VALUES (1440, 3, 58, '2020-04-30');
INSERT INTO `softwareengineering`.`diet` (`idDiet`, `idUser`, `idMeal`, `date`) VALUES (1441, 3, 59, '2020-04-30');
INSERT INTO `softwareengineering`.`weighttracking` (`idWeightTracking`, `idUser`, `date`, `weight`) VALUES (177, 3, '2020-04-30', 97.34);
INSERT INTO `softwareengineering`.`diet` (`idDiet`, `idUser`, `idMeal`, `date`) VALUES (1442, 3, 2, '2020-04-29');
INSERT INTO `softwareengineering`.`diet` (`idDiet`, `idUser`, `idMeal`, `date`) VALUES (1443, 3, 8, '2020-04-29');
INSERT INTO `softwareengineering`.`diet` (`idDiet`, `idUser`, `idMeal`, `date`) VALUES (1444, 3, 27, '2020-04-29');
INSERT INTO `softwareengineering`.`diet` (`idDiet`, `idUser`, `idMeal`, `date`) VALUES (1445, 3, 39, '2020-04-29');
INSERT INTO `softwareengineering`.`diet` (`idDiet`, `idUser`, `idMeal`, `date`) VALUES (1446, 3, 44, '2020-04-29');
INSERT INTO `softwareengineering`.`diet` (`idDiet`, `idUser`, `idMeal`, `date`) VALUES (1447, 3, 49, '2020-04-29');
INSERT INTO `softwareengineering`.`diet` (`idDiet`, `idUser`, `idMeal`, `date`) VALUES (1448, 3, 49, '2020-04-29');
INSERT INTO `softwareengineering`.`diet` (`idDiet`, `idUser`, `idMeal`, `date`) VALUES (1449, 3, 51, '2020-04-29');
INSERT INTO `softwareengineering`.`weighttracking` (`idWeightTracking`, `idUser`, `date`, `weight`) VALUES (178, 3, '2020-04-29', 97.63);
INSERT INTO `softwareengineering`.`exerciselink` (`idLink`, `idUser`, `idExerciseSession`, `date`) VALUES (179, 3, 0, '2020-04-28');
INSERT INTO `softwareengineering`.`exerciselink` (`idLink`, `idUser`, `idExerciseSession`, `date`) VALUES (180, 3, 14, '2020-04-28');
INSERT INTO `softwareengineering`.`diet` (`idDiet`, `idUser`, `idMeal`, `date`) VALUES (1450, 3, 3, '2020-04-28');
INSERT INTO `softwareengineering`.`diet` (`idDiet`, `idUser`, `idMeal`, `date`) VALUES (1451, 3, 8, '2020-04-28');
INSERT INTO `softwareengineering`.`diet` (`idDiet`, `idUser`, `idMeal`, `date`) VALUES (1452, 3, 9, '2020-04-28');
INSERT INTO `softwareengineering`.`diet` (`idDiet`, `idUser`, `idMeal`, `date`) VALUES (1453, 3, 29, '2020-04-28');
INSERT INTO `softwareengineering`.`diet` (`idDiet`, `idUser`, `idMeal`, `date`) VALUES (1454, 3, 33, '2020-04-28');
INSERT INTO `softwareengineering`.`diet` (`idDiet`, `idUser`, `idMeal`, `date`) VALUES (1455, 3, 32, '2020-04-28');
INSERT INTO `softwareengineering`.`diet` (`idDiet`, `idUser`, `idMeal`, `date`) VALUES (1456, 3, 56, '2020-04-28');
INSERT INTO `softwareengineering`.`diet` (`idDiet`, `idUser`, `idMeal`, `date`) VALUES (1457, 3, 50, '2020-04-28');
INSERT INTO `softwareengineering`.`diet` (`idDiet`, `idUser`, `idMeal`, `date`) VALUES (1458, 3, 58, '2020-04-28');
INSERT INTO `softwareengineering`.`weighttracking` (`idWeightTracking`, `idUser`, `date`, `weight`) VALUES (179, 3, '2020-04-28', 97.46);
INSERT INTO `softwareengineering`.`exerciselink` (`idLink`, `idUser`, `idExerciseSession`, `date`) VALUES (181, 3, 1, '2020-04-27');
INSERT INTO `softwareengineering`.`diet` (`idDiet`, `idUser`, `idMeal`, `date`) VALUES (1459, 3, 3, '2020-04-27');
INSERT INTO `softwareengineering`.`diet` (`idDiet`, `idUser`, `idMeal`, `date`) VALUES (1460, 3, 12, '2020-04-27');
INSERT INTO `softwareengineering`.`diet` (`idDiet`, `idUser`, `idMeal`, `date`) VALUES (1461, 3, 23, '2020-04-27');
INSERT INTO `softwareengineering`.`diet` (`idDiet`, `idUser`, `idMeal`, `date`) VALUES (1462, 3, 23, '2020-04-27');
INSERT INTO `softwareengineering`.`diet` (`idDiet`, `idUser`, `idMeal`, `date`) VALUES (1463, 3, 16, '2020-04-27');
INSERT INTO `softwareengineering`.`diet` (`idDiet`, `idUser`, `idMeal`, `date`) VALUES (1464, 3, 44, '2020-04-27');
INSERT INTO `softwareengineering`.`diet` (`idDiet`, `idUser`, `idMeal`, `date`) VALUES (1465, 3, 30, '2020-04-27');
INSERT INTO `softwareengineering`.`diet` (`idDiet`, `idUser`, `idMeal`, `date`) VALUES (1466, 3, 40, '2020-04-27');
INSERT INTO `softwareengineering`.`diet` (`idDiet`, `idUser`, `idMeal`, `date`) VALUES (1467, 3, 50, '2020-04-27');
INSERT INTO `softwareengineering`.`weighttracking` (`idWeightTracking`, `idUser`, `date`, `weight`) VALUES (180, 3, '2020-04-27', 97.38);
INSERT INTO `softwareengineering`.`exerciselink` (`idLink`, `idUser`, `idExerciseSession`, `date`) VALUES (182, 3, 19, '2020-04-26');
INSERT INTO `softwareengineering`.`exerciselink` (`idLink`, `idUser`, `idExerciseSession`, `date`) VALUES (183, 3, 12, '2020-04-26');
INSERT INTO `softwareengineering`.`diet` (`idDiet`, `idUser`, `idMeal`, `date`) VALUES (1468, 3, 14, '2020-04-26');
INSERT INTO `softwareengineering`.`diet` (`idDiet`, `idUser`, `idMeal`, `date`) VALUES (1469, 3, 21, '2020-04-26');
INSERT INTO `softwareengineering`.`diet` (`idDiet`, `idUser`, `idMeal`, `date`) VALUES (1470, 3, 26, '2020-04-26');
INSERT INTO `softwareengineering`.`diet` (`idDiet`, `idUser`, `idMeal`, `date`) VALUES (1471, 3, 40, '2020-04-26');
INSERT INTO `softwareengineering`.`diet` (`idDiet`, `idUser`, `idMeal`, `date`) VALUES (1472, 3, 43, '2020-04-26');
INSERT INTO `softwareengineering`.`diet` (`idDiet`, `idUser`, `idMeal`, `date`) VALUES (1473, 3, 42, '2020-04-26');
INSERT INTO `softwareengineering`.`diet` (`idDiet`, `idUser`, `idMeal`, `date`) VALUES (1474, 3, 54, '2020-04-26');
INSERT INTO `softwareengineering`.`diet` (`idDiet`, `idUser`, `idMeal`, `date`) VALUES (1475, 3, 57, '2020-04-26');
INSERT INTO `softwareengineering`.`weighttracking` (`idWeightTracking`, `idUser`, `date`, `weight`) VALUES (181, 3, '2020-04-26', 97.47);
INSERT INTO `softwareengineering`.`exerciselink` (`idLink`, `idUser`, `idExerciseSession`, `date`) VALUES (184, 3, 2, '2020-04-25');
INSERT INTO `softwareengineering`.`diet` (`idDiet`, `idUser`, `idMeal`, `date`) VALUES (1476, 3, 5, '2020-04-25');
INSERT INTO `softwareengineering`.`diet` (`idDiet`, `idUser`, `idMeal`, `date`) VALUES (1477, 3, 3, '2020-04-25');
INSERT INTO `softwareengineering`.`diet` (`idDiet`, `idUser`, `idMeal`, `date`) VALUES (1478, 3, 7, '2020-04-25');
INSERT INTO `softwareengineering`.`diet` (`idDiet`, `idUser`, `idMeal`, `date`) VALUES (1479, 3, 20, '2020-04-25');
INSERT INTO `softwareengineering`.`diet` (`idDiet`, `idUser`, `idMeal`, `date`) VALUES (1480, 3, 37, '2020-04-25');
INSERT INTO `softwareengineering`.`diet` (`idDiet`, `idUser`, `idMeal`, `date`) VALUES (1481, 3, 38, '2020-04-25');
INSERT INTO `softwareengineering`.`diet` (`idDiet`, `idUser`, `idMeal`, `date`) VALUES (1482, 3, 33, '2020-04-25');
INSERT INTO `softwareengineering`.`diet` (`idDiet`, `idUser`, `idMeal`, `date`) VALUES (1483, 3, 52, '2020-04-25');
INSERT INTO `softwareengineering`.`diet` (`idDiet`, `idUser`, `idMeal`, `date`) VALUES (1484, 3, 51, '2020-04-25');
INSERT INTO `softwareengineering`.`weighttracking` (`idWeightTracking`, `idUser`, `date`, `weight`) VALUES (182, 3, '2020-04-25', 97.39);
INSERT INTO `softwareengineering`.`exerciselink` (`idLink`, `idUser`, `idExerciseSession`, `date`) VALUES (185, 3, 1, '2020-04-24');
INSERT INTO `softwareengineering`.`exerciselink` (`idLink`, `idUser`, `idExerciseSession`, `date`) VALUES (186, 3, 1, '2020-04-24');
INSERT INTO `softwareengineering`.`diet` (`idDiet`, `idUser`, `idMeal`, `date`) VALUES (1485, 3, 8, '2020-04-24');
INSERT INTO `softwareengineering`.`diet` (`idDiet`, `idUser`, `idMeal`, `date`) VALUES (1486, 3, 28, '2020-04-24');
INSERT INTO `softwareengineering`.`diet` (`idDiet`, `idUser`, `idMeal`, `date`) VALUES (1487, 3, 29, '2020-04-24');
INSERT INTO `softwareengineering`.`diet` (`idDiet`, `idUser`, `idMeal`, `date`) VALUES (1488, 3, 24, '2020-04-24');
INSERT INTO `softwareengineering`.`diet` (`idDiet`, `idUser`, `idMeal`, `date`) VALUES (1489, 3, 38, '2020-04-24');
INSERT INTO `softwareengineering`.`diet` (`idDiet`, `idUser`, `idMeal`, `date`) VALUES (1490, 3, 36, '2020-04-24');
INSERT INTO `softwareengineering`.`diet` (`idDiet`, `idUser`, `idMeal`, `date`) VALUES (1491, 3, 47, '2020-04-24');
INSERT INTO `softwareengineering`.`diet` (`idDiet`, `idUser`, `idMeal`, `date`) VALUES (1492, 3, 51, '2020-04-24');
INSERT INTO `softwareengineering`.`weighttracking` (`idWeightTracking`, `idUser`, `date`, `weight`) VALUES (183, 3, '2020-04-24', 97.56);
INSERT INTO `softwareengineering`.`exerciselink` (`idLink`, `idUser`, `idExerciseSession`, `date`) VALUES (187, 3, 10, '2020-04-23');
INSERT INTO `softwareengineering`.`diet` (`idDiet`, `idUser`, `idMeal`, `date`) VALUES (1493, 3, 6, '2020-04-23');
INSERT INTO `softwareengineering`.`diet` (`idDiet`, `idUser`, `idMeal`, `date`) VALUES (1494, 3, 21, '2020-04-23');
INSERT INTO `softwareengineering`.`diet` (`idDiet`, `idUser`, `idMeal`, `date`) VALUES (1495, 3, 25, '2020-04-23');
INSERT INTO `softwareengineering`.`diet` (`idDiet`, `idUser`, `idMeal`, `date`) VALUES (1496, 3, 42, '2020-04-23');
INSERT INTO `softwareengineering`.`diet` (`idDiet`, `idUser`, `idMeal`, `date`) VALUES (1497, 3, 32, '2020-04-23');
INSERT INTO `softwareengineering`.`diet` (`idDiet`, `idUser`, `idMeal`, `date`) VALUES (1498, 3, 50, '2020-04-23');
INSERT INTO `softwareengineering`.`diet` (`idDiet`, `idUser`, `idMeal`, `date`) VALUES (1499, 3, 59, '2020-04-23');
INSERT INTO `softwareengineering`.`weighttracking` (`idWeightTracking`, `idUser`, `date`, `weight`) VALUES (184, 3, '2020-04-23', 97.74);
INSERT INTO `softwareengineering`.`exerciselink` (`idLink`, `idUser`, `idExerciseSession`, `date`) VALUES (188, 3, 8, '2020-04-22');
INSERT INTO `softwareengineering`.`diet` (`idDiet`, `idUser`, `idMeal`, `date`) VALUES (1500, 3, 0, '2020-04-22');
INSERT INTO `softwareengineering`.`diet` (`idDiet`, `idUser`, `idMeal`, `date`) VALUES (1501, 3, 9, '2020-04-22');
INSERT INTO `softwareengineering`.`diet` (`idDiet`, `idUser`, `idMeal`, `date`) VALUES (1502, 3, 9, '2020-04-22');
INSERT INTO `softwareengineering`.`diet` (`idDiet`, `idUser`, `idMeal`, `date`) VALUES (1503, 3, 26, '2020-04-22');
INSERT INTO `softwareengineering`.`diet` (`idDiet`, `idUser`, `idMeal`, `date`) VALUES (1504, 3, 17, '2020-04-22');
INSERT INTO `softwareengineering`.`diet` (`idDiet`, `idUser`, `idMeal`, `date`) VALUES (1505, 3, 30, '2020-04-22');
INSERT INTO `softwareengineering`.`diet` (`idDiet`, `idUser`, `idMeal`, `date`) VALUES (1506, 3, 45, '2020-04-22');
INSERT INTO `softwareengineering`.`diet` (`idDiet`, `idUser`, `idMeal`, `date`) VALUES (1507, 3, 56, '2020-04-22');
INSERT INTO `softwareengineering`.`weighttracking` (`idWeightTracking`, `idUser`, `date`, `weight`) VALUES (185, 3, '2020-04-22', 97.7);
INSERT INTO `softwareengineering`.`exerciselink` (`idLink`, `idUser`, `idExerciseSession`, `date`) VALUES (189, 3, 22, '2020-04-21');
INSERT INTO `softwareengineering`.`diet` (`idDiet`, `idUser`, `idMeal`, `date`) VALUES (1508, 3, 14, '2020-04-21');
INSERT INTO `softwareengineering`.`diet` (`idDiet`, `idUser`, `idMeal`, `date`) VALUES (1509, 3, 19, '2020-04-21');
INSERT INTO `softwareengineering`.`diet` (`idDiet`, `idUser`, `idMeal`, `date`) VALUES (1510, 3, 25, '2020-04-21');
INSERT INTO `softwareengineering`.`diet` (`idDiet`, `idUser`, `idMeal`, `date`) VALUES (1511, 3, 37, '2020-04-21');
INSERT INTO `softwareengineering`.`diet` (`idDiet`, `idUser`, `idMeal`, `date`) VALUES (1512, 3, 56, '2020-04-21');
INSERT INTO `softwareengineering`.`diet` (`idDiet`, `idUser`, `idMeal`, `date`) VALUES (1513, 3, 53, '2020-04-21');
INSERT INTO `softwareengineering`.`weighttracking` (`idWeightTracking`, `idUser`, `date`, `weight`) VALUES (186, 3, '2020-04-21', 97.87);
INSERT INTO `softwareengineering`.`exerciselink` (`idLink`, `idUser`, `idExerciseSession`, `date`) VALUES (190, 3, 11, '2020-04-20');
INSERT INTO `softwareengineering`.`exerciselink` (`idLink`, `idUser`, `idExerciseSession`, `date`) VALUES (191, 3, 0, '2020-04-20');
INSERT INTO `softwareengineering`.`diet` (`idDiet`, `idUser`, `idMeal`, `date`) VALUES (1514, 3, 4, '2020-04-20');
INSERT INTO `softwareengineering`.`diet` (`idDiet`, `idUser`, `idMeal`, `date`) VALUES (1515, 3, 2, '2020-04-20');
INSERT INTO `softwareengineering`.`diet` (`idDiet`, `idUser`, `idMeal`, `date`) VALUES (1516, 3, 27, '2020-04-20');
INSERT INTO `softwareengineering`.`diet` (`idDiet`, `idUser`, `idMeal`, `date`) VALUES (1517, 3, 42, '2020-04-20');
INSERT INTO `softwareengineering`.`diet` (`idDiet`, `idUser`, `idMeal`, `date`) VALUES (1518, 3, 33, '2020-04-20');
INSERT INTO `softwareengineering`.`diet` (`idDiet`, `idUser`, `idMeal`, `date`) VALUES (1519, 3, 44, '2020-04-20');
INSERT INTO `softwareengineering`.`diet` (`idDiet`, `idUser`, `idMeal`, `date`) VALUES (1520, 3, 57, '2020-04-20');
INSERT INTO `softwareengineering`.`weighttracking` (`idWeightTracking`, `idUser`, `date`, `weight`) VALUES (187, 3, '2020-04-20', 98.03);
INSERT INTO `softwareengineering`.`exerciselink` (`idLink`, `idUser`, `idExerciseSession`, `date`) VALUES (192, 3, 9, '2020-04-19');
INSERT INTO `softwareengineering`.`diet` (`idDiet`, `idUser`, `idMeal`, `date`) VALUES (1521, 3, 0, '2020-04-19');
INSERT INTO `softwareengineering`.`diet` (`idDiet`, `idUser`, `idMeal`, `date`) VALUES (1522, 3, 8, '2020-04-19');
INSERT INTO `softwareengineering`.`diet` (`idDiet`, `idUser`, `idMeal`, `date`) VALUES (1523, 3, 15, '2020-04-19');
INSERT INTO `softwareengineering`.`diet` (`idDiet`, `idUser`, `idMeal`, `date`) VALUES (1524, 3, 20, '2020-04-19');
INSERT INTO `softwareengineering`.`diet` (`idDiet`, `idUser`, `idMeal`, `date`) VALUES (1525, 3, 30, '2020-04-19');
INSERT INTO `softwareengineering`.`diet` (`idDiet`, `idUser`, `idMeal`, `date`) VALUES (1526, 3, 55, '2020-04-19');
INSERT INTO `softwareengineering`.`diet` (`idDiet`, `idUser`, `idMeal`, `date`) VALUES (1527, 3, 59, '2020-04-19');
INSERT INTO `softwareengineering`.`diet` (`idDiet`, `idUser`, `idMeal`, `date`) VALUES (1528, 3, 45, '2020-04-19');
INSERT INTO `softwareengineering`.`weighttracking` (`idWeightTracking`, `idUser`, `date`, `weight`) VALUES (188, 3, '2020-04-19', 97.97);
INSERT INTO `softwareengineering`.`exerciselink` (`idLink`, `idUser`, `idExerciseSession`, `date`) VALUES (193, 3, 6, '2020-04-18');
INSERT INTO `softwareengineering`.`exerciselink` (`idLink`, `idUser`, `idExerciseSession`, `date`) VALUES (194, 3, 7, '2020-04-18');
INSERT INTO `softwareengineering`.`diet` (`idDiet`, `idUser`, `idMeal`, `date`) VALUES (1529, 3, 13, '2020-04-18');
INSERT INTO `softwareengineering`.`diet` (`idDiet`, `idUser`, `idMeal`, `date`) VALUES (1530, 3, 7, '2020-04-18');
INSERT INTO `softwareengineering`.`diet` (`idDiet`, `idUser`, `idMeal`, `date`) VALUES (1531, 3, 17, '2020-04-18');
INSERT INTO `softwareengineering`.`diet` (`idDiet`, `idUser`, `idMeal`, `date`) VALUES (1532, 3, 27, '2020-04-18');
INSERT INTO `softwareengineering`.`diet` (`idDiet`, `idUser`, `idMeal`, `date`) VALUES (1533, 3, 16, '2020-04-18');
INSERT INTO `softwareengineering`.`diet` (`idDiet`, `idUser`, `idMeal`, `date`) VALUES (1534, 3, 36, '2020-04-18');
INSERT INTO `softwareengineering`.`diet` (`idDiet`, `idUser`, `idMeal`, `date`) VALUES (1535, 3, 46, '2020-04-18');
INSERT INTO `softwareengineering`.`weighttracking` (`idWeightTracking`, `idUser`, `date`, `weight`) VALUES (189, 3, '2020-04-18', 98.08);
INSERT INTO `softwareengineering`.`exerciselink` (`idLink`, `idUser`, `idExerciseSession`, `date`) VALUES (195, 3, 7, '2020-04-17');
INSERT INTO `softwareengineering`.`exerciselink` (`idLink`, `idUser`, `idExerciseSession`, `date`) VALUES (196, 3, 21, '2020-04-17');
INSERT INTO `softwareengineering`.`diet` (`idDiet`, `idUser`, `idMeal`, `date`) VALUES (1536, 3, 8, '2020-04-17');
INSERT INTO `softwareengineering`.`diet` (`idDiet`, `idUser`, `idMeal`, `date`) VALUES (1537, 3, 2, '2020-04-17');
INSERT INTO `softwareengineering`.`diet` (`idDiet`, `idUser`, `idMeal`, `date`) VALUES (1538, 3, 2, '2020-04-17');
INSERT INTO `softwareengineering`.`diet` (`idDiet`, `idUser`, `idMeal`, `date`) VALUES (1539, 3, 24, '2020-04-17');
INSERT INTO `softwareengineering`.`diet` (`idDiet`, `idUser`, `idMeal`, `date`) VALUES (1540, 3, 38, '2020-04-17');
INSERT INTO `softwareengineering`.`diet` (`idDiet`, `idUser`, `idMeal`, `date`) VALUES (1541, 3, 37, '2020-04-17');
INSERT INTO `softwareengineering`.`diet` (`idDiet`, `idUser`, `idMeal`, `date`) VALUES (1542, 3, 41, '2020-04-17');
INSERT INTO `softwareengineering`.`diet` (`idDiet`, `idUser`, `idMeal`, `date`) VALUES (1543, 3, 59, '2020-04-17');
INSERT INTO `softwareengineering`.`weighttracking` (`idWeightTracking`, `idUser`, `date`, `weight`) VALUES (190, 3, '2020-04-17', 98.1);
INSERT INTO `softwareengineering`.`exerciselink` (`idLink`, `idUser`, `idExerciseSession`, `date`) VALUES (197, 3, 12, '2020-04-16');
INSERT INTO `softwareengineering`.`exerciselink` (`idLink`, `idUser`, `idExerciseSession`, `date`) VALUES (198, 3, 17, '2020-04-16');
INSERT INTO `softwareengineering`.`diet` (`idDiet`, `idUser`, `idMeal`, `date`) VALUES (1544, 3, 6, '2020-04-16');
INSERT INTO `softwareengineering`.`diet` (`idDiet`, `idUser`, `idMeal`, `date`) VALUES (1545, 3, 9, '2020-04-16');
INSERT INTO `softwareengineering`.`diet` (`idDiet`, `idUser`, `idMeal`, `date`) VALUES (1546, 3, 19, '2020-04-16');
INSERT INTO `softwareengineering`.`diet` (`idDiet`, `idUser`, `idMeal`, `date`) VALUES (1547, 3, 38, '2020-04-16');
INSERT INTO `softwareengineering`.`diet` (`idDiet`, `idUser`, `idMeal`, `date`) VALUES (1548, 3, 40, '2020-04-16');
INSERT INTO `softwareengineering`.`diet` (`idDiet`, `idUser`, `idMeal`, `date`) VALUES (1549, 3, 59, '2020-04-16');
INSERT INTO `softwareengineering`.`diet` (`idDiet`, `idUser`, `idMeal`, `date`) VALUES (1550, 3, 54, '2020-04-16');
INSERT INTO `softwareengineering`.`weighttracking` (`idWeightTracking`, `idUser`, `date`, `weight`) VALUES (191, 3, '2020-04-16', 98.23);
INSERT INTO `softwareengineering`.`exerciselink` (`idLink`, `idUser`, `idExerciseSession`, `date`) VALUES (199, 3, 16, '2020-04-15');
INSERT INTO `softwareengineering`.`diet` (`idDiet`, `idUser`, `idMeal`, `date`) VALUES (1551, 3, 1, '2020-04-15');
INSERT INTO `softwareengineering`.`diet` (`idDiet`, `idUser`, `idMeal`, `date`) VALUES (1552, 3, 8, '2020-04-15');
INSERT INTO `softwareengineering`.`diet` (`idDiet`, `idUser`, `idMeal`, `date`) VALUES (1553, 3, 2, '2020-04-15');
INSERT INTO `softwareengineering`.`diet` (`idDiet`, `idUser`, `idMeal`, `date`) VALUES (1554, 3, 25, '2020-04-15');
INSERT INTO `softwareengineering`.`diet` (`idDiet`, `idUser`, `idMeal`, `date`) VALUES (1555, 3, 25, '2020-04-15');
INSERT INTO `softwareengineering`.`diet` (`idDiet`, `idUser`, `idMeal`, `date`) VALUES (1556, 3, 21, '2020-04-15');
INSERT INTO `softwareengineering`.`diet` (`idDiet`, `idUser`, `idMeal`, `date`) VALUES (1557, 3, 44, '2020-04-15');
INSERT INTO `softwareengineering`.`diet` (`idDiet`, `idUser`, `idMeal`, `date`) VALUES (1558, 3, 55, '2020-04-15');
INSERT INTO `softwareengineering`.`weighttracking` (`idWeightTracking`, `idUser`, `date`, `weight`) VALUES (192, 3, '2020-04-15', 98.4);
INSERT INTO `softwareengineering`.`diet` (`idDiet`, `idUser`, `idMeal`, `date`) VALUES (1559, 3, 5, '2020-04-14');
INSERT INTO `softwareengineering`.`diet` (`idDiet`, `idUser`, `idMeal`, `date`) VALUES (1560, 3, 19, '2020-04-14');
INSERT INTO `softwareengineering`.`diet` (`idDiet`, `idUser`, `idMeal`, `date`) VALUES (1561, 3, 17, '2020-04-14');
INSERT INTO `softwareengineering`.`diet` (`idDiet`, `idUser`, `idMeal`, `date`) VALUES (1562, 3, 21, '2020-04-14');
INSERT INTO `softwareengineering`.`diet` (`idDiet`, `idUser`, `idMeal`, `date`) VALUES (1563, 3, 34, '2020-04-14');
INSERT INTO `softwareengineering`.`diet` (`idDiet`, `idUser`, `idMeal`, `date`) VALUES (1564, 3, 43, '2020-04-14');
INSERT INTO `softwareengineering`.`diet` (`idDiet`, `idUser`, `idMeal`, `date`) VALUES (1565, 3, 55, '2020-04-14');
INSERT INTO `softwareengineering`.`diet` (`idDiet`, `idUser`, `idMeal`, `date`) VALUES (1566, 3, 50, '2020-04-14');
INSERT INTO `softwareengineering`.`diet` (`idDiet`, `idUser`, `idMeal`, `date`) VALUES (1567, 3, 58, '2020-04-14');
INSERT INTO `softwareengineering`.`weighttracking` (`idWeightTracking`, `idUser`, `date`, `weight`) VALUES (193, 3, '2020-04-14', 98.31);
INSERT INTO `softwareengineering`.`diet` (`idDiet`, `idUser`, `idMeal`, `date`) VALUES (1568, 3, 7, '2020-04-13');
INSERT INTO `softwareengineering`.`diet` (`idDiet`, `idUser`, `idMeal`, `date`) VALUES (1569, 3, 10, '2020-04-13');
INSERT INTO `softwareengineering`.`diet` (`idDiet`, `idUser`, `idMeal`, `date`) VALUES (1570, 3, 20, '2020-04-13');
INSERT INTO `softwareengineering`.`diet` (`idDiet`, `idUser`, `idMeal`, `date`) VALUES (1571, 3, 20, '2020-04-13');
INSERT INTO `softwareengineering`.`diet` (`idDiet`, `idUser`, `idMeal`, `date`) VALUES (1572, 3, 32, '2020-04-13');
INSERT INTO `softwareengineering`.`diet` (`idDiet`, `idUser`, `idMeal`, `date`) VALUES (1573, 3, 53, '2020-04-13');
INSERT INTO `softwareengineering`.`weighttracking` (`idWeightTracking`, `idUser`, `date`, `weight`) VALUES (194, 3, '2020-04-13', 98.56);
INSERT INTO `softwareengineering`.`diet` (`idDiet`, `idUser`, `idMeal`, `date`) VALUES (1574, 3, 7, '2020-04-12');
INSERT INTO `softwareengineering`.`diet` (`idDiet`, `idUser`, `idMeal`, `date`) VALUES (1575, 3, 26, '2020-04-12');
INSERT INTO `softwareengineering`.`diet` (`idDiet`, `idUser`, `idMeal`, `date`) VALUES (1576, 3, 18, '2020-04-12');
INSERT INTO `softwareengineering`.`diet` (`idDiet`, `idUser`, `idMeal`, `date`) VALUES (1577, 3, 18, '2020-04-12');
INSERT INTO `softwareengineering`.`diet` (`idDiet`, `idUser`, `idMeal`, `date`) VALUES (1578, 3, 34, '2020-04-12');
INSERT INTO `softwareengineering`.`diet` (`idDiet`, `idUser`, `idMeal`, `date`) VALUES (1579, 3, 49, '2020-04-12');
INSERT INTO `softwareengineering`.`diet` (`idDiet`, `idUser`, `idMeal`, `date`) VALUES (1580, 3, 45, '2020-04-12');
INSERT INTO `softwareengineering`.`weighttracking` (`idWeightTracking`, `idUser`, `date`, `weight`) VALUES (195, 3, '2020-04-12', 98.72);
INSERT INTO `softwareengineering`.`diet` (`idDiet`, `idUser`, `idMeal`, `date`) VALUES (1581, 3, 0, '2020-04-11');
INSERT INTO `softwareengineering`.`diet` (`idDiet`, `idUser`, `idMeal`, `date`) VALUES (1582, 3, 1, '2020-04-11');
INSERT INTO `softwareengineering`.`diet` (`idDiet`, `idUser`, `idMeal`, `date`) VALUES (1583, 3, 19, '2020-04-11');
INSERT INTO `softwareengineering`.`diet` (`idDiet`, `idUser`, `idMeal`, `date`) VALUES (1584, 3, 18, '2020-04-11');
INSERT INTO `softwareengineering`.`diet` (`idDiet`, `idUser`, `idMeal`, `date`) VALUES (1585, 3, 18, '2020-04-11');
INSERT INTO `softwareengineering`.`diet` (`idDiet`, `idUser`, `idMeal`, `date`) VALUES (1586, 3, 36, '2020-04-11');
INSERT INTO `softwareengineering`.`diet` (`idDiet`, `idUser`, `idMeal`, `date`) VALUES (1587, 3, 42, '2020-04-11');
INSERT INTO `softwareengineering`.`diet` (`idDiet`, `idUser`, `idMeal`, `date`) VALUES (1588, 3, 33, '2020-04-11');
INSERT INTO `softwareengineering`.`diet` (`idDiet`, `idUser`, `idMeal`, `date`) VALUES (1589, 3, 46, '2020-04-11');
INSERT INTO `softwareengineering`.`diet` (`idDiet`, `idUser`, `idMeal`, `date`) VALUES (1590, 3, 59, '2020-04-11');
INSERT INTO `softwareengineering`.`diet` (`idDiet`, `idUser`, `idMeal`, `date`) VALUES (1591, 3, 50, '2020-04-11');
INSERT INTO `softwareengineering`.`weighttracking` (`idWeightTracking`, `idUser`, `date`, `weight`) VALUES (196, 3, '2020-04-11', 98.61);
INSERT INTO `softwareengineering`.`exerciselink` (`idLink`, `idUser`, `idExerciseSession`, `date`) VALUES (200, 3, 22, '2020-04-10');
INSERT INTO `softwareengineering`.`diet` (`idDiet`, `idUser`, `idMeal`, `date`) VALUES (1592, 3, 9, '2020-04-10');
INSERT INTO `softwareengineering`.`diet` (`idDiet`, `idUser`, `idMeal`, `date`) VALUES (1593, 3, 3, '2020-04-10');
INSERT INTO `softwareengineering`.`diet` (`idDiet`, `idUser`, `idMeal`, `date`) VALUES (1594, 3, 4, '2020-04-10');
INSERT INTO `softwareengineering`.`diet` (`idDiet`, `idUser`, `idMeal`, `date`) VALUES (1595, 3, 29, '2020-04-10');
INSERT INTO `softwareengineering`.`diet` (`idDiet`, `idUser`, `idMeal`, `date`) VALUES (1596, 3, 17, '2020-04-10');
INSERT INTO `softwareengineering`.`diet` (`idDiet`, `idUser`, `idMeal`, `date`) VALUES (1597, 3, 43, '2020-04-10');
INSERT INTO `softwareengineering`.`diet` (`idDiet`, `idUser`, `idMeal`, `date`) VALUES (1598, 3, 38, '2020-04-10');
INSERT INTO `softwareengineering`.`diet` (`idDiet`, `idUser`, `idMeal`, `date`) VALUES (1599, 3, 50, '2020-04-10');
INSERT INTO `softwareengineering`.`weighttracking` (`idWeightTracking`, `idUser`, `date`, `weight`) VALUES (197, 3, '2020-04-10', 98.76);
INSERT INTO `softwareengineering`.`exerciselink` (`idLink`, `idUser`, `idExerciseSession`, `date`) VALUES (201, 3, 24, '2020-04-09');
INSERT INTO `softwareengineering`.`exerciselink` (`idLink`, `idUser`, `idExerciseSession`, `date`) VALUES (202, 3, 21, '2020-04-09');
INSERT INTO `softwareengineering`.`diet` (`idDiet`, `idUser`, `idMeal`, `date`) VALUES (1600, 3, 0, '2020-04-09');
INSERT INTO `softwareengineering`.`diet` (`idDiet`, `idUser`, `idMeal`, `date`) VALUES (1601, 3, 26, '2020-04-09');
INSERT INTO `softwareengineering`.`diet` (`idDiet`, `idUser`, `idMeal`, `date`) VALUES (1602, 3, 25, '2020-04-09');
INSERT INTO `softwareengineering`.`diet` (`idDiet`, `idUser`, `idMeal`, `date`) VALUES (1603, 3, 30, '2020-04-09');
INSERT INTO `softwareengineering`.`diet` (`idDiet`, `idUser`, `idMeal`, `date`) VALUES (1604, 3, 30, '2020-04-09');
INSERT INTO `softwareengineering`.`diet` (`idDiet`, `idUser`, `idMeal`, `date`) VALUES (1605, 3, 46, '2020-04-09');
INSERT INTO `softwareengineering`.`diet` (`idDiet`, `idUser`, `idMeal`, `date`) VALUES (1606, 3, 51, '2020-04-09');
INSERT INTO `softwareengineering`.`weighttracking` (`idWeightTracking`, `idUser`, `date`, `weight`) VALUES (198, 3, '2020-04-09', 98.58);
INSERT INTO `softwareengineering`.`exerciselink` (`idLink`, `idUser`, `idExerciseSession`, `date`) VALUES (203, 3, 5, '2020-04-08');
INSERT INTO `softwareengineering`.`exerciselink` (`idLink`, `idUser`, `idExerciseSession`, `date`) VALUES (204, 3, 22, '2020-04-08');
INSERT INTO `softwareengineering`.`diet` (`idDiet`, `idUser`, `idMeal`, `date`) VALUES (1607, 3, 14, '2020-04-08');
INSERT INTO `softwareengineering`.`diet` (`idDiet`, `idUser`, `idMeal`, `date`) VALUES (1608, 3, 9, '2020-04-08');
INSERT INTO `softwareengineering`.`diet` (`idDiet`, `idUser`, `idMeal`, `date`) VALUES (1609, 3, 17, '2020-04-08');
INSERT INTO `softwareengineering`.`diet` (`idDiet`, `idUser`, `idMeal`, `date`) VALUES (1610, 3, 32, '2020-04-08');
INSERT INTO `softwareengineering`.`diet` (`idDiet`, `idUser`, `idMeal`, `date`) VALUES (1611, 3, 32, '2020-04-08');
INSERT INTO `softwareengineering`.`diet` (`idDiet`, `idUser`, `idMeal`, `date`) VALUES (1612, 3, 36, '2020-04-08');
INSERT INTO `softwareengineering`.`diet` (`idDiet`, `idUser`, `idMeal`, `date`) VALUES (1613, 3, 53, '2020-04-08');
INSERT INTO `softwareengineering`.`weighttracking` (`idWeightTracking`, `idUser`, `date`, `weight`) VALUES (199, 3, '2020-04-08', 98.58);
INSERT INTO `softwareengineering`.`diet` (`idDiet`, `idUser`, `idMeal`, `date`) VALUES (1614, 3, 11, '2020-04-07');
INSERT INTO `softwareengineering`.`diet` (`idDiet`, `idUser`, `idMeal`, `date`) VALUES (1615, 3, 1, '2020-04-07');
INSERT INTO `softwareengineering`.`diet` (`idDiet`, `idUser`, `idMeal`, `date`) VALUES (1616, 3, 22, '2020-04-07');
INSERT INTO `softwareengineering`.`diet` (`idDiet`, `idUser`, `idMeal`, `date`) VALUES (1617, 3, 30, '2020-04-07');
INSERT INTO `softwareengineering`.`diet` (`idDiet`, `idUser`, `idMeal`, `date`) VALUES (1618, 3, 36, '2020-04-07');
INSERT INTO `softwareengineering`.`diet` (`idDiet`, `idUser`, `idMeal`, `date`) VALUES (1619, 3, 40, '2020-04-07');
INSERT INTO `softwareengineering`.`diet` (`idDiet`, `idUser`, `idMeal`, `date`) VALUES (1620, 3, 58, '2020-04-07');
INSERT INTO `softwareengineering`.`weighttracking` (`idWeightTracking`, `idUser`, `date`, `weight`) VALUES (200, 3, '2020-04-07', 98.56);
INSERT INTO `softwareengineering`.`exerciselink` (`idLink`, `idUser`, `idExerciseSession`, `date`) VALUES (205, 3, 19, '2020-04-06');
INSERT INTO `softwareengineering`.`exerciselink` (`idLink`, `idUser`, `idExerciseSession`, `date`) VALUES (206, 3, 6, '2020-04-06');
INSERT INTO `softwareengineering`.`diet` (`idDiet`, `idUser`, `idMeal`, `date`) VALUES (1621, 3, 2, '2020-04-06');
INSERT INTO `softwareengineering`.`diet` (`idDiet`, `idUser`, `idMeal`, `date`) VALUES (1622, 3, 4, '2020-04-06');
INSERT INTO `softwareengineering`.`diet` (`idDiet`, `idUser`, `idMeal`, `date`) VALUES (1623, 3, 12, '2020-04-06');
INSERT INTO `softwareengineering`.`diet` (`idDiet`, `idUser`, `idMeal`, `date`) VALUES (1624, 3, 25, '2020-04-06');
INSERT INTO `softwareengineering`.`diet` (`idDiet`, `idUser`, `idMeal`, `date`) VALUES (1625, 3, 23, '2020-04-06');
INSERT INTO `softwareengineering`.`diet` (`idDiet`, `idUser`, `idMeal`, `date`) VALUES (1626, 3, 24, '2020-04-06');
INSERT INTO `softwareengineering`.`diet` (`idDiet`, `idUser`, `idMeal`, `date`) VALUES (1627, 3, 37, '2020-04-06');
INSERT INTO `softwareengineering`.`diet` (`idDiet`, `idUser`, `idMeal`, `date`) VALUES (1628, 3, 55, '2020-04-06');
INSERT INTO `softwareengineering`.`diet` (`idDiet`, `idUser`, `idMeal`, `date`) VALUES (1629, 3, 53, '2020-04-06');
INSERT INTO `softwareengineering`.`diet` (`idDiet`, `idUser`, `idMeal`, `date`) VALUES (1630, 3, 48, '2020-04-06');
INSERT INTO `softwareengineering`.`weighttracking` (`idWeightTracking`, `idUser`, `date`, `weight`) VALUES (201, 3, '2020-04-06', 98.51);
INSERT INTO `softwareengineering`.`exerciselink` (`idLink`, `idUser`, `idExerciseSession`, `date`) VALUES (207, 3, 17, '2020-04-05');
INSERT INTO `softwareengineering`.`diet` (`idDiet`, `idUser`, `idMeal`, `date`) VALUES (1631, 3, 11, '2020-04-05');
INSERT INTO `softwareengineering`.`diet` (`idDiet`, `idUser`, `idMeal`, `date`) VALUES (1632, 3, 11, '2020-04-05');
INSERT INTO `softwareengineering`.`diet` (`idDiet`, `idUser`, `idMeal`, `date`) VALUES (1633, 3, 2, '2020-04-05');
INSERT INTO `softwareengineering`.`diet` (`idDiet`, `idUser`, `idMeal`, `date`) VALUES (1634, 3, 16, '2020-04-05');
INSERT INTO `softwareengineering`.`diet` (`idDiet`, `idUser`, `idMeal`, `date`) VALUES (1635, 3, 23, '2020-04-05');
INSERT INTO `softwareengineering`.`diet` (`idDiet`, `idUser`, `idMeal`, `date`) VALUES (1636, 3, 32, '2020-04-05');
INSERT INTO `softwareengineering`.`diet` (`idDiet`, `idUser`, `idMeal`, `date`) VALUES (1637, 3, 30, '2020-04-05');
INSERT INTO `softwareengineering`.`diet` (`idDiet`, `idUser`, `idMeal`, `date`) VALUES (1638, 3, 52, '2020-04-05');
INSERT INTO `softwareengineering`.`diet` (`idDiet`, `idUser`, `idMeal`, `date`) VALUES (1639, 3, 55, '2020-04-05');
INSERT INTO `softwareengineering`.`weighttracking` (`idWeightTracking`, `idUser`, `date`, `weight`) VALUES (202, 3, '2020-04-05', 98.7);
INSERT INTO `softwareengineering`.`diet` (`idDiet`, `idUser`, `idMeal`, `date`) VALUES (1640, 3, 2, '2020-04-04');
INSERT INTO `softwareengineering`.`diet` (`idDiet`, `idUser`, `idMeal`, `date`) VALUES (1641, 3, 7, '2020-04-04');
INSERT INTO `softwareengineering`.`diet` (`idDiet`, `idUser`, `idMeal`, `date`) VALUES (1642, 3, 22, '2020-04-04');
INSERT INTO `softwareengineering`.`diet` (`idDiet`, `idUser`, `idMeal`, `date`) VALUES (1643, 3, 18, '2020-04-04');
INSERT INTO `softwareengineering`.`diet` (`idDiet`, `idUser`, `idMeal`, `date`) VALUES (1644, 3, 44, '2020-04-04');
INSERT INTO `softwareengineering`.`diet` (`idDiet`, `idUser`, `idMeal`, `date`) VALUES (1645, 3, 53, '2020-04-04');
INSERT INTO `softwareengineering`.`weighttracking` (`idWeightTracking`, `idUser`, `date`, `weight`) VALUES (203, 3, '2020-04-04', 98.84);
INSERT INTO `softwareengineering`.`exerciselink` (`idLink`, `idUser`, `idExerciseSession`, `date`) VALUES (208, 3, 4, '2020-04-03');
INSERT INTO `softwareengineering`.`diet` (`idDiet`, `idUser`, `idMeal`, `date`) VALUES (1646, 3, 1, '2020-04-03');
INSERT INTO `softwareengineering`.`diet` (`idDiet`, `idUser`, `idMeal`, `date`) VALUES (1647, 3, 9, '2020-04-03');
INSERT INTO `softwareengineering`.`diet` (`idDiet`, `idUser`, `idMeal`, `date`) VALUES (1648, 3, 1, '2020-04-03');
INSERT INTO `softwareengineering`.`diet` (`idDiet`, `idUser`, `idMeal`, `date`) VALUES (1649, 3, 15, '2020-04-03');
INSERT INTO `softwareengineering`.`diet` (`idDiet`, `idUser`, `idMeal`, `date`) VALUES (1650, 3, 40, '2020-04-03');
INSERT INTO `softwareengineering`.`diet` (`idDiet`, `idUser`, `idMeal`, `date`) VALUES (1651, 3, 44, '2020-04-03');
INSERT INTO `softwareengineering`.`diet` (`idDiet`, `idUser`, `idMeal`, `date`) VALUES (1652, 3, 33, '2020-04-03');
INSERT INTO `softwareengineering`.`diet` (`idDiet`, `idUser`, `idMeal`, `date`) VALUES (1653, 3, 56, '2020-04-03');
INSERT INTO `softwareengineering`.`diet` (`idDiet`, `idUser`, `idMeal`, `date`) VALUES (1654, 3, 56, '2020-04-03');
INSERT INTO `softwareengineering`.`diet` (`idDiet`, `idUser`, `idMeal`, `date`) VALUES (1655, 3, 55, '2020-04-03');
INSERT INTO `softwareengineering`.`weighttracking` (`idWeightTracking`, `idUser`, `date`, `weight`) VALUES (204, 3, '2020-04-03', 98.72);
INSERT INTO `softwareengineering`.`exerciselink` (`idLink`, `idUser`, `idExerciseSession`, `date`) VALUES (209, 3, 19, '2020-04-02');
INSERT INTO `softwareengineering`.`exerciselink` (`idLink`, `idUser`, `idExerciseSession`, `date`) VALUES (210, 3, 10, '2020-04-02');
INSERT INTO `softwareengineering`.`diet` (`idDiet`, `idUser`, `idMeal`, `date`) VALUES (1656, 3, 1, '2020-04-02');
INSERT INTO `softwareengineering`.`diet` (`idDiet`, `idUser`, `idMeal`, `date`) VALUES (1657, 3, 14, '2020-04-02');
INSERT INTO `softwareengineering`.`diet` (`idDiet`, `idUser`, `idMeal`, `date`) VALUES (1658, 3, 10, '2020-04-02');
INSERT INTO `softwareengineering`.`diet` (`idDiet`, `idUser`, `idMeal`, `date`) VALUES (1659, 3, 28, '2020-04-02');
INSERT INTO `softwareengineering`.`diet` (`idDiet`, `idUser`, `idMeal`, `date`) VALUES (1660, 3, 25, '2020-04-02');
INSERT INTO `softwareengineering`.`diet` (`idDiet`, `idUser`, `idMeal`, `date`) VALUES (1661, 3, 18, '2020-04-02');
INSERT INTO `softwareengineering`.`diet` (`idDiet`, `idUser`, `idMeal`, `date`) VALUES (1662, 3, 33, '2020-04-02');
INSERT INTO `softwareengineering`.`diet` (`idDiet`, `idUser`, `idMeal`, `date`) VALUES (1663, 3, 33, '2020-04-02');
INSERT INTO `softwareengineering`.`diet` (`idDiet`, `idUser`, `idMeal`, `date`) VALUES (1664, 3, 58, '2020-04-02');
INSERT INTO `softwareengineering`.`diet` (`idDiet`, `idUser`, `idMeal`, `date`) VALUES (1665, 3, 52, '2020-04-02');
INSERT INTO `softwareengineering`.`weighttracking` (`idWeightTracking`, `idUser`, `date`, `weight`) VALUES (205, 3, '2020-04-02', 98.91);
INSERT INTO `softwareengineering`.`exerciselink` (`idLink`, `idUser`, `idExerciseSession`, `date`) VALUES (211, 3, 18, '2020-04-01');
INSERT INTO `softwareengineering`.`exerciselink` (`idLink`, `idUser`, `idExerciseSession`, `date`) VALUES (212, 3, 21, '2020-04-01');
INSERT INTO `softwareengineering`.`diet` (`idDiet`, `idUser`, `idMeal`, `date`) VALUES (1666, 3, 6, '2020-04-01');
INSERT INTO `softwareengineering`.`diet` (`idDiet`, `idUser`, `idMeal`, `date`) VALUES (1667, 3, 4, '2020-04-01');
INSERT INTO `softwareengineering`.`diet` (`idDiet`, `idUser`, `idMeal`, `date`) VALUES (1668, 3, 24, '2020-04-01');
INSERT INTO `softwareengineering`.`diet` (`idDiet`, `idUser`, `idMeal`, `date`) VALUES (1669, 3, 21, '2020-04-01');
INSERT INTO `softwareengineering`.`diet` (`idDiet`, `idUser`, `idMeal`, `date`) VALUES (1670, 3, 16, '2020-04-01');
INSERT INTO `softwareengineering`.`diet` (`idDiet`, `idUser`, `idMeal`, `date`) VALUES (1671, 3, 43, '2020-04-01');
INSERT INTO `softwareengineering`.`diet` (`idDiet`, `idUser`, `idMeal`, `date`) VALUES (1672, 3, 55, '2020-04-01');
INSERT INTO `softwareengineering`.`diet` (`idDiet`, `idUser`, `idMeal`, `date`) VALUES (1673, 3, 55, '2020-04-01');
INSERT INTO `softwareengineering`.`diet` (`idDiet`, `idUser`, `idMeal`, `date`) VALUES (1674, 3, 54, '2020-04-01');
INSERT INTO `softwareengineering`.`weighttracking` (`idWeightTracking`, `idUser`, `date`, `weight`) VALUES (206, 3, '2020-04-01', 98.76);
INSERT INTO `softwareengineering`.`exerciselink` (`idLink`, `idUser`, `idExerciseSession`, `date`) VALUES (213, 3, 21, '2020-03-31');
INSERT INTO `softwareengineering`.`diet` (`idDiet`, `idUser`, `idMeal`, `date`) VALUES (1675, 3, 4, '2020-03-31');
INSERT INTO `softwareengineering`.`diet` (`idDiet`, `idUser`, `idMeal`, `date`) VALUES (1676, 3, 6, '2020-03-31');
INSERT INTO `softwareengineering`.`diet` (`idDiet`, `idUser`, `idMeal`, `date`) VALUES (1677, 3, 22, '2020-03-31');
INSERT INTO `softwareengineering`.`diet` (`idDiet`, `idUser`, `idMeal`, `date`) VALUES (1678, 3, 44, '2020-03-31');
INSERT INTO `softwareengineering`.`diet` (`idDiet`, `idUser`, `idMeal`, `date`) VALUES (1679, 3, 34, '2020-03-31');
INSERT INTO `softwareengineering`.`diet` (`idDiet`, `idUser`, `idMeal`, `date`) VALUES (1680, 3, 53, '2020-03-31');
INSERT INTO `softwareengineering`.`diet` (`idDiet`, `idUser`, `idMeal`, `date`) VALUES (1681, 3, 53, '2020-03-31');
INSERT INTO `softwareengineering`.`diet` (`idDiet`, `idUser`, `idMeal`, `date`) VALUES (1682, 3, 52, '2020-03-31');
INSERT INTO `softwareengineering`.`weighttracking` (`idWeightTracking`, `idUser`, `date`, `weight`) VALUES (207, 3, '2020-03-31', 98.78);
INSERT INTO `softwareengineering`.`diet` (`idDiet`, `idUser`, `idMeal`, `date`) VALUES (1683, 3, 2, '2020-03-30');
INSERT INTO `softwareengineering`.`diet` (`idDiet`, `idUser`, `idMeal`, `date`) VALUES (1684, 3, 2, '2020-03-30');
INSERT INTO `softwareengineering`.`diet` (`idDiet`, `idUser`, `idMeal`, `date`) VALUES (1685, 3, 5, '2020-03-30');
INSERT INTO `softwareengineering`.`diet` (`idDiet`, `idUser`, `idMeal`, `date`) VALUES (1686, 3, 19, '2020-03-30');
INSERT INTO `softwareengineering`.`diet` (`idDiet`, `idUser`, `idMeal`, `date`) VALUES (1687, 3, 41, '2020-03-30');
INSERT INTO `softwareengineering`.`diet` (`idDiet`, `idUser`, `idMeal`, `date`) VALUES (1688, 3, 33, '2020-03-30');
INSERT INTO `softwareengineering`.`diet` (`idDiet`, `idUser`, `idMeal`, `date`) VALUES (1689, 3, 37, '2020-03-30');
INSERT INTO `softwareengineering`.`diet` (`idDiet`, `idUser`, `idMeal`, `date`) VALUES (1690, 3, 53, '2020-03-30');
INSERT INTO `softwareengineering`.`diet` (`idDiet`, `idUser`, `idMeal`, `date`) VALUES (1691, 3, 58, '2020-03-30');
INSERT INTO `softwareengineering`.`weighttracking` (`idWeightTracking`, `idUser`, `date`, `weight`) VALUES (208, 3, '2020-03-30', 98.98);
INSERT INTO `softwareengineering`.`exerciselink` (`idLink`, `idUser`, `idExerciseSession`, `date`) VALUES (214, 3, 23, '2020-03-29');
INSERT INTO `softwareengineering`.`diet` (`idDiet`, `idUser`, `idMeal`, `date`) VALUES (1692, 3, 13, '2020-03-29');
INSERT INTO `softwareengineering`.`diet` (`idDiet`, `idUser`, `idMeal`, `date`) VALUES (1693, 3, 3, '2020-03-29');
INSERT INTO `softwareengineering`.`diet` (`idDiet`, `idUser`, `idMeal`, `date`) VALUES (1694, 3, 14, '2020-03-29');
INSERT INTO `softwareengineering`.`diet` (`idDiet`, `idUser`, `idMeal`, `date`) VALUES (1695, 3, 21, '2020-03-29');
INSERT INTO `softwareengineering`.`diet` (`idDiet`, `idUser`, `idMeal`, `date`) VALUES (1696, 3, 22, '2020-03-29');
INSERT INTO `softwareengineering`.`diet` (`idDiet`, `idUser`, `idMeal`, `date`) VALUES (1697, 3, 31, '2020-03-29');
INSERT INTO `softwareengineering`.`diet` (`idDiet`, `idUser`, `idMeal`, `date`) VALUES (1698, 3, 48, '2020-03-29');
INSERT INTO `softwareengineering`.`weighttracking` (`idWeightTracking`, `idUser`, `date`, `weight`) VALUES (209, 3, '2020-03-29', 99.13);
INSERT INTO `softwareengineering`.`diet` (`idDiet`, `idUser`, `idMeal`, `date`) VALUES (1699, 3, 1, '2020-03-28');
INSERT INTO `softwareengineering`.`diet` (`idDiet`, `idUser`, `idMeal`, `date`) VALUES (1700, 3, 27, '2020-03-28');
INSERT INTO `softwareengineering`.`diet` (`idDiet`, `idUser`, `idMeal`, `date`) VALUES (1701, 3, 15, '2020-03-28');
INSERT INTO `softwareengineering`.`diet` (`idDiet`, `idUser`, `idMeal`, `date`) VALUES (1702, 3, 41, '2020-03-28');
INSERT INTO `softwareengineering`.`diet` (`idDiet`, `idUser`, `idMeal`, `date`) VALUES (1703, 3, 52, '2020-03-28');
INSERT INTO `softwareengineering`.`weighttracking` (`idWeightTracking`, `idUser`, `date`, `weight`) VALUES (210, 3, '2020-03-28', 99.09);
INSERT INTO `softwareengineering`.`exerciselink` (`idLink`, `idUser`, `idExerciseSession`, `date`) VALUES (215, 3, 2, '2020-03-27');
INSERT INTO `softwareengineering`.`diet` (`idDiet`, `idUser`, `idMeal`, `date`) VALUES (1704, 3, 4, '2020-03-27');
INSERT INTO `softwareengineering`.`diet` (`idDiet`, `idUser`, `idMeal`, `date`) VALUES (1705, 3, 10, '2020-03-27');
INSERT INTO `softwareengineering`.`diet` (`idDiet`, `idUser`, `idMeal`, `date`) VALUES (1706, 3, 25, '2020-03-27');
INSERT INTO `softwareengineering`.`diet` (`idDiet`, `idUser`, `idMeal`, `date`) VALUES (1707, 3, 18, '2020-03-27');
INSERT INTO `softwareengineering`.`diet` (`idDiet`, `idUser`, `idMeal`, `date`) VALUES (1708, 3, 37, '2020-03-27');
INSERT INTO `softwareengineering`.`diet` (`idDiet`, `idUser`, `idMeal`, `date`) VALUES (1709, 3, 55, '2020-03-27');
INSERT INTO `softwareengineering`.`diet` (`idDiet`, `idUser`, `idMeal`, `date`) VALUES (1710, 3, 51, '2020-03-27');
INSERT INTO `softwareengineering`.`diet` (`idDiet`, `idUser`, `idMeal`, `date`) VALUES (1711, 3, 49, '2020-03-27');
INSERT INTO `softwareengineering`.`weighttracking` (`idWeightTracking`, `idUser`, `date`, `weight`) VALUES (211, 3, '2020-03-27', 99.02);
INSERT INTO `softwareengineering`.`exerciselink` (`idLink`, `idUser`, `idExerciseSession`, `date`) VALUES (216, 3, 3, '2020-03-26');
INSERT INTO `softwareengineering`.`diet` (`idDiet`, `idUser`, `idMeal`, `date`) VALUES (1712, 3, 4, '2020-03-26');
INSERT INTO `softwareengineering`.`diet` (`idDiet`, `idUser`, `idMeal`, `date`) VALUES (1713, 3, 21, '2020-03-26');
INSERT INTO `softwareengineering`.`diet` (`idDiet`, `idUser`, `idMeal`, `date`) VALUES (1714, 3, 43, '2020-03-26');
INSERT INTO `softwareengineering`.`diet` (`idDiet`, `idUser`, `idMeal`, `date`) VALUES (1715, 3, 42, '2020-03-26');
INSERT INTO `softwareengineering`.`diet` (`idDiet`, `idUser`, `idMeal`, `date`) VALUES (1716, 3, 40, '2020-03-26');
INSERT INTO `softwareengineering`.`diet` (`idDiet`, `idUser`, `idMeal`, `date`) VALUES (1717, 3, 56, '2020-03-26');
INSERT INTO `softwareengineering`.`weighttracking` (`idWeightTracking`, `idUser`, `date`, `weight`) VALUES (212, 3, '2020-03-26', 99.08);
INSERT INTO `softwareengineering`.`diet` (`idDiet`, `idUser`, `idMeal`, `date`) VALUES (1718, 3, 7, '2020-03-25');
INSERT INTO `softwareengineering`.`diet` (`idDiet`, `idUser`, `idMeal`, `date`) VALUES (1719, 3, 3, '2020-03-25');
INSERT INTO `softwareengineering`.`diet` (`idDiet`, `idUser`, `idMeal`, `date`) VALUES (1720, 3, 14, '2020-03-25');
INSERT INTO `softwareengineering`.`diet` (`idDiet`, `idUser`, `idMeal`, `date`) VALUES (1721, 3, 25, '2020-03-25');
INSERT INTO `softwareengineering`.`diet` (`idDiet`, `idUser`, `idMeal`, `date`) VALUES (1722, 3, 21, '2020-03-25');
INSERT INTO `softwareengineering`.`diet` (`idDiet`, `idUser`, `idMeal`, `date`) VALUES (1723, 3, 23, '2020-03-25');
INSERT INTO `softwareengineering`.`diet` (`idDiet`, `idUser`, `idMeal`, `date`) VALUES (1724, 3, 42, '2020-03-25');
INSERT INTO `softwareengineering`.`diet` (`idDiet`, `idUser`, `idMeal`, `date`) VALUES (1725, 3, 37, '2020-03-25');
INSERT INTO `softwareengineering`.`diet` (`idDiet`, `idUser`, `idMeal`, `date`) VALUES (1726, 3, 37, '2020-03-25');
INSERT INTO `softwareengineering`.`diet` (`idDiet`, `idUser`, `idMeal`, `date`) VALUES (1727, 3, 56, '2020-03-25');
INSERT INTO `softwareengineering`.`diet` (`idDiet`, `idUser`, `idMeal`, `date`) VALUES (1728, 3, 49, '2020-03-25');
INSERT INTO `softwareengineering`.`diet` (`idDiet`, `idUser`, `idMeal`, `date`) VALUES (1729, 3, 54, '2020-03-25');
INSERT INTO `softwareengineering`.`weighttracking` (`idWeightTracking`, `idUser`, `date`, `weight`) VALUES (213, 3, '2020-03-25', 99.11);
INSERT INTO `softwareengineering`.`exerciselink` (`idLink`, `idUser`, `idExerciseSession`, `date`) VALUES (217, 3, 5, '2020-03-24');
INSERT INTO `softwareengineering`.`exerciselink` (`idLink`, `idUser`, `idExerciseSession`, `date`) VALUES (218, 3, 20, '2020-03-24');
INSERT INTO `softwareengineering`.`diet` (`idDiet`, `idUser`, `idMeal`, `date`) VALUES (1730, 3, 2, '2020-03-24');
INSERT INTO `softwareengineering`.`diet` (`idDiet`, `idUser`, `idMeal`, `date`) VALUES (1731, 3, 13, '2020-03-24');
INSERT INTO `softwareengineering`.`diet` (`idDiet`, `idUser`, `idMeal`, `date`) VALUES (1732, 3, 24, '2020-03-24');
INSERT INTO `softwareengineering`.`diet` (`idDiet`, `idUser`, `idMeal`, `date`) VALUES (1733, 3, 28, '2020-03-24');
INSERT INTO `softwareengineering`.`diet` (`idDiet`, `idUser`, `idMeal`, `date`) VALUES (1734, 3, 21, '2020-03-24');
INSERT INTO `softwareengineering`.`diet` (`idDiet`, `idUser`, `idMeal`, `date`) VALUES (1735, 3, 37, '2020-03-24');
INSERT INTO `softwareengineering`.`diet` (`idDiet`, `idUser`, `idMeal`, `date`) VALUES (1736, 3, 40, '2020-03-24');
INSERT INTO `softwareengineering`.`diet` (`idDiet`, `idUser`, `idMeal`, `date`) VALUES (1737, 3, 37, '2020-03-24');
INSERT INTO `softwareengineering`.`diet` (`idDiet`, `idUser`, `idMeal`, `date`) VALUES (1738, 3, 48, '2020-03-24');
INSERT INTO `softwareengineering`.`diet` (`idDiet`, `idUser`, `idMeal`, `date`) VALUES (1739, 3, 47, '2020-03-24');
INSERT INTO `softwareengineering`.`weighttracking` (`idWeightTracking`, `idUser`, `date`, `weight`) VALUES (214, 3, '2020-03-24', 98.92);
INSERT INTO `softwareengineering`.`exerciselink` (`idLink`, `idUser`, `idExerciseSession`, `date`) VALUES (219, 3, 22, '2020-03-23');
INSERT INTO `softwareengineering`.`exerciselink` (`idLink`, `idUser`, `idExerciseSession`, `date`) VALUES (220, 3, 12, '2020-03-23');
INSERT INTO `softwareengineering`.`diet` (`idDiet`, `idUser`, `idMeal`, `date`) VALUES (1740, 3, 0, '2020-03-23');
INSERT INTO `softwareengineering`.`diet` (`idDiet`, `idUser`, `idMeal`, `date`) VALUES (1741, 3, 24, '2020-03-23');
INSERT INTO `softwareengineering`.`diet` (`idDiet`, `idUser`, `idMeal`, `date`) VALUES (1742, 3, 23, '2020-03-23');
INSERT INTO `softwareengineering`.`diet` (`idDiet`, `idUser`, `idMeal`, `date`) VALUES (1743, 3, 20, '2020-03-23');
INSERT INTO `softwareengineering`.`diet` (`idDiet`, `idUser`, `idMeal`, `date`) VALUES (1744, 3, 43, '2020-03-23');
INSERT INTO `softwareengineering`.`diet` (`idDiet`, `idUser`, `idMeal`, `date`) VALUES (1745, 3, 40, '2020-03-23');
INSERT INTO `softwareengineering`.`diet` (`idDiet`, `idUser`, `idMeal`, `date`) VALUES (1746, 3, 51, '2020-03-23');
INSERT INTO `softwareengineering`.`diet` (`idDiet`, `idUser`, `idMeal`, `date`) VALUES (1747, 3, 58, '2020-03-23');
INSERT INTO `softwareengineering`.`weighttracking` (`idWeightTracking`, `idUser`, `date`, `weight`) VALUES (215, 3, '2020-03-23', 98.76);
INSERT INTO `softwareengineering`.`exerciselink` (`idLink`, `idUser`, `idExerciseSession`, `date`) VALUES (221, 3, 19, '2020-03-22');
INSERT INTO `softwareengineering`.`exerciselink` (`idLink`, `idUser`, `idExerciseSession`, `date`) VALUES (222, 3, 22, '2020-03-22');
INSERT INTO `softwareengineering`.`diet` (`idDiet`, `idUser`, `idMeal`, `date`) VALUES (1748, 3, 2, '2020-03-22');
INSERT INTO `softwareengineering`.`diet` (`idDiet`, `idUser`, `idMeal`, `date`) VALUES (1749, 3, 0, '2020-03-22');
INSERT INTO `softwareengineering`.`diet` (`idDiet`, `idUser`, `idMeal`, `date`) VALUES (1750, 3, 24, '2020-03-22');
INSERT INTO `softwareengineering`.`diet` (`idDiet`, `idUser`, `idMeal`, `date`) VALUES (1751, 3, 29, '2020-03-22');
INSERT INTO `softwareengineering`.`diet` (`idDiet`, `idUser`, `idMeal`, `date`) VALUES (1752, 3, 19, '2020-03-22');
INSERT INTO `softwareengineering`.`diet` (`idDiet`, `idUser`, `idMeal`, `date`) VALUES (1753, 3, 37, '2020-03-22');
INSERT INTO `softwareengineering`.`diet` (`idDiet`, `idUser`, `idMeal`, `date`) VALUES (1754, 3, 39, '2020-03-22');
INSERT INTO `softwareengineering`.`diet` (`idDiet`, `idUser`, `idMeal`, `date`) VALUES (1755, 3, 43, '2020-03-22');
INSERT INTO `softwareengineering`.`diet` (`idDiet`, `idUser`, `idMeal`, `date`) VALUES (1756, 3, 53, '2020-03-22');
INSERT INTO `softwareengineering`.`weighttracking` (`idWeightTracking`, `idUser`, `date`, `weight`) VALUES (216, 3, '2020-03-22', 98.7);
INSERT INTO `softwareengineering`.`exerciselink` (`idLink`, `idUser`, `idExerciseSession`, `date`) VALUES (223, 3, 13, '2020-03-21');
INSERT INTO `softwareengineering`.`diet` (`idDiet`, `idUser`, `idMeal`, `date`) VALUES (1757, 3, 2, '2020-03-21');
INSERT INTO `softwareengineering`.`diet` (`idDiet`, `idUser`, `idMeal`, `date`) VALUES (1758, 3, 6, '2020-03-21');
INSERT INTO `softwareengineering`.`diet` (`idDiet`, `idUser`, `idMeal`, `date`) VALUES (1759, 3, 2, '2020-03-21');
INSERT INTO `softwareengineering`.`diet` (`idDiet`, `idUser`, `idMeal`, `date`) VALUES (1760, 3, 27, '2020-03-21');
INSERT INTO `softwareengineering`.`diet` (`idDiet`, `idUser`, `idMeal`, `date`) VALUES (1761, 3, 33, '2020-03-21');
INSERT INTO `softwareengineering`.`diet` (`idDiet`, `idUser`, `idMeal`, `date`) VALUES (1762, 3, 45, '2020-03-21');
INSERT INTO `softwareengineering`.`weighttracking` (`idWeightTracking`, `idUser`, `date`, `weight`) VALUES (217, 3, '2020-03-21', 98.51);
INSERT INTO `softwareengineering`.`exerciselink` (`idLink`, `idUser`, `idExerciseSession`, `date`) VALUES (224, 3, 8, '2020-03-20');
INSERT INTO `softwareengineering`.`exerciselink` (`idLink`, `idUser`, `idExerciseSession`, `date`) VALUES (225, 3, 19, '2020-03-20');
INSERT INTO `softwareengineering`.`diet` (`idDiet`, `idUser`, `idMeal`, `date`) VALUES (1763, 3, 1, '2020-03-20');
INSERT INTO `softwareengineering`.`diet` (`idDiet`, `idUser`, `idMeal`, `date`) VALUES (1764, 3, 7, '2020-03-20');
INSERT INTO `softwareengineering`.`diet` (`idDiet`, `idUser`, `idMeal`, `date`) VALUES (1765, 3, 13, '2020-03-20');
INSERT INTO `softwareengineering`.`diet` (`idDiet`, `idUser`, `idMeal`, `date`) VALUES (1766, 3, 23, '2020-03-20');
INSERT INTO `softwareengineering`.`diet` (`idDiet`, `idUser`, `idMeal`, `date`) VALUES (1767, 3, 17, '2020-03-20');
INSERT INTO `softwareengineering`.`diet` (`idDiet`, `idUser`, `idMeal`, `date`) VALUES (1768, 3, 19, '2020-03-20');
INSERT INTO `softwareengineering`.`diet` (`idDiet`, `idUser`, `idMeal`, `date`) VALUES (1769, 3, 30, '2020-03-20');
INSERT INTO `softwareengineering`.`diet` (`idDiet`, `idUser`, `idMeal`, `date`) VALUES (1770, 3, 44, '2020-03-20');
INSERT INTO `softwareengineering`.`diet` (`idDiet`, `idUser`, `idMeal`, `date`) VALUES (1771, 3, 41, '2020-03-20');
INSERT INTO `softwareengineering`.`diet` (`idDiet`, `idUser`, `idMeal`, `date`) VALUES (1772, 3, 49, '2020-03-20');
INSERT INTO `softwareengineering`.`diet` (`idDiet`, `idUser`, `idMeal`, `date`) VALUES (1773, 3, 53, '2020-03-20');
INSERT INTO `softwareengineering`.`weighttracking` (`idWeightTracking`, `idUser`, `date`, `weight`) VALUES (218, 3, '2020-03-20', 98.58);
INSERT INTO `softwareengineering`.`diet` (`idDiet`, `idUser`, `idMeal`, `date`) VALUES (1774, 3, 4, '2020-03-19');
INSERT INTO `softwareengineering`.`diet` (`idDiet`, `idUser`, `idMeal`, `date`) VALUES (1775, 3, 17, '2020-03-19');
INSERT INTO `softwareengineering`.`diet` (`idDiet`, `idUser`, `idMeal`, `date`) VALUES (1776, 3, 24, '2020-03-19');
INSERT INTO `softwareengineering`.`diet` (`idDiet`, `idUser`, `idMeal`, `date`) VALUES (1777, 3, 40, '2020-03-19');
INSERT INTO `softwareengineering`.`diet` (`idDiet`, `idUser`, `idMeal`, `date`) VALUES (1778, 3, 34, '2020-03-19');
INSERT INTO `softwareengineering`.`diet` (`idDiet`, `idUser`, `idMeal`, `date`) VALUES (1779, 3, 52, '2020-03-19');
INSERT INTO `softwareengineering`.`diet` (`idDiet`, `idUser`, `idMeal`, `date`) VALUES (1780, 3, 55, '2020-03-19');
INSERT INTO `softwareengineering`.`diet` (`idDiet`, `idUser`, `idMeal`, `date`) VALUES (1781, 3, 47, '2020-03-19');
INSERT INTO `softwareengineering`.`weighttracking` (`idWeightTracking`, `idUser`, `date`, `weight`) VALUES (219, 3, '2020-03-19', 98.63);
INSERT INTO `softwareengineering`.`exerciselink` (`idLink`, `idUser`, `idExerciseSession`, `date`) VALUES (226, 3, 16, '2020-03-18');
INSERT INTO `softwareengineering`.`diet` (`idDiet`, `idUser`, `idMeal`, `date`) VALUES (1782, 3, 3, '2020-03-18');
INSERT INTO `softwareengineering`.`diet` (`idDiet`, `idUser`, `idMeal`, `date`) VALUES (1783, 3, 7, '2020-03-18');
INSERT INTO `softwareengineering`.`diet` (`idDiet`, `idUser`, `idMeal`, `date`) VALUES (1784, 3, 17, '2020-03-18');
INSERT INTO `softwareengineering`.`diet` (`idDiet`, `idUser`, `idMeal`, `date`) VALUES (1785, 3, 19, '2020-03-18');
INSERT INTO `softwareengineering`.`diet` (`idDiet`, `idUser`, `idMeal`, `date`) VALUES (1786, 3, 33, '2020-03-18');
INSERT INTO `softwareengineering`.`diet` (`idDiet`, `idUser`, `idMeal`, `date`) VALUES (1787, 3, 41, '2020-03-18');
INSERT INTO `softwareengineering`.`diet` (`idDiet`, `idUser`, `idMeal`, `date`) VALUES (1788, 3, 37, '2020-03-18');
INSERT INTO `softwareengineering`.`diet` (`idDiet`, `idUser`, `idMeal`, `date`) VALUES (1789, 3, 50, '2020-03-18');
INSERT INTO `softwareengineering`.`weighttracking` (`idWeightTracking`, `idUser`, `date`, `weight`) VALUES (220, 3, '2020-03-18', 98.46);
INSERT INTO `softwareengineering`.`exerciselink` (`idLink`, `idUser`, `idExerciseSession`, `date`) VALUES (227, 3, 16, '2020-03-17');
INSERT INTO `softwareengineering`.`exerciselink` (`idLink`, `idUser`, `idExerciseSession`, `date`) VALUES (228, 3, 3, '2020-03-17');
INSERT INTO `softwareengineering`.`diet` (`idDiet`, `idUser`, `idMeal`, `date`) VALUES (1790, 3, 9, '2020-03-17');
INSERT INTO `softwareengineering`.`diet` (`idDiet`, `idUser`, `idMeal`, `date`) VALUES (1791, 3, 1, '2020-03-17');
INSERT INTO `softwareengineering`.`diet` (`idDiet`, `idUser`, `idMeal`, `date`) VALUES (1792, 3, 14, '2020-03-17');
INSERT INTO `softwareengineering`.`diet` (`idDiet`, `idUser`, `idMeal`, `date`) VALUES (1793, 3, 26, '2020-03-17');
INSERT INTO `softwareengineering`.`diet` (`idDiet`, `idUser`, `idMeal`, `date`) VALUES (1794, 3, 17, '2020-03-17');
INSERT INTO `softwareengineering`.`diet` (`idDiet`, `idUser`, `idMeal`, `date`) VALUES (1795, 3, 30, '2020-03-17');
INSERT INTO `softwareengineering`.`diet` (`idDiet`, `idUser`, `idMeal`, `date`) VALUES (1796, 3, 55, '2020-03-17');
INSERT INTO `softwareengineering`.`diet` (`idDiet`, `idUser`, `idMeal`, `date`) VALUES (1797, 3, 58, '2020-03-17');
INSERT INTO `softwareengineering`.`diet` (`idDiet`, `idUser`, `idMeal`, `date`) VALUES (1798, 3, 53, '2020-03-17');
INSERT INTO `softwareengineering`.`weighttracking` (`idWeightTracking`, `idUser`, `date`, `weight`) VALUES (221, 3, '2020-03-17', 98.75);
INSERT INTO `softwareengineering`.`exerciselink` (`idLink`, `idUser`, `idExerciseSession`, `date`) VALUES (229, 3, 5, '2020-03-16');
INSERT INTO `softwareengineering`.`exerciselink` (`idLink`, `idUser`, `idExerciseSession`, `date`) VALUES (230, 3, 17, '2020-03-16');
INSERT INTO `softwareengineering`.`diet` (`idDiet`, `idUser`, `idMeal`, `date`) VALUES (1799, 3, 4, '2020-03-16');
INSERT INTO `softwareengineering`.`diet` (`idDiet`, `idUser`, `idMeal`, `date`) VALUES (1800, 3, 6, '2020-03-16');
INSERT INTO `softwareengineering`.`diet` (`idDiet`, `idUser`, `idMeal`, `date`) VALUES (1801, 3, 20, '2020-03-16');
INSERT INTO `softwareengineering`.`diet` (`idDiet`, `idUser`, `idMeal`, `date`) VALUES (1802, 3, 29, '2020-03-16');
INSERT INTO `softwareengineering`.`diet` (`idDiet`, `idUser`, `idMeal`, `date`) VALUES (1803, 3, 23, '2020-03-16');
INSERT INTO `softwareengineering`.`diet` (`idDiet`, `idUser`, `idMeal`, `date`) VALUES (1804, 3, 41, '2020-03-16');
INSERT INTO `softwareengineering`.`diet` (`idDiet`, `idUser`, `idMeal`, `date`) VALUES (1805, 3, 44, '2020-03-16');
INSERT INTO `softwareengineering`.`diet` (`idDiet`, `idUser`, `idMeal`, `date`) VALUES (1806, 3, 44, '2020-03-16');
INSERT INTO `softwareengineering`.`diet` (`idDiet`, `idUser`, `idMeal`, `date`) VALUES (1807, 3, 59, '2020-03-16');
INSERT INTO `softwareengineering`.`diet` (`idDiet`, `idUser`, `idMeal`, `date`) VALUES (1808, 3, 54, '2020-03-16');
INSERT INTO `softwareengineering`.`weighttracking` (`idWeightTracking`, `idUser`, `date`, `weight`) VALUES (222, 3, '2020-03-16', 98.68);
INSERT INTO `softwareengineering`.`diet` (`idDiet`, `idUser`, `idMeal`, `date`) VALUES (1809, 3, 12, '2020-03-15');
INSERT INTO `softwareengineering`.`diet` (`idDiet`, `idUser`, `idMeal`, `date`) VALUES (1810, 3, 29, '2020-03-15');
INSERT INTO `softwareengineering`.`diet` (`idDiet`, `idUser`, `idMeal`, `date`) VALUES (1811, 3, 23, '2020-03-15');
INSERT INTO `softwareengineering`.`diet` (`idDiet`, `idUser`, `idMeal`, `date`) VALUES (1812, 3, 24, '2020-03-15');
INSERT INTO `softwareengineering`.`diet` (`idDiet`, `idUser`, `idMeal`, `date`) VALUES (1813, 3, 43, '2020-03-15');
INSERT INTO `softwareengineering`.`diet` (`idDiet`, `idUser`, `idMeal`, `date`) VALUES (1814, 3, 53, '2020-03-15');
INSERT INTO `softwareengineering`.`weighttracking` (`idWeightTracking`, `idUser`, `date`, `weight`) VALUES (223, 3, '2020-03-15', 98.64);