INSERT INTO `softwareengineering`.`exercisesession` (`idExerciseSession`, `durationMinutes`, `idExerciseType`, `caloriesBurned`) VALUES ('0', '49', '11', '1200');
INSERT INTO `softwareengineering`.`exercisesession` (`idExerciseSession`, `durationMinutes`, `idExerciseType`, `caloriesBurned`) VALUES ('1', '47', '11', '1313');
INSERT INTO `softwareengineering`.`exercisesession` (`idExerciseSession`, `durationMinutes`, `idExerciseType`, `caloriesBurned`) VALUES ('2', '97', '0', '1058');
INSERT INTO `softwareengineering`.`exercisesession` (`idExerciseSession`, `durationMinutes`, `idExerciseType`, `caloriesBurned`) VALUES ('3', '13', '5', '1446');
INSERT INTO `softwareengineering`.`exercisesession` (`idExerciseSession`, `durationMinutes`, `idExerciseType`, `caloriesBurned`) VALUES ('4', '89', '6', '634');
INSERT INTO `softwareengineering`.`exercisesession` (`idExerciseSession`, `durationMinutes`, `idExerciseType`, `caloriesBurned`) VALUES ('5', '30', '0', '1690');
INSERT INTO `softwareengineering`.`exercisesession` (`idExerciseSession`, `durationMinutes`, `idExerciseType`, `caloriesBurned`) VALUES ('6', '59', '15', '245');
INSERT INTO `softwareengineering`.`exercisesession` (`idExerciseSession`, `durationMinutes`, `idExerciseType`, `caloriesBurned`) VALUES ('7', '38', '3', '1653');
INSERT INTO `softwareengineering`.`exercisesession` (`idExerciseSession`, `durationMinutes`, `idExerciseType`, `caloriesBurned`) VALUES ('8', '99', '12', '458');
INSERT INTO `softwareengineering`.`exercisesession` (`idExerciseSession`, `durationMinutes`, `idExerciseType`, `caloriesBurned`) VALUES ('9', '2', '17', '1241');
INSERT INTO `softwareengineering`.`exercisesession` (`idExerciseSession`, `durationMinutes`, `idExerciseType`, `caloriesBurned`) VALUES ('10', '91', '2', '1450');
INSERT INTO `softwareengineering`.`exercisesession` (`idExerciseSession`, `durationMinutes`, `idExerciseType`, `caloriesBurned`) VALUES ('11', '44', '18', '633');
INSERT INTO `softwareengineering`.`exercisesession` (`idExerciseSession`, `durationMinutes`, `idExerciseType`, `caloriesBurned`) VALUES ('12', '30', '17', '1539');
INSERT INTO `softwareengineering`.`exercisesession` (`idExerciseSession`, `durationMinutes`, `idExerciseType`, `caloriesBurned`) VALUES ('13', '51', '6', '1343');
INSERT INTO `softwareengineering`.`exercisesession` (`idExerciseSession`, `durationMinutes`, `idExerciseType`, `caloriesBurned`) VALUES ('14', '41', '19', '1314');
INSERT INTO `softwareengineering`.`exercisesession` (`idExerciseSession`, `durationMinutes`, `idExerciseType`, `caloriesBurned`) VALUES ('15', '23', '4', '1569');
INSERT INTO `softwareengineering`.`exercisesession` (`idExerciseSession`, `durationMinutes`, `idExerciseType`, `caloriesBurned`) VALUES ('16', '12', '5', '116');
INSERT INTO `softwareengineering`.`exercisesession` (`idExerciseSession`, `durationMinutes`, `idExerciseType`, `caloriesBurned`) VALUES ('17', '91', '4', '668');
INSERT INTO `softwareengineering`.`exercisesession` (`idExerciseSession`, `durationMinutes`, `idExerciseType`, `caloriesBurned`) VALUES ('18', '106', '15', '691');
INSERT INTO `softwareengineering`.`exercisesession` (`idExerciseSession`, `durationMinutes`, `idExerciseType`, `caloriesBurned`) VALUES ('19', '58', '18', '1275');
INSERT INTO `softwareengineering`.`exercisesession` (`idExerciseSession`, `durationMinutes`, `idExerciseType`, `caloriesBurned`) VALUES ('20', '86', '14', '1107');
INSERT INTO `softwareengineering`.`exercisesession` (`idExerciseSession`, `durationMinutes`, `idExerciseType`, `caloriesBurned`) VALUES ('21', '106', '3', '1411');
INSERT INTO `softwareengineering`.`exercisesession` (`idExerciseSession`, `durationMinutes`, `idExerciseType`, `caloriesBurned`) VALUES ('22', '100', '19', '1207');
INSERT INTO `softwareengineering`.`exercisesession` (`idExerciseSession`, `durationMinutes`, `idExerciseType`, `caloriesBurned`) VALUES ('23', '58', '13', '800');
INSERT INTO `softwareengineering`.`exercisesession` (`idExerciseSession`, `durationMinutes`, `idExerciseType`, `caloriesBurned`) VALUES ('24', '115', '11', '1281');
INSERT INTO `softwareengineering`.`meal` (`idMeal`, `idFood`, `quantity`, `mealCategory`) VALUES ('0', '24', '2', 'Breakfast ');
INSERT INTO `softwareengineering`.`meal` (`idMeal`, `idFood`, `quantity`, `mealCategory`) VALUES ('1', '5', '1', 'Breakfast ');
INSERT INTO `softwareengineering`.`meal` (`idMeal`, `idFood`, `quantity`, `mealCategory`) VALUES ('2', '47', '2', 'Breakfast ');
INSERT INTO `softwareengineering`.`meal` (`idMeal`, `idFood`, `quantity`, `mealCategory`) VALUES ('3', '2', '2', 'Breakfast ');
INSERT INTO `softwareengineering`.`meal` (`idMeal`, `idFood`, `quantity`, `mealCategory`) VALUES ('4', '35', '2', 'Breakfast ');
INSERT INTO `softwareengineering`.`meal` (`idMeal`, `idFood`, `quantity`, `mealCategory`) VALUES ('5', '41', '2', 'Breakfast ');
INSERT INTO `softwareengineering`.`meal` (`idMeal`, `idFood`, `quantity`, `mealCategory`) VALUES ('6', '19', '2', 'Breakfast ');
INSERT INTO `softwareengineering`.`meal` (`idMeal`, `idFood`, `quantity`, `mealCategory`) VALUES ('7', '31', '1', 'Breakfast ');
INSERT INTO `softwareengineering`.`meal` (`idMeal`, `idFood`, `quantity`, `mealCategory`) VALUES ('8', '10', '2', 'Breakfast ');
INSERT INTO `softwareengineering`.`meal` (`idMeal`, `idFood`, `quantity`, `mealCategory`) VALUES ('9', '44', '2', 'Breakfast ');
INSERT INTO `softwareengineering`.`meal` (`idMeal`, `idFood`, `quantity`, `mealCategory`) VALUES ('10', '28', '1', 'Breakfast ');
INSERT INTO `softwareengineering`.`meal` (`idMeal`, `idFood`, `quantity`, `mealCategory`) VALUES ('11', '39', '2', 'Breakfast ');
INSERT INTO `softwareengineering`.`meal` (`idMeal`, `idFood`, `quantity`, `mealCategory`) VALUES ('12', '22', '2', 'Breakfast ');
INSERT INTO `softwareengineering`.`meal` (`idMeal`, `idFood`, `quantity`, `mealCategory`) VALUES ('13', '17', '1', 'Breakfast ');
INSERT INTO `softwareengineering`.`meal` (`idMeal`, `idFood`, `quantity`, `mealCategory`) VALUES ('14', '41', '2', 'Breakfast ');
INSERT INTO `softwareengineering`.`meal` (`idMeal`, `idFood`, `quantity`, `mealCategory`) VALUES ('15', '20', '2', 'Lunch');
INSERT INTO `softwareengineering`.`meal` (`idMeal`, `idFood`, `quantity`, `mealCategory`) VALUES ('16', '5', '2', 'Lunch');
INSERT INTO `softwareengineering`.`meal` (`idMeal`, `idFood`, `quantity`, `mealCategory`) VALUES ('17', '38', '2', 'Lunch');
INSERT INTO `softwareengineering`.`meal` (`idMeal`, `idFood`, `quantity`, `mealCategory`) VALUES ('18', '21', '1', 'Lunch');
INSERT INTO `softwareengineering`.`meal` (`idMeal`, `idFood`, `quantity`, `mealCategory`) VALUES ('19', '3', '2', 'Lunch');
INSERT INTO `softwareengineering`.`meal` (`idMeal`, `idFood`, `quantity`, `mealCategory`) VALUES ('20', '49', '1', 'Lunch');
INSERT INTO `softwareengineering`.`meal` (`idMeal`, `idFood`, `quantity`, `mealCategory`) VALUES ('21', '14', '1', 'Lunch');
INSERT INTO `softwareengineering`.`meal` (`idMeal`, `idFood`, `quantity`, `mealCategory`) VALUES ('22', '34', '2', 'Lunch');
INSERT INTO `softwareengineering`.`meal` (`idMeal`, `idFood`, `quantity`, `mealCategory`) VALUES ('23', '1', '2', 'Lunch');
INSERT INTO `softwareengineering`.`meal` (`idMeal`, `idFood`, `quantity`, `mealCategory`) VALUES ('24', '48', '2', 'Lunch');
INSERT INTO `softwareengineering`.`meal` (`idMeal`, `idFood`, `quantity`, `mealCategory`) VALUES ('25', '24', '2', 'Lunch');
INSERT INTO `softwareengineering`.`meal` (`idMeal`, `idFood`, `quantity`, `mealCategory`) VALUES ('26', '41', '1', 'Lunch');
INSERT INTO `softwareengineering`.`meal` (`idMeal`, `idFood`, `quantity`, `mealCategory`) VALUES ('27', '22', '2', 'Lunch');
INSERT INTO `softwareengineering`.`meal` (`idMeal`, `idFood`, `quantity`, `mealCategory`) VALUES ('28', '36', '1', 'Lunch');
INSERT INTO `softwareengineering`.`meal` (`idMeal`, `idFood`, `quantity`, `mealCategory`) VALUES ('29', '7', '2', 'Lunch');
INSERT INTO `softwareengineering`.`meal` (`idMeal`, `idFood`, `quantity`, `mealCategory`) VALUES ('30', '11', '1', 'Dinner');
INSERT INTO `softwareengineering`.`meal` (`idMeal`, `idFood`, `quantity`, `mealCategory`) VALUES ('31', '25', '1', 'Dinner');
INSERT INTO `softwareengineering`.`meal` (`idMeal`, `idFood`, `quantity`, `mealCategory`) VALUES ('32', '32', '2', 'Dinner');
INSERT INTO `softwareengineering`.`meal` (`idMeal`, `idFood`, `quantity`, `mealCategory`) VALUES ('33', '35', '1', 'Dinner');
INSERT INTO `softwareengineering`.`meal` (`idMeal`, `idFood`, `quantity`, `mealCategory`) VALUES ('34', '5', '2', 'Dinner');
INSERT INTO `softwareengineering`.`meal` (`idMeal`, `idFood`, `quantity`, `mealCategory`) VALUES ('35', '0', '1', 'Dinner');
INSERT INTO `softwareengineering`.`meal` (`idMeal`, `idFood`, `quantity`, `mealCategory`) VALUES ('36', '37', '2', 'Dinner');
INSERT INTO `softwareengineering`.`meal` (`idMeal`, `idFood`, `quantity`, `mealCategory`) VALUES ('37', '25', '2', 'Dinner');
INSERT INTO `softwareengineering`.`meal` (`idMeal`, `idFood`, `quantity`, `mealCategory`) VALUES ('38', '28', '1', 'Dinner');
INSERT INTO `softwareengineering`.`meal` (`idMeal`, `idFood`, `quantity`, `mealCategory`) VALUES ('39', '16', '2', 'Dinner');
INSERT INTO `softwareengineering`.`meal` (`idMeal`, `idFood`, `quantity`, `mealCategory`) VALUES ('40', '3', '1', 'Dinner');
INSERT INTO `softwareengineering`.`meal` (`idMeal`, `idFood`, `quantity`, `mealCategory`) VALUES ('41', '27', '1', 'Dinner');
INSERT INTO `softwareengineering`.`meal` (`idMeal`, `idFood`, `quantity`, `mealCategory`) VALUES ('42', '46', '1', 'Dinner');
INSERT INTO `softwareengineering`.`meal` (`idMeal`, `idFood`, `quantity`, `mealCategory`) VALUES ('43', '18', '1', 'Dinner');
INSERT INTO `softwareengineering`.`meal` (`idMeal`, `idFood`, `quantity`, `mealCategory`) VALUES ('44', '43', '2', 'Dinner');
INSERT INTO `softwareengineering`.`meal` (`idMeal`, `idFood`, `quantity`, `mealCategory`) VALUES ('45', '45', '1', 'Snack');
INSERT INTO `softwareengineering`.`meal` (`idMeal`, `idFood`, `quantity`, `mealCategory`) VALUES ('46', '11', '1', 'Snack');
INSERT INTO `softwareengineering`.`meal` (`idMeal`, `idFood`, `quantity`, `mealCategory`) VALUES ('47', '40', '2', 'Snack');
INSERT INTO `softwareengineering`.`meal` (`idMeal`, `idFood`, `quantity`, `mealCategory`) VALUES ('48', '48', '2', 'Snack');
INSERT INTO `softwareengineering`.`meal` (`idMeal`, `idFood`, `quantity`, `mealCategory`) VALUES ('49', '28', '2', 'Snack');
INSERT INTO `softwareengineering`.`meal` (`idMeal`, `idFood`, `quantity`, `mealCategory`) VALUES ('50', '36', '2', 'Snack');
INSERT INTO `softwareengineering`.`meal` (`idMeal`, `idFood`, `quantity`, `mealCategory`) VALUES ('51', '35', '1', 'Snack');
INSERT INTO `softwareengineering`.`meal` (`idMeal`, `idFood`, `quantity`, `mealCategory`) VALUES ('52', '49', '2', 'Snack');
INSERT INTO `softwareengineering`.`meal` (`idMeal`, `idFood`, `quantity`, `mealCategory`) VALUES ('53', '13', '2', 'Snack');
INSERT INTO `softwareengineering`.`meal` (`idMeal`, `idFood`, `quantity`, `mealCategory`) VALUES ('54', '26', '2', 'Snack');
INSERT INTO `softwareengineering`.`meal` (`idMeal`, `idFood`, `quantity`, `mealCategory`) VALUES ('55', '20', '2', 'Snack');
INSERT INTO `softwareengineering`.`meal` (`idMeal`, `idFood`, `quantity`, `mealCategory`) VALUES ('56', '47', '1', 'Snack');
INSERT INTO `softwareengineering`.`meal` (`idMeal`, `idFood`, `quantity`, `mealCategory`) VALUES ('57', '26', '1', 'Snack');
INSERT INTO `softwareengineering`.`meal` (`idMeal`, `idFood`, `quantity`, `mealCategory`) VALUES ('58', '48', '2', 'Snack');
INSERT INTO `softwareengineering`.`meal` (`idMeal`, `idFood`, `quantity`, `mealCategory`) VALUES ('59', '45', '2', 'Snack');
INSERT INTO `softwareengineering`.`user` (`idUser`, `forename`, `surname`, `email`, `username`, `password`, `DOB`, `height`, `gender`, `weight`, `calories`) VALUES (0, 'Ellie', 'Smith', 'Ellie.Smith@gmail.com', 'EllieSmith', 'Ef9UJKS1EFhtY0laQQawcQ==', '2000-07-14' , 163, 'F', 65.89, 1421);
INSERT INTO `softwareengineering`.`exerciselink` (`idLink`, `idUser`, `idExerciseSession`, `date`) VALUES (0, 0, 6, '2020-05-09');
INSERT INTO `softwareengineering`.`exerciselink` (`idLink`, `idUser`, `idExerciseSession`, `date`) VALUES (1, 0, 7, '2020-05-09');
INSERT INTO `softwareengineering`.`diet` (`idDiet`, `idUser`, `idMeal`, `date`) VALUES (0, 0, 7, '2020-05-09');
INSERT INTO `softwareengineering`.`diet` (`idDiet`, `idUser`, `idMeal`, `date`) VALUES (1, 0, 13, '2020-05-09');
INSERT INTO `softwareengineering`.`diet` (`idDiet`, `idUser`, `idMeal`, `date`) VALUES (2, 0, 22, '2020-05-09');
INSERT INTO `softwareengineering`.`diet` (`idDiet`, `idUser`, `idMeal`, `date`) VALUES (3, 0, 20, '2020-05-09');
INSERT INTO `softwareengineering`.`diet` (`idDiet`, `idUser`, `idMeal`, `date`) VALUES (4, 0, 22, '2020-05-09');
INSERT INTO `softwareengineering`.`diet` (`idDiet`, `idUser`, `idMeal`, `date`) VALUES (5, 0, 36, '2020-05-09');
INSERT INTO `softwareengineering`.`diet` (`idDiet`, `idUser`, `idMeal`, `date`) VALUES (6, 0, 37, '2020-05-09');
INSERT INTO `softwareengineering`.`diet` (`idDiet`, `idUser`, `idMeal`, `date`) VALUES (7, 0, 58, '2020-05-09');
INSERT INTO `softwareengineering`.`diet` (`idDiet`, `idUser`, `idMeal`, `date`) VALUES (8, 0, 46, '2020-05-09');
INSERT INTO `softwareengineering`.`weighttracking` (`idWeightTracking`, `idUser`, `date`, `weight`) VALUES (0, 0, '2020-05-09', 66.19);
INSERT INTO `softwareengineering`.`exerciselink` (`idLink`, `idUser`, `idExerciseSession`, `date`) VALUES (2, 0, 3, '2020-05-08');
INSERT INTO `softwareengineering`.`exerciselink` (`idLink`, `idUser`, `idExerciseSession`, `date`) VALUES (3, 0, 11, '2020-05-08');
INSERT INTO `softwareengineering`.`diet` (`idDiet`, `idUser`, `idMeal`, `date`) VALUES (9, 0, 2, '2020-05-08');
INSERT INTO `softwareengineering`.`diet` (`idDiet`, `idUser`, `idMeal`, `date`) VALUES (10, 0, 5, '2020-05-08');
INSERT INTO `softwareengineering`.`diet` (`idDiet`, `idUser`, `idMeal`, `date`) VALUES (11, 0, 22, '2020-05-08');
INSERT INTO `softwareengineering`.`diet` (`idDiet`, `idUser`, `idMeal`, `date`) VALUES (12, 0, 29, '2020-05-08');
INSERT INTO `softwareengineering`.`diet` (`idDiet`, `idUser`, `idMeal`, `date`) VALUES (13, 0, 22, '2020-05-08');
INSERT INTO `softwareengineering`.`diet` (`idDiet`, `idUser`, `idMeal`, `date`) VALUES (14, 0, 42, '2020-05-08');
INSERT INTO `softwareengineering`.`diet` (`idDiet`, `idUser`, `idMeal`, `date`) VALUES (15, 0, 42, '2020-05-08');
INSERT INTO `softwareengineering`.`diet` (`idDiet`, `idUser`, `idMeal`, `date`) VALUES (16, 0, 31, '2020-05-08');
INSERT INTO `softwareengineering`.`diet` (`idDiet`, `idUser`, `idMeal`, `date`) VALUES (17, 0, 50, '2020-05-08');
INSERT INTO `softwareengineering`.`diet` (`idDiet`, `idUser`, `idMeal`, `date`) VALUES (18, 0, 50, '2020-05-08');
INSERT INTO `softwareengineering`.`weighttracking` (`idWeightTracking`, `idUser`, `date`, `weight`) VALUES (1, 0, '2020-05-08', 66.2);
INSERT INTO `softwareengineering`.`exerciselink` (`idLink`, `idUser`, `idExerciseSession`, `date`) VALUES (4, 0, 8, '2020-05-07');
INSERT INTO `softwareengineering`.`diet` (`idDiet`, `idUser`, `idMeal`, `date`) VALUES (19, 0, 11, '2020-05-07');
INSERT INTO `softwareengineering`.`diet` (`idDiet`, `idUser`, `idMeal`, `date`) VALUES (20, 0, 13, '2020-05-07');
INSERT INTO `softwareengineering`.`diet` (`idDiet`, `idUser`, `idMeal`, `date`) VALUES (21, 0, 24, '2020-05-07');
INSERT INTO `softwareengineering`.`diet` (`idDiet`, `idUser`, `idMeal`, `date`) VALUES (22, 0, 27, '2020-05-07');
INSERT INTO `softwareengineering`.`diet` (`idDiet`, `idUser`, `idMeal`, `date`) VALUES (23, 0, 18, '2020-05-07');
INSERT INTO `softwareengineering`.`diet` (`idDiet`, `idUser`, `idMeal`, `date`) VALUES (24, 0, 35, '2020-05-07');
INSERT INTO `softwareengineering`.`diet` (`idDiet`, `idUser`, `idMeal`, `date`) VALUES (25, 0, 36, '2020-05-07');
INSERT INTO `softwareengineering`.`diet` (`idDiet`, `idUser`, `idMeal`, `date`) VALUES (26, 0, 58, '2020-05-07');
INSERT INTO `softwareengineering`.`diet` (`idDiet`, `idUser`, `idMeal`, `date`) VALUES (27, 0, 59, '2020-05-07');
INSERT INTO `softwareengineering`.`diet` (`idDiet`, `idUser`, `idMeal`, `date`) VALUES (28, 0, 52, '2020-05-07');
INSERT INTO `softwareengineering`.`weighttracking` (`idWeightTracking`, `idUser`, `date`, `weight`) VALUES (2, 0, '2020-05-07', 66.27);
INSERT INTO `softwareengineering`.`exerciselink` (`idLink`, `idUser`, `idExerciseSession`, `date`) VALUES (5, 0, 6, '2020-05-06');
INSERT INTO `softwareengineering`.`exerciselink` (`idLink`, `idUser`, `idExerciseSession`, `date`) VALUES (6, 0, 16, '2020-05-06');
INSERT INTO `softwareengineering`.`diet` (`idDiet`, `idUser`, `idMeal`, `date`) VALUES (29, 0, 12, '2020-05-06');
INSERT INTO `softwareengineering`.`diet` (`idDiet`, `idUser`, `idMeal`, `date`) VALUES (30, 0, 6, '2020-05-06');
INSERT INTO `softwareengineering`.`diet` (`idDiet`, `idUser`, `idMeal`, `date`) VALUES (31, 0, 14, '2020-05-06');
INSERT INTO `softwareengineering`.`diet` (`idDiet`, `idUser`, `idMeal`, `date`) VALUES (32, 0, 25, '2020-05-06');
INSERT INTO `softwareengineering`.`diet` (`idDiet`, `idUser`, `idMeal`, `date`) VALUES (33, 0, 29, '2020-05-06');
INSERT INTO `softwareengineering`.`diet` (`idDiet`, `idUser`, `idMeal`, `date`) VALUES (34, 0, 20, '2020-05-06');
INSERT INTO `softwareengineering`.`diet` (`idDiet`, `idUser`, `idMeal`, `date`) VALUES (35, 0, 32, '2020-05-06');
INSERT INTO `softwareengineering`.`diet` (`idDiet`, `idUser`, `idMeal`, `date`) VALUES (36, 0, 34, '2020-05-06');
INSERT INTO `softwareengineering`.`diet` (`idDiet`, `idUser`, `idMeal`, `date`) VALUES (37, 0, 50, '2020-05-06');
INSERT INTO `softwareengineering`.`diet` (`idDiet`, `idUser`, `idMeal`, `date`) VALUES (38, 0, 48, '2020-05-06');
INSERT INTO `softwareengineering`.`weighttracking` (`idWeightTracking`, `idUser`, `date`, `weight`) VALUES (3, 0, '2020-05-06', 66.53);
INSERT INTO `softwareengineering`.`exerciselink` (`idLink`, `idUser`, `idExerciseSession`, `date`) VALUES (7, 0, 12, '2020-05-05');
INSERT INTO `softwareengineering`.`exerciselink` (`idLink`, `idUser`, `idExerciseSession`, `date`) VALUES (8, 0, 22, '2020-05-05');
INSERT INTO `softwareengineering`.`diet` (`idDiet`, `idUser`, `idMeal`, `date`) VALUES (39, 0, 11, '2020-05-05');
INSERT INTO `softwareengineering`.`diet` (`idDiet`, `idUser`, `idMeal`, `date`) VALUES (40, 0, 6, '2020-05-05');
INSERT INTO `softwareengineering`.`diet` (`idDiet`, `idUser`, `idMeal`, `date`) VALUES (41, 0, 1, '2020-05-05');
INSERT INTO `softwareengineering`.`diet` (`idDiet`, `idUser`, `idMeal`, `date`) VALUES (42, 0, 28, '2020-05-05');
INSERT INTO `softwareengineering`.`diet` (`idDiet`, `idUser`, `idMeal`, `date`) VALUES (43, 0, 15, '2020-05-05');
INSERT INTO `softwareengineering`.`diet` (`idDiet`, `idUser`, `idMeal`, `date`) VALUES (44, 0, 31, '2020-05-05');
INSERT INTO `softwareengineering`.`diet` (`idDiet`, `idUser`, `idMeal`, `date`) VALUES (45, 0, 40, '2020-05-05');
INSERT INTO `softwareengineering`.`diet` (`idDiet`, `idUser`, `idMeal`, `date`) VALUES (46, 0, 43, '2020-05-05');
INSERT INTO `softwareengineering`.`diet` (`idDiet`, `idUser`, `idMeal`, `date`) VALUES (47, 0, 46, '2020-05-05');
INSERT INTO `softwareengineering`.`diet` (`idDiet`, `idUser`, `idMeal`, `date`) VALUES (48, 0, 47, '2020-05-05');
INSERT INTO `softwareengineering`.`weighttracking` (`idWeightTracking`, `idUser`, `date`, `weight`) VALUES (4, 0, '2020-05-05', 66.69);
INSERT INTO `softwareengineering`.`exerciselink` (`idLink`, `idUser`, `idExerciseSession`, `date`) VALUES (9, 0, 7, '2020-05-04');
INSERT INTO `softwareengineering`.`diet` (`idDiet`, `idUser`, `idMeal`, `date`) VALUES (49, 0, 6, '2020-05-04');
INSERT INTO `softwareengineering`.`diet` (`idDiet`, `idUser`, `idMeal`, `date`) VALUES (50, 0, 5, '2020-05-04');
INSERT INTO `softwareengineering`.`diet` (`idDiet`, `idUser`, `idMeal`, `date`) VALUES (51, 0, 20, '2020-05-04');
INSERT INTO `softwareengineering`.`diet` (`idDiet`, `idUser`, `idMeal`, `date`) VALUES (52, 0, 16, '2020-05-04');
INSERT INTO `softwareengineering`.`diet` (`idDiet`, `idUser`, `idMeal`, `date`) VALUES (53, 0, 15, '2020-05-04');
INSERT INTO `softwareengineering`.`diet` (`idDiet`, `idUser`, `idMeal`, `date`) VALUES (54, 0, 32, '2020-05-04');
INSERT INTO `softwareengineering`.`diet` (`idDiet`, `idUser`, `idMeal`, `date`) VALUES (55, 0, 37, '2020-05-04');
INSERT INTO `softwareengineering`.`diet` (`idDiet`, `idUser`, `idMeal`, `date`) VALUES (56, 0, 30, '2020-05-04');
INSERT INTO `softwareengineering`.`diet` (`idDiet`, `idUser`, `idMeal`, `date`) VALUES (57, 0, 58, '2020-05-04');
INSERT INTO `softwareengineering`.`diet` (`idDiet`, `idUser`, `idMeal`, `date`) VALUES (58, 0, 45, '2020-05-04');
INSERT INTO `softwareengineering`.`weighttracking` (`idWeightTracking`, `idUser`, `date`, `weight`) VALUES (5, 0, '2020-05-04', 66.52);
INSERT INTO `softwareengineering`.`exerciselink` (`idLink`, `idUser`, `idExerciseSession`, `date`) VALUES (10, 0, 16, '2020-05-03');
INSERT INTO `softwareengineering`.`diet` (`idDiet`, `idUser`, `idMeal`, `date`) VALUES (59, 0, 9, '2020-05-03');
INSERT INTO `softwareengineering`.`diet` (`idDiet`, `idUser`, `idMeal`, `date`) VALUES (60, 0, 5, '2020-05-03');
INSERT INTO `softwareengineering`.`diet` (`idDiet`, `idUser`, `idMeal`, `date`) VALUES (61, 0, 23, '2020-05-03');
INSERT INTO `softwareengineering`.`diet` (`idDiet`, `idUser`, `idMeal`, `date`) VALUES (62, 0, 19, '2020-05-03');
INSERT INTO `softwareengineering`.`diet` (`idDiet`, `idUser`, `idMeal`, `date`) VALUES (63, 0, 25, '2020-05-03');
INSERT INTO `softwareengineering`.`diet` (`idDiet`, `idUser`, `idMeal`, `date`) VALUES (64, 0, 31, '2020-05-03');
INSERT INTO `softwareengineering`.`diet` (`idDiet`, `idUser`, `idMeal`, `date`) VALUES (65, 0, 43, '2020-05-03');
INSERT INTO `softwareengineering`.`diet` (`idDiet`, `idUser`, `idMeal`, `date`) VALUES (66, 0, 56, '2020-05-03');
INSERT INTO `softwareengineering`.`diet` (`idDiet`, `idUser`, `idMeal`, `date`) VALUES (67, 0, 52, '2020-05-03');
INSERT INTO `softwareengineering`.`weighttracking` (`idWeightTracking`, `idUser`, `date`, `weight`) VALUES (6, 0, '2020-05-03', 66.63);
INSERT INTO `softwareengineering`.`exerciselink` (`idLink`, `idUser`, `idExerciseSession`, `date`) VALUES (11, 0, 1, '2020-05-02');
INSERT INTO `softwareengineering`.`exerciselink` (`idLink`, `idUser`, `idExerciseSession`, `date`) VALUES (12, 0, 10, '2020-05-02');
INSERT INTO `softwareengineering`.`diet` (`idDiet`, `idUser`, `idMeal`, `date`) VALUES (68, 0, 1, '2020-05-02');
INSERT INTO `softwareengineering`.`diet` (`idDiet`, `idUser`, `idMeal`, `date`) VALUES (69, 0, 10, '2020-05-02');
INSERT INTO `softwareengineering`.`diet` (`idDiet`, `idUser`, `idMeal`, `date`) VALUES (70, 0, 16, '2020-05-02');
INSERT INTO `softwareengineering`.`diet` (`idDiet`, `idUser`, `idMeal`, `date`) VALUES (71, 0, 28, '2020-05-02');
INSERT INTO `softwareengineering`.`diet` (`idDiet`, `idUser`, `idMeal`, `date`) VALUES (72, 0, 35, '2020-05-02');
INSERT INTO `softwareengineering`.`diet` (`idDiet`, `idUser`, `idMeal`, `date`) VALUES (73, 0, 43, '2020-05-02');
INSERT INTO `softwareengineering`.`diet` (`idDiet`, `idUser`, `idMeal`, `date`) VALUES (74, 0, 39, '2020-05-02');
INSERT INTO `softwareengineering`.`diet` (`idDiet`, `idUser`, `idMeal`, `date`) VALUES (75, 0, 52, '2020-05-02');
INSERT INTO `softwareengineering`.`diet` (`idDiet`, `idUser`, `idMeal`, `date`) VALUES (76, 0, 54, '2020-05-02');
INSERT INTO `softwareengineering`.`diet` (`idDiet`, `idUser`, `idMeal`, `date`) VALUES (77, 0, 48, '2020-05-02');
INSERT INTO `softwareengineering`.`weighttracking` (`idWeightTracking`, `idUser`, `date`, `weight`) VALUES (7, 0, '2020-05-02', 66.69);
INSERT INTO `softwareengineering`.`exerciselink` (`idLink`, `idUser`, `idExerciseSession`, `date`) VALUES (13, 0, 9, '2020-05-01');
INSERT INTO `softwareengineering`.`exerciselink` (`idLink`, `idUser`, `idExerciseSession`, `date`) VALUES (14, 0, 5, '2020-05-01');
INSERT INTO `softwareengineering`.`diet` (`idDiet`, `idUser`, `idMeal`, `date`) VALUES (78, 0, 9, '2020-05-01');
INSERT INTO `softwareengineering`.`diet` (`idDiet`, `idUser`, `idMeal`, `date`) VALUES (79, 0, 10, '2020-05-01');
INSERT INTO `softwareengineering`.`diet` (`idDiet`, `idUser`, `idMeal`, `date`) VALUES (80, 0, 22, '2020-05-01');
INSERT INTO `softwareengineering`.`diet` (`idDiet`, `idUser`, `idMeal`, `date`) VALUES (81, 0, 29, '2020-05-01');
INSERT INTO `softwareengineering`.`diet` (`idDiet`, `idUser`, `idMeal`, `date`) VALUES (82, 0, 40, '2020-05-01');
INSERT INTO `softwareengineering`.`diet` (`idDiet`, `idUser`, `idMeal`, `date`) VALUES (83, 0, 31, '2020-05-01');
INSERT INTO `softwareengineering`.`diet` (`idDiet`, `idUser`, `idMeal`, `date`) VALUES (84, 0, 33, '2020-05-01');
INSERT INTO `softwareengineering`.`diet` (`idDiet`, `idUser`, `idMeal`, `date`) VALUES (85, 0, 50, '2020-05-01');
INSERT INTO `softwareengineering`.`diet` (`idDiet`, `idUser`, `idMeal`, `date`) VALUES (86, 0, 52, '2020-05-01');
INSERT INTO `softwareengineering`.`weighttracking` (`idWeightTracking`, `idUser`, `date`, `weight`) VALUES (8, 0, '2020-05-01', 66.95);
INSERT INTO `softwareengineering`.`exerciselink` (`idLink`, `idUser`, `idExerciseSession`, `date`) VALUES (15, 0, 8, '2020-04-30');
INSERT INTO `softwareengineering`.`exerciselink` (`idLink`, `idUser`, `idExerciseSession`, `date`) VALUES (16, 0, 14, '2020-04-30');
INSERT INTO `softwareengineering`.`diet` (`idDiet`, `idUser`, `idMeal`, `date`) VALUES (87, 0, 14, '2020-04-30');
INSERT INTO `softwareengineering`.`diet` (`idDiet`, `idUser`, `idMeal`, `date`) VALUES (88, 0, 10, '2020-04-30');
INSERT INTO `softwareengineering`.`diet` (`idDiet`, `idUser`, `idMeal`, `date`) VALUES (89, 0, 12, '2020-04-30');
INSERT INTO `softwareengineering`.`diet` (`idDiet`, `idUser`, `idMeal`, `date`) VALUES (90, 0, 24, '2020-04-30');
INSERT INTO `softwareengineering`.`diet` (`idDiet`, `idUser`, `idMeal`, `date`) VALUES (91, 0, 15, '2020-04-30');
INSERT INTO `softwareengineering`.`diet` (`idDiet`, `idUser`, `idMeal`, `date`) VALUES (92, 0, 39, '2020-04-30');
INSERT INTO `softwareengineering`.`diet` (`idDiet`, `idUser`, `idMeal`, `date`) VALUES (93, 0, 40, '2020-04-30');
INSERT INTO `softwareengineering`.`diet` (`idDiet`, `idUser`, `idMeal`, `date`) VALUES (94, 0, 52, '2020-04-30');
INSERT INTO `softwareengineering`.`diet` (`idDiet`, `idUser`, `idMeal`, `date`) VALUES (95, 0, 53, '2020-04-30');
INSERT INTO `softwareengineering`.`weighttracking` (`idWeightTracking`, `idUser`, `date`, `weight`) VALUES (9, 0, '2020-04-30', 66.83);
INSERT INTO `softwareengineering`.`diet` (`idDiet`, `idUser`, `idMeal`, `date`) VALUES (96, 0, 12, '2020-04-29');
INSERT INTO `softwareengineering`.`diet` (`idDiet`, `idUser`, `idMeal`, `date`) VALUES (97, 0, 9, '2020-04-29');
INSERT INTO `softwareengineering`.`diet` (`idDiet`, `idUser`, `idMeal`, `date`) VALUES (98, 0, 21, '2020-04-29');
INSERT INTO `softwareengineering`.`diet` (`idDiet`, `idUser`, `idMeal`, `date`) VALUES (99, 0, 18, '2020-04-29');
INSERT INTO `softwareengineering`.`diet` (`idDiet`, `idUser`, `idMeal`, `date`) VALUES (100, 0, 30, '2020-04-29');
INSERT INTO `softwareengineering`.`diet` (`idDiet`, `idUser`, `idMeal`, `date`) VALUES (101, 0, 41, '2020-04-29');
INSERT INTO `softwareengineering`.`diet` (`idDiet`, `idUser`, `idMeal`, `date`) VALUES (102, 0, 31, '2020-04-29');
INSERT INTO `softwareengineering`.`diet` (`idDiet`, `idUser`, `idMeal`, `date`) VALUES (103, 0, 50, '2020-04-29');
INSERT INTO `softwareengineering`.`diet` (`idDiet`, `idUser`, `idMeal`, `date`) VALUES (104, 0, 47, '2020-04-29');
INSERT INTO `softwareengineering`.`diet` (`idDiet`, `idUser`, `idMeal`, `date`) VALUES (105, 0, 51, '2020-04-29');
INSERT INTO `softwareengineering`.`weighttracking` (`idWeightTracking`, `idUser`, `date`, `weight`) VALUES (10, 0, '2020-04-29', 67.11);
INSERT INTO `softwareengineering`.`exerciselink` (`idLink`, `idUser`, `idExerciseSession`, `date`) VALUES (17, 0, 12, '2020-04-28');
INSERT INTO `softwareengineering`.`diet` (`idDiet`, `idUser`, `idMeal`, `date`) VALUES (106, 0, 3, '2020-04-28');
INSERT INTO `softwareengineering`.`diet` (`idDiet`, `idUser`, `idMeal`, `date`) VALUES (107, 0, 9, '2020-04-28');
INSERT INTO `softwareengineering`.`diet` (`idDiet`, `idUser`, `idMeal`, `date`) VALUES (108, 0, 6, '2020-04-28');
INSERT INTO `softwareengineering`.`diet` (`idDiet`, `idUser`, `idMeal`, `date`) VALUES (109, 0, 24, '2020-04-28');
INSERT INTO `softwareengineering`.`diet` (`idDiet`, `idUser`, `idMeal`, `date`) VALUES (110, 0, 28, '2020-04-28');
INSERT INTO `softwareengineering`.`diet` (`idDiet`, `idUser`, `idMeal`, `date`) VALUES (111, 0, 18, '2020-04-28');
INSERT INTO `softwareengineering`.`diet` (`idDiet`, `idUser`, `idMeal`, `date`) VALUES (112, 0, 43, '2020-04-28');
INSERT INTO `softwareengineering`.`diet` (`idDiet`, `idUser`, `idMeal`, `date`) VALUES (113, 0, 43, '2020-04-28');
INSERT INTO `softwareengineering`.`diet` (`idDiet`, `idUser`, `idMeal`, `date`) VALUES (114, 0, 42, '2020-04-28');
INSERT INTO `softwareengineering`.`diet` (`idDiet`, `idUser`, `idMeal`, `date`) VALUES (115, 0, 55, '2020-04-28');
INSERT INTO `softwareengineering`.`diet` (`idDiet`, `idUser`, `idMeal`, `date`) VALUES (116, 0, 55, '2020-04-28');
INSERT INTO `softwareengineering`.`weighttracking` (`idWeightTracking`, `idUser`, `date`, `weight`) VALUES (11, 0, '2020-04-28', 66.92);
INSERT INTO `softwareengineering`.`diet` (`idDiet`, `idUser`, `idMeal`, `date`) VALUES (117, 0, 14, '2020-04-27');
INSERT INTO `softwareengineering`.`diet` (`idDiet`, `idUser`, `idMeal`, `date`) VALUES (118, 0, 13, '2020-04-27');
INSERT INTO `softwareengineering`.`diet` (`idDiet`, `idUser`, `idMeal`, `date`) VALUES (119, 0, 15, '2020-04-27');
INSERT INTO `softwareengineering`.`diet` (`idDiet`, `idUser`, `idMeal`, `date`) VALUES (120, 0, 19, '2020-04-27');
INSERT INTO `softwareengineering`.`diet` (`idDiet`, `idUser`, `idMeal`, `date`) VALUES (121, 0, 22, '2020-04-27');
INSERT INTO `softwareengineering`.`diet` (`idDiet`, `idUser`, `idMeal`, `date`) VALUES (122, 0, 35, '2020-04-27');
INSERT INTO `softwareengineering`.`diet` (`idDiet`, `idUser`, `idMeal`, `date`) VALUES (123, 0, 42, '2020-04-27');
INSERT INTO `softwareengineering`.`diet` (`idDiet`, `idUser`, `idMeal`, `date`) VALUES (124, 0, 36, '2020-04-27');
INSERT INTO `softwareengineering`.`diet` (`idDiet`, `idUser`, `idMeal`, `date`) VALUES (125, 0, 57, '2020-04-27');
INSERT INTO `softwareengineering`.`diet` (`idDiet`, `idUser`, `idMeal`, `date`) VALUES (126, 0, 58, '2020-04-27');
INSERT INTO `softwareengineering`.`weighttracking` (`idWeightTracking`, `idUser`, `date`, `weight`) VALUES (12, 0, '2020-04-27', 66.76);
INSERT INTO `softwareengineering`.`diet` (`idDiet`, `idUser`, `idMeal`, `date`) VALUES (127, 0, 14, '2020-04-26');
INSERT INTO `softwareengineering`.`diet` (`idDiet`, `idUser`, `idMeal`, `date`) VALUES (128, 0, 11, '2020-04-26');
INSERT INTO `softwareengineering`.`diet` (`idDiet`, `idUser`, `idMeal`, `date`) VALUES (129, 0, 2, '2020-04-26');
INSERT INTO `softwareengineering`.`diet` (`idDiet`, `idUser`, `idMeal`, `date`) VALUES (130, 0, 25, '2020-04-26');
INSERT INTO `softwareengineering`.`diet` (`idDiet`, `idUser`, `idMeal`, `date`) VALUES (131, 0, 25, '2020-04-26');
INSERT INTO `softwareengineering`.`diet` (`idDiet`, `idUser`, `idMeal`, `date`) VALUES (132, 0, 35, '2020-04-26');
INSERT INTO `softwareengineering`.`diet` (`idDiet`, `idUser`, `idMeal`, `date`) VALUES (133, 0, 42, '2020-04-26');
INSERT INTO `softwareengineering`.`diet` (`idDiet`, `idUser`, `idMeal`, `date`) VALUES (134, 0, 38, '2020-04-26');
INSERT INTO `softwareengineering`.`diet` (`idDiet`, `idUser`, `idMeal`, `date`) VALUES (135, 0, 54, '2020-04-26');
INSERT INTO `softwareengineering`.`diet` (`idDiet`, `idUser`, `idMeal`, `date`) VALUES (136, 0, 54, '2020-04-26');
INSERT INTO `softwareengineering`.`diet` (`idDiet`, `idUser`, `idMeal`, `date`) VALUES (137, 0, 53, '2020-04-26');
INSERT INTO `softwareengineering`.`weighttracking` (`idWeightTracking`, `idUser`, `date`, `weight`) VALUES (13, 0, '2020-04-26', 66.65);
INSERT INTO `softwareengineering`.`exerciselink` (`idLink`, `idUser`, `idExerciseSession`, `date`) VALUES (18, 0, 21, '2020-04-25');
INSERT INTO `softwareengineering`.`diet` (`idDiet`, `idUser`, `idMeal`, `date`) VALUES (138, 0, 7, '2020-04-25');
INSERT INTO `softwareengineering`.`diet` (`idDiet`, `idUser`, `idMeal`, `date`) VALUES (139, 0, 4, '2020-04-25');
INSERT INTO `softwareengineering`.`diet` (`idDiet`, `idUser`, `idMeal`, `date`) VALUES (140, 0, 17, '2020-04-25');
INSERT INTO `softwareengineering`.`diet` (`idDiet`, `idUser`, `idMeal`, `date`) VALUES (141, 0, 18, '2020-04-25');
INSERT INTO `softwareengineering`.`diet` (`idDiet`, `idUser`, `idMeal`, `date`) VALUES (142, 0, 15, '2020-04-25');
INSERT INTO `softwareengineering`.`diet` (`idDiet`, `idUser`, `idMeal`, `date`) VALUES (143, 0, 34, '2020-04-25');
INSERT INTO `softwareengineering`.`diet` (`idDiet`, `idUser`, `idMeal`, `date`) VALUES (144, 0, 40, '2020-04-25');
INSERT INTO `softwareengineering`.`diet` (`idDiet`, `idUser`, `idMeal`, `date`) VALUES (145, 0, 51, '2020-04-25');
INSERT INTO `softwareengineering`.`diet` (`idDiet`, `idUser`, `idMeal`, `date`) VALUES (146, 0, 48, '2020-04-25');
INSERT INTO `softwareengineering`.`weighttracking` (`idWeightTracking`, `idUser`, `date`, `weight`) VALUES (14, 0, '2020-04-25', 66.6);
INSERT INTO `softwareengineering`.`exerciselink` (`idLink`, `idUser`, `idExerciseSession`, `date`) VALUES (19, 0, 19, '2020-04-24');
INSERT INTO `softwareengineering`.`exerciselink` (`idLink`, `idUser`, `idExerciseSession`, `date`) VALUES (20, 0, 13, '2020-04-24');
INSERT INTO `softwareengineering`.`diet` (`idDiet`, `idUser`, `idMeal`, `date`) VALUES (147, 0, 3, '2020-04-24');
INSERT INTO `softwareengineering`.`diet` (`idDiet`, `idUser`, `idMeal`, `date`) VALUES (148, 0, 11, '2020-04-24');
INSERT INTO `softwareengineering`.`diet` (`idDiet`, `idUser`, `idMeal`, `date`) VALUES (149, 0, 12, '2020-04-24');
INSERT INTO `softwareengineering`.`diet` (`idDiet`, `idUser`, `idMeal`, `date`) VALUES (150, 0, 18, '2020-04-24');
INSERT INTO `softwareengineering`.`diet` (`idDiet`, `idUser`, `idMeal`, `date`) VALUES (151, 0, 23, '2020-04-24');
INSERT INTO `softwareengineering`.`diet` (`idDiet`, `idUser`, `idMeal`, `date`) VALUES (152, 0, 31, '2020-04-24');
INSERT INTO `softwareengineering`.`diet` (`idDiet`, `idUser`, `idMeal`, `date`) VALUES (153, 0, 31, '2020-04-24');
INSERT INTO `softwareengineering`.`diet` (`idDiet`, `idUser`, `idMeal`, `date`) VALUES (154, 0, 50, '2020-04-24');
INSERT INTO `softwareengineering`.`diet` (`idDiet`, `idUser`, `idMeal`, `date`) VALUES (155, 0, 48, '2020-04-24');
INSERT INTO `softwareengineering`.`weighttracking` (`idWeightTracking`, `idUser`, `date`, `weight`) VALUES (15, 0, '2020-04-24', 66.82);
INSERT INTO `softwareengineering`.`exerciselink` (`idLink`, `idUser`, `idExerciseSession`, `date`) VALUES (21, 0, 23, '2020-04-23');
INSERT INTO `softwareengineering`.`exerciselink` (`idLink`, `idUser`, `idExerciseSession`, `date`) VALUES (22, 0, 20, '2020-04-23');
INSERT INTO `softwareengineering`.`diet` (`idDiet`, `idUser`, `idMeal`, `date`) VALUES (156, 0, 1, '2020-04-23');
INSERT INTO `softwareengineering`.`diet` (`idDiet`, `idUser`, `idMeal`, `date`) VALUES (157, 0, 1, '2020-04-23');
INSERT INTO `softwareengineering`.`diet` (`idDiet`, `idUser`, `idMeal`, `date`) VALUES (158, 0, 28, '2020-04-23');
INSERT INTO `softwareengineering`.`diet` (`idDiet`, `idUser`, `idMeal`, `date`) VALUES (159, 0, 15, '2020-04-23');
INSERT INTO `softwareengineering`.`diet` (`idDiet`, `idUser`, `idMeal`, `date`) VALUES (160, 0, 26, '2020-04-23');
INSERT INTO `softwareengineering`.`diet` (`idDiet`, `idUser`, `idMeal`, `date`) VALUES (161, 0, 41, '2020-04-23');
INSERT INTO `softwareengineering`.`diet` (`idDiet`, `idUser`, `idMeal`, `date`) VALUES (162, 0, 32, '2020-04-23');
INSERT INTO `softwareengineering`.`diet` (`idDiet`, `idUser`, `idMeal`, `date`) VALUES (163, 0, 52, '2020-04-23');
INSERT INTO `softwareengineering`.`diet` (`idDiet`, `idUser`, `idMeal`, `date`) VALUES (164, 0, 50, '2020-04-23');
INSERT INTO `softwareengineering`.`diet` (`idDiet`, `idUser`, `idMeal`, `date`) VALUES (165, 0, 54, '2020-04-23');
INSERT INTO `softwareengineering`.`weighttracking` (`idWeightTracking`, `idUser`, `date`, `weight`) VALUES (16, 0, '2020-04-23', 66.91);
INSERT INTO `softwareengineering`.`exerciselink` (`idLink`, `idUser`, `idExerciseSession`, `date`) VALUES (23, 0, 13, '2020-04-22');
INSERT INTO `softwareengineering`.`diet` (`idDiet`, `idUser`, `idMeal`, `date`) VALUES (166, 0, 14, '2020-04-22');
INSERT INTO `softwareengineering`.`diet` (`idDiet`, `idUser`, `idMeal`, `date`) VALUES (167, 0, 9, '2020-04-22');
INSERT INTO `softwareengineering`.`diet` (`idDiet`, `idUser`, `idMeal`, `date`) VALUES (168, 0, 24, '2020-04-22');
INSERT INTO `softwareengineering`.`diet` (`idDiet`, `idUser`, `idMeal`, `date`) VALUES (169, 0, 18, '2020-04-22');
INSERT INTO `softwareengineering`.`diet` (`idDiet`, `idUser`, `idMeal`, `date`) VALUES (170, 0, 20, '2020-04-22');
INSERT INTO `softwareengineering`.`diet` (`idDiet`, `idUser`, `idMeal`, `date`) VALUES (171, 0, 38, '2020-04-22');
INSERT INTO `softwareengineering`.`diet` (`idDiet`, `idUser`, `idMeal`, `date`) VALUES (172, 0, 37, '2020-04-22');
INSERT INTO `softwareengineering`.`diet` (`idDiet`, `idUser`, `idMeal`, `date`) VALUES (173, 0, 59, '2020-04-22');
INSERT INTO `softwareengineering`.`diet` (`idDiet`, `idUser`, `idMeal`, `date`) VALUES (174, 0, 58, '2020-04-22');
INSERT INTO `softwareengineering`.`weighttracking` (`idWeightTracking`, `idUser`, `date`, `weight`) VALUES (17, 0, '2020-04-22', 67.07);
INSERT INTO `softwareengineering`.`exerciselink` (`idLink`, `idUser`, `idExerciseSession`, `date`) VALUES (24, 0, 11, '2020-04-21');
INSERT INTO `softwareengineering`.`exerciselink` (`idLink`, `idUser`, `idExerciseSession`, `date`) VALUES (25, 0, 24, '2020-04-21');
INSERT INTO `softwareengineering`.`diet` (`idDiet`, `idUser`, `idMeal`, `date`) VALUES (175, 0, 0, '2020-04-21');
INSERT INTO `softwareengineering`.`diet` (`idDiet`, `idUser`, `idMeal`, `date`) VALUES (176, 0, 7, '2020-04-21');
INSERT INTO `softwareengineering`.`diet` (`idDiet`, `idUser`, `idMeal`, `date`) VALUES (177, 0, 14, '2020-04-21');
INSERT INTO `softwareengineering`.`diet` (`idDiet`, `idUser`, `idMeal`, `date`) VALUES (178, 0, 25, '2020-04-21');
INSERT INTO `softwareengineering`.`diet` (`idDiet`, `idUser`, `idMeal`, `date`) VALUES (179, 0, 18, '2020-04-21');
INSERT INTO `softwareengineering`.`diet` (`idDiet`, `idUser`, `idMeal`, `date`) VALUES (180, 0, 15, '2020-04-21');
INSERT INTO `softwareengineering`.`diet` (`idDiet`, `idUser`, `idMeal`, `date`) VALUES (181, 0, 30, '2020-04-21');
INSERT INTO `softwareengineering`.`diet` (`idDiet`, `idUser`, `idMeal`, `date`) VALUES (182, 0, 34, '2020-04-21');
INSERT INTO `softwareengineering`.`diet` (`idDiet`, `idUser`, `idMeal`, `date`) VALUES (183, 0, 42, '2020-04-21');
INSERT INTO `softwareengineering`.`diet` (`idDiet`, `idUser`, `idMeal`, `date`) VALUES (184, 0, 59, '2020-04-21');
INSERT INTO `softwareengineering`.`diet` (`idDiet`, `idUser`, `idMeal`, `date`) VALUES (185, 0, 48, '2020-04-21');
INSERT INTO `softwareengineering`.`diet` (`idDiet`, `idUser`, `idMeal`, `date`) VALUES (186, 0, 47, '2020-04-21');
INSERT INTO `softwareengineering`.`weighttracking` (`idWeightTracking`, `idUser`, `date`, `weight`) VALUES (18, 0, '2020-04-21', 66.93);
INSERT INTO `softwareengineering`.`exerciselink` (`idLink`, `idUser`, `idExerciseSession`, `date`) VALUES (26, 0, 11, '2020-04-20');
INSERT INTO `softwareengineering`.`exerciselink` (`idLink`, `idUser`, `idExerciseSession`, `date`) VALUES (27, 0, 11, '2020-04-20');
INSERT INTO `softwareengineering`.`diet` (`idDiet`, `idUser`, `idMeal`, `date`) VALUES (187, 0, 5, '2020-04-20');
INSERT INTO `softwareengineering`.`diet` (`idDiet`, `idUser`, `idMeal`, `date`) VALUES (188, 0, 3, '2020-04-20');
INSERT INTO `softwareengineering`.`diet` (`idDiet`, `idUser`, `idMeal`, `date`) VALUES (189, 0, 26, '2020-04-20');
INSERT INTO `softwareengineering`.`diet` (`idDiet`, `idUser`, `idMeal`, `date`) VALUES (190, 0, 27, '2020-04-20');
INSERT INTO `softwareengineering`.`diet` (`idDiet`, `idUser`, `idMeal`, `date`) VALUES (191, 0, 15, '2020-04-20');
INSERT INTO `softwareengineering`.`diet` (`idDiet`, `idUser`, `idMeal`, `date`) VALUES (192, 0, 37, '2020-04-20');
INSERT INTO `softwareengineering`.`diet` (`idDiet`, `idUser`, `idMeal`, `date`) VALUES (193, 0, 39, '2020-04-20');
INSERT INTO `softwareengineering`.`diet` (`idDiet`, `idUser`, `idMeal`, `date`) VALUES (194, 0, 40, '2020-04-20');
INSERT INTO `softwareengineering`.`diet` (`idDiet`, `idUser`, `idMeal`, `date`) VALUES (195, 0, 58, '2020-04-20');
INSERT INTO `softwareengineering`.`diet` (`idDiet`, `idUser`, `idMeal`, `date`) VALUES (196, 0, 50, '2020-04-20');
INSERT INTO `softwareengineering`.`weighttracking` (`idWeightTracking`, `idUser`, `date`, `weight`) VALUES (19, 0, '2020-04-20', 66.76);
INSERT INTO `softwareengineering`.`exerciselink` (`idLink`, `idUser`, `idExerciseSession`, `date`) VALUES (28, 0, 1, '2020-04-19');
INSERT INTO `softwareengineering`.`exerciselink` (`idLink`, `idUser`, `idExerciseSession`, `date`) VALUES (29, 0, 7, '2020-04-19');
INSERT INTO `softwareengineering`.`diet` (`idDiet`, `idUser`, `idMeal`, `date`) VALUES (197, 0, 1, '2020-04-19');
INSERT INTO `softwareengineering`.`diet` (`idDiet`, `idUser`, `idMeal`, `date`) VALUES (198, 0, 7, '2020-04-19');
INSERT INTO `softwareengineering`.`diet` (`idDiet`, `idUser`, `idMeal`, `date`) VALUES (199, 0, 25, '2020-04-19');
INSERT INTO `softwareengineering`.`diet` (`idDiet`, `idUser`, `idMeal`, `date`) VALUES (200, 0, 20, '2020-04-19');
INSERT INTO `softwareengineering`.`diet` (`idDiet`, `idUser`, `idMeal`, `date`) VALUES (201, 0, 28, '2020-04-19');
INSERT INTO `softwareengineering`.`diet` (`idDiet`, `idUser`, `idMeal`, `date`) VALUES (202, 0, 41, '2020-04-19');
INSERT INTO `softwareengineering`.`diet` (`idDiet`, `idUser`, `idMeal`, `date`) VALUES (203, 0, 32, '2020-04-19');
INSERT INTO `softwareengineering`.`diet` (`idDiet`, `idUser`, `idMeal`, `date`) VALUES (204, 0, 47, '2020-04-19');
INSERT INTO `softwareengineering`.`diet` (`idDiet`, `idUser`, `idMeal`, `date`) VALUES (205, 0, 49, '2020-04-19');
INSERT INTO `softwareengineering`.`diet` (`idDiet`, `idUser`, `idMeal`, `date`) VALUES (206, 0, 55, '2020-04-19');
INSERT INTO `softwareengineering`.`weighttracking` (`idWeightTracking`, `idUser`, `date`, `weight`) VALUES (20, 0, '2020-04-19', 66.76);
INSERT INTO `softwareengineering`.`exerciselink` (`idLink`, `idUser`, `idExerciseSession`, `date`) VALUES (30, 0, 5, '2020-04-18');
INSERT INTO `softwareengineering`.`diet` (`idDiet`, `idUser`, `idMeal`, `date`) VALUES (207, 0, 7, '2020-04-18');
INSERT INTO `softwareengineering`.`diet` (`idDiet`, `idUser`, `idMeal`, `date`) VALUES (208, 0, 8, '2020-04-18');
INSERT INTO `softwareengineering`.`diet` (`idDiet`, `idUser`, `idMeal`, `date`) VALUES (209, 0, 14, '2020-04-18');
INSERT INTO `softwareengineering`.`diet` (`idDiet`, `idUser`, `idMeal`, `date`) VALUES (210, 0, 24, '2020-04-18');
INSERT INTO `softwareengineering`.`diet` (`idDiet`, `idUser`, `idMeal`, `date`) VALUES (211, 0, 17, '2020-04-18');
INSERT INTO `softwareengineering`.`diet` (`idDiet`, `idUser`, `idMeal`, `date`) VALUES (212, 0, 42, '2020-04-18');
INSERT INTO `softwareengineering`.`diet` (`idDiet`, `idUser`, `idMeal`, `date`) VALUES (213, 0, 36, '2020-04-18');
INSERT INTO `softwareengineering`.`diet` (`idDiet`, `idUser`, `idMeal`, `date`) VALUES (214, 0, 41, '2020-04-18');
INSERT INTO `softwareengineering`.`diet` (`idDiet`, `idUser`, `idMeal`, `date`) VALUES (215, 0, 53, '2020-04-18');
INSERT INTO `softwareengineering`.`diet` (`idDiet`, `idUser`, `idMeal`, `date`) VALUES (216, 0, 46, '2020-04-18');
INSERT INTO `softwareengineering`.`diet` (`idDiet`, `idUser`, `idMeal`, `date`) VALUES (217, 0, 51, '2020-04-18');
INSERT INTO `softwareengineering`.`weighttracking` (`idWeightTracking`, `idUser`, `date`, `weight`) VALUES (21, 0, '2020-04-18', 66.66);
INSERT INTO `softwareengineering`.`exerciselink` (`idLink`, `idUser`, `idExerciseSession`, `date`) VALUES (31, 0, 3, '2020-04-17');
INSERT INTO `softwareengineering`.`diet` (`idDiet`, `idUser`, `idMeal`, `date`) VALUES (218, 0, 14, '2020-04-17');
INSERT INTO `softwareengineering`.`diet` (`idDiet`, `idUser`, `idMeal`, `date`) VALUES (219, 0, 4, '2020-04-17');
INSERT INTO `softwareengineering`.`diet` (`idDiet`, `idUser`, `idMeal`, `date`) VALUES (220, 0, 15, '2020-04-17');
INSERT INTO `softwareengineering`.`diet` (`idDiet`, `idUser`, `idMeal`, `date`) VALUES (221, 0, 26, '2020-04-17');
INSERT INTO `softwareengineering`.`diet` (`idDiet`, `idUser`, `idMeal`, `date`) VALUES (222, 0, 20, '2020-04-17');
INSERT INTO `softwareengineering`.`diet` (`idDiet`, `idUser`, `idMeal`, `date`) VALUES (223, 0, 39, '2020-04-17');
INSERT INTO `softwareengineering`.`diet` (`idDiet`, `idUser`, `idMeal`, `date`) VALUES (224, 0, 44, '2020-04-17');
INSERT INTO `softwareengineering`.`diet` (`idDiet`, `idUser`, `idMeal`, `date`) VALUES (225, 0, 40, '2020-04-17');
INSERT INTO `softwareengineering`.`diet` (`idDiet`, `idUser`, `idMeal`, `date`) VALUES (226, 0, 59, '2020-04-17');
INSERT INTO `softwareengineering`.`diet` (`idDiet`, `idUser`, `idMeal`, `date`) VALUES (227, 0, 48, '2020-04-17');
INSERT INTO `softwareengineering`.`weighttracking` (`idWeightTracking`, `idUser`, `date`, `weight`) VALUES (22, 0, '2020-04-17', 66.74);
INSERT INTO `softwareengineering`.`diet` (`idDiet`, `idUser`, `idMeal`, `date`) VALUES (228, 0, 6, '2020-04-16');
INSERT INTO `softwareengineering`.`diet` (`idDiet`, `idUser`, `idMeal`, `date`) VALUES (229, 0, 9, '2020-04-16');
INSERT INTO `softwareengineering`.`diet` (`idDiet`, `idUser`, `idMeal`, `date`) VALUES (230, 0, 11, '2020-04-16');
INSERT INTO `softwareengineering`.`diet` (`idDiet`, `idUser`, `idMeal`, `date`) VALUES (231, 0, 26, '2020-04-16');
INSERT INTO `softwareengineering`.`diet` (`idDiet`, `idUser`, `idMeal`, `date`) VALUES (232, 0, 28, '2020-04-16');
INSERT INTO `softwareengineering`.`diet` (`idDiet`, `idUser`, `idMeal`, `date`) VALUES (233, 0, 25, '2020-04-16');
INSERT INTO `softwareengineering`.`diet` (`idDiet`, `idUser`, `idMeal`, `date`) VALUES (234, 0, 34, '2020-04-16');
INSERT INTO `softwareengineering`.`diet` (`idDiet`, `idUser`, `idMeal`, `date`) VALUES (235, 0, 44, '2020-04-16');
INSERT INTO `softwareengineering`.`diet` (`idDiet`, `idUser`, `idMeal`, `date`) VALUES (236, 0, 57, '2020-04-16');
INSERT INTO `softwareengineering`.`diet` (`idDiet`, `idUser`, `idMeal`, `date`) VALUES (237, 0, 46, '2020-04-16');
INSERT INTO `softwareengineering`.`diet` (`idDiet`, `idUser`, `idMeal`, `date`) VALUES (238, 0, 53, '2020-04-16');
INSERT INTO `softwareengineering`.`weighttracking` (`idWeightTracking`, `idUser`, `date`, `weight`) VALUES (23, 0, '2020-04-16', 66.96);
INSERT INTO `softwareengineering`.`diet` (`idDiet`, `idUser`, `idMeal`, `date`) VALUES (239, 0, 4, '2020-04-15');
INSERT INTO `softwareengineering`.`diet` (`idDiet`, `idUser`, `idMeal`, `date`) VALUES (240, 0, 7, '2020-04-15');
INSERT INTO `softwareengineering`.`diet` (`idDiet`, `idUser`, `idMeal`, `date`) VALUES (241, 0, 4, '2020-04-15');
INSERT INTO `softwareengineering`.`diet` (`idDiet`, `idUser`, `idMeal`, `date`) VALUES (242, 0, 22, '2020-04-15');
INSERT INTO `softwareengineering`.`diet` (`idDiet`, `idUser`, `idMeal`, `date`) VALUES (243, 0, 23, '2020-04-15');
INSERT INTO `softwareengineering`.`diet` (`idDiet`, `idUser`, `idMeal`, `date`) VALUES (244, 0, 35, '2020-04-15');
INSERT INTO `softwareengineering`.`diet` (`idDiet`, `idUser`, `idMeal`, `date`) VALUES (245, 0, 32, '2020-04-15');
INSERT INTO `softwareengineering`.`diet` (`idDiet`, `idUser`, `idMeal`, `date`) VALUES (246, 0, 53, '2020-04-15');
INSERT INTO `softwareengineering`.`diet` (`idDiet`, `idUser`, `idMeal`, `date`) VALUES (247, 0, 59, '2020-04-15');
INSERT INTO `softwareengineering`.`diet` (`idDiet`, `idUser`, `idMeal`, `date`) VALUES (248, 0, 46, '2020-04-15');
INSERT INTO `softwareengineering`.`weighttracking` (`idWeightTracking`, `idUser`, `date`, `weight`) VALUES (24, 0, '2020-04-15', 66.89);
INSERT INTO `softwareengineering`.`exerciselink` (`idLink`, `idUser`, `idExerciseSession`, `date`) VALUES (32, 0, 8, '2020-04-14');
INSERT INTO `softwareengineering`.`exerciselink` (`idLink`, `idUser`, `idExerciseSession`, `date`) VALUES (33, 0, 22, '2020-04-14');
INSERT INTO `softwareengineering`.`diet` (`idDiet`, `idUser`, `idMeal`, `date`) VALUES (249, 0, 3, '2020-04-14');
INSERT INTO `softwareengineering`.`diet` (`idDiet`, `idUser`, `idMeal`, `date`) VALUES (250, 0, 11, '2020-04-14');
INSERT INTO `softwareengineering`.`diet` (`idDiet`, `idUser`, `idMeal`, `date`) VALUES (251, 0, 19, '2020-04-14');
INSERT INTO `softwareengineering`.`diet` (`idDiet`, `idUser`, `idMeal`, `date`) VALUES (252, 0, 18, '2020-04-14');
INSERT INTO `softwareengineering`.`diet` (`idDiet`, `idUser`, `idMeal`, `date`) VALUES (253, 0, 34, '2020-04-14');
INSERT INTO `softwareengineering`.`diet` (`idDiet`, `idUser`, `idMeal`, `date`) VALUES (254, 0, 42, '2020-04-14');
INSERT INTO `softwareengineering`.`diet` (`idDiet`, `idUser`, `idMeal`, `date`) VALUES (255, 0, 58, '2020-04-14');
INSERT INTO `softwareengineering`.`diet` (`idDiet`, `idUser`, `idMeal`, `date`) VALUES (256, 0, 58, '2020-04-14');
INSERT INTO `softwareengineering`.`diet` (`idDiet`, `idUser`, `idMeal`, `date`) VALUES (257, 0, 53, '2020-04-14');
INSERT INTO `softwareengineering`.`weighttracking` (`idWeightTracking`, `idUser`, `date`, `weight`) VALUES (25, 0, '2020-04-14', 67.09);
INSERT INTO `softwareengineering`.`diet` (`idDiet`, `idUser`, `idMeal`, `date`) VALUES (258, 0, 3, '2020-04-13');
INSERT INTO `softwareengineering`.`diet` (`idDiet`, `idUser`, `idMeal`, `date`) VALUES (259, 0, 13, '2020-04-13');
INSERT INTO `softwareengineering`.`diet` (`idDiet`, `idUser`, `idMeal`, `date`) VALUES (260, 0, 5, '2020-04-13');
INSERT INTO `softwareengineering`.`diet` (`idDiet`, `idUser`, `idMeal`, `date`) VALUES (261, 0, 20, '2020-04-13');
INSERT INTO `softwareengineering`.`diet` (`idDiet`, `idUser`, `idMeal`, `date`) VALUES (262, 0, 22, '2020-04-13');
INSERT INTO `softwareengineering`.`diet` (`idDiet`, `idUser`, `idMeal`, `date`) VALUES (263, 0, 15, '2020-04-13');
INSERT INTO `softwareengineering`.`diet` (`idDiet`, `idUser`, `idMeal`, `date`) VALUES (264, 0, 33, '2020-04-13');
INSERT INTO `softwareengineering`.`diet` (`idDiet`, `idUser`, `idMeal`, `date`) VALUES (265, 0, 31, '2020-04-13');
INSERT INTO `softwareengineering`.`diet` (`idDiet`, `idUser`, `idMeal`, `date`) VALUES (266, 0, 47, '2020-04-13');
INSERT INTO `softwareengineering`.`diet` (`idDiet`, `idUser`, `idMeal`, `date`) VALUES (267, 0, 58, '2020-04-13');
INSERT INTO `softwareengineering`.`diet` (`idDiet`, `idUser`, `idMeal`, `date`) VALUES (268, 0, 57, '2020-04-13');
INSERT INTO `softwareengineering`.`weighttracking` (`idWeightTracking`, `idUser`, `date`, `weight`) VALUES (26, 0, '2020-04-13', 67.07);
INSERT INTO `softwareengineering`.`exerciselink` (`idLink`, `idUser`, `idExerciseSession`, `date`) VALUES (34, 0, 11, '2020-04-12');
INSERT INTO `softwareengineering`.`diet` (`idDiet`, `idUser`, `idMeal`, `date`) VALUES (269, 0, 10, '2020-04-12');
INSERT INTO `softwareengineering`.`diet` (`idDiet`, `idUser`, `idMeal`, `date`) VALUES (270, 0, 14, '2020-04-12');
INSERT INTO `softwareengineering`.`diet` (`idDiet`, `idUser`, `idMeal`, `date`) VALUES (271, 0, 1, '2020-04-12');
INSERT INTO `softwareengineering`.`diet` (`idDiet`, `idUser`, `idMeal`, `date`) VALUES (272, 0, 19, '2020-04-12');
INSERT INTO `softwareengineering`.`diet` (`idDiet`, `idUser`, `idMeal`, `date`) VALUES (273, 0, 16, '2020-04-12');
INSERT INTO `softwareengineering`.`diet` (`idDiet`, `idUser`, `idMeal`, `date`) VALUES (274, 0, 43, '2020-04-12');
INSERT INTO `softwareengineering`.`diet` (`idDiet`, `idUser`, `idMeal`, `date`) VALUES (275, 0, 44, '2020-04-12');
INSERT INTO `softwareengineering`.`diet` (`idDiet`, `idUser`, `idMeal`, `date`) VALUES (276, 0, 45, '2020-04-12');
INSERT INTO `softwareengineering`.`diet` (`idDiet`, `idUser`, `idMeal`, `date`) VALUES (277, 0, 49, '2020-04-12');
INSERT INTO `softwareengineering`.`diet` (`idDiet`, `idUser`, `idMeal`, `date`) VALUES (278, 0, 59, '2020-04-12');
INSERT INTO `softwareengineering`.`weighttracking` (`idWeightTracking`, `idUser`, `date`, `weight`) VALUES (27, 0, '2020-04-12', 67.35);
INSERT INTO `softwareengineering`.`exerciselink` (`idLink`, `idUser`, `idExerciseSession`, `date`) VALUES (35, 0, 11, '2020-04-11');
INSERT INTO `softwareengineering`.`exerciselink` (`idLink`, `idUser`, `idExerciseSession`, `date`) VALUES (36, 0, 23, '2020-04-11');
INSERT INTO `softwareengineering`.`diet` (`idDiet`, `idUser`, `idMeal`, `date`) VALUES (279, 0, 10, '2020-04-11');
INSERT INTO `softwareengineering`.`diet` (`idDiet`, `idUser`, `idMeal`, `date`) VALUES (280, 0, 0, '2020-04-11');
INSERT INTO `softwareengineering`.`diet` (`idDiet`, `idUser`, `idMeal`, `date`) VALUES (281, 0, 24, '2020-04-11');
INSERT INTO `softwareengineering`.`diet` (`idDiet`, `idUser`, `idMeal`, `date`) VALUES (282, 0, 15, '2020-04-11');
INSERT INTO `softwareengineering`.`diet` (`idDiet`, `idUser`, `idMeal`, `date`) VALUES (283, 0, 43, '2020-04-11');
INSERT INTO `softwareengineering`.`diet` (`idDiet`, `idUser`, `idMeal`, `date`) VALUES (284, 0, 31, '2020-04-11');
INSERT INTO `softwareengineering`.`diet` (`idDiet`, `idUser`, `idMeal`, `date`) VALUES (285, 0, 56, '2020-04-11');
INSERT INTO `softwareengineering`.`diet` (`idDiet`, `idUser`, `idMeal`, `date`) VALUES (286, 0, 46, '2020-04-11');
INSERT INTO `softwareengineering`.`diet` (`idDiet`, `idUser`, `idMeal`, `date`) VALUES (287, 0, 57, '2020-04-11');
INSERT INTO `softwareengineering`.`weighttracking` (`idWeightTracking`, `idUser`, `date`, `weight`) VALUES (28, 0, '2020-04-11', 67.48);
INSERT INTO `softwareengineering`.`exerciselink` (`idLink`, `idUser`, `idExerciseSession`, `date`) VALUES (37, 0, 9, '2020-04-10');
INSERT INTO `softwareengineering`.`diet` (`idDiet`, `idUser`, `idMeal`, `date`) VALUES (288, 0, 0, '2020-04-10');
INSERT INTO `softwareengineering`.`diet` (`idDiet`, `idUser`, `idMeal`, `date`) VALUES (289, 0, 6, '2020-04-10');
INSERT INTO `softwareengineering`.`diet` (`idDiet`, `idUser`, `idMeal`, `date`) VALUES (290, 0, 29, '2020-04-10');
INSERT INTO `softwareengineering`.`diet` (`idDiet`, `idUser`, `idMeal`, `date`) VALUES (291, 0, 22, '2020-04-10');
INSERT INTO `softwareengineering`.`diet` (`idDiet`, `idUser`, `idMeal`, `date`) VALUES (292, 0, 21, '2020-04-10');
INSERT INTO `softwareengineering`.`diet` (`idDiet`, `idUser`, `idMeal`, `date`) VALUES (293, 0, 41, '2020-04-10');
INSERT INTO `softwareengineering`.`diet` (`idDiet`, `idUser`, `idMeal`, `date`) VALUES (294, 0, 39, '2020-04-10');
INSERT INTO `softwareengineering`.`diet` (`idDiet`, `idUser`, `idMeal`, `date`) VALUES (295, 0, 45, '2020-04-10');
INSERT INTO `softwareengineering`.`diet` (`idDiet`, `idUser`, `idMeal`, `date`) VALUES (296, 0, 45, '2020-04-10');
INSERT INTO `softwareengineering`.`diet` (`idDiet`, `idUser`, `idMeal`, `date`) VALUES (297, 0, 53, '2020-04-10');
INSERT INTO `softwareengineering`.`weighttracking` (`idWeightTracking`, `idUser`, `date`, `weight`) VALUES (29, 0, '2020-04-10', 67.65);
INSERT INTO `softwareengineering`.`exerciselink` (`idLink`, `idUser`, `idExerciseSession`, `date`) VALUES (38, 0, 8, '2020-04-09');
INSERT INTO `softwareengineering`.`diet` (`idDiet`, `idUser`, `idMeal`, `date`) VALUES (298, 0, 7, '2020-04-09');
INSERT INTO `softwareengineering`.`diet` (`idDiet`, `idUser`, `idMeal`, `date`) VALUES (299, 0, 2, '2020-04-09');
INSERT INTO `softwareengineering`.`diet` (`idDiet`, `idUser`, `idMeal`, `date`) VALUES (300, 0, 11, '2020-04-09');
INSERT INTO `softwareengineering`.`diet` (`idDiet`, `idUser`, `idMeal`, `date`) VALUES (301, 0, 23, '2020-04-09');
INSERT INTO `softwareengineering`.`diet` (`idDiet`, `idUser`, `idMeal`, `date`) VALUES (302, 0, 15, '2020-04-09');
INSERT INTO `softwareengineering`.`diet` (`idDiet`, `idUser`, `idMeal`, `date`) VALUES (303, 0, 20, '2020-04-09');
INSERT INTO `softwareengineering`.`diet` (`idDiet`, `idUser`, `idMeal`, `date`) VALUES (304, 0, 35, '2020-04-09');
INSERT INTO `softwareengineering`.`diet` (`idDiet`, `idUser`, `idMeal`, `date`) VALUES (305, 0, 40, '2020-04-09');
INSERT INTO `softwareengineering`.`diet` (`idDiet`, `idUser`, `idMeal`, `date`) VALUES (306, 0, 43, '2020-04-09');
INSERT INTO `softwareengineering`.`diet` (`idDiet`, `idUser`, `idMeal`, `date`) VALUES (307, 0, 46, '2020-04-09');
INSERT INTO `softwareengineering`.`diet` (`idDiet`, `idUser`, `idMeal`, `date`) VALUES (308, 0, 56, '2020-04-09');
INSERT INTO `softwareengineering`.`weighttracking` (`idWeightTracking`, `idUser`, `date`, `weight`) VALUES (30, 0, '2020-04-09', 67.57);
INSERT INTO `softwareengineering`.`exerciselink` (`idLink`, `idUser`, `idExerciseSession`, `date`) VALUES (39, 0, 18, '2020-04-08');
INSERT INTO `softwareengineering`.`exerciselink` (`idLink`, `idUser`, `idExerciseSession`, `date`) VALUES (40, 0, 16, '2020-04-08');
INSERT INTO `softwareengineering`.`diet` (`idDiet`, `idUser`, `idMeal`, `date`) VALUES (309, 0, 6, '2020-04-08');
INSERT INTO `softwareengineering`.`diet` (`idDiet`, `idUser`, `idMeal`, `date`) VALUES (310, 0, 4, '2020-04-08');
INSERT INTO `softwareengineering`.`diet` (`idDiet`, `idUser`, `idMeal`, `date`) VALUES (311, 0, 21, '2020-04-08');
INSERT INTO `softwareengineering`.`diet` (`idDiet`, `idUser`, `idMeal`, `date`) VALUES (312, 0, 29, '2020-04-08');
INSERT INTO `softwareengineering`.`diet` (`idDiet`, `idUser`, `idMeal`, `date`) VALUES (313, 0, 20, '2020-04-08');
INSERT INTO `softwareengineering`.`diet` (`idDiet`, `idUser`, `idMeal`, `date`) VALUES (314, 0, 30, '2020-04-08');
INSERT INTO `softwareengineering`.`diet` (`idDiet`, `idUser`, `idMeal`, `date`) VALUES (315, 0, 30, '2020-04-08');
INSERT INTO `softwareengineering`.`diet` (`idDiet`, `idUser`, `idMeal`, `date`) VALUES (316, 0, 48, '2020-04-08');
INSERT INTO `softwareengineering`.`diet` (`idDiet`, `idUser`, `idMeal`, `date`) VALUES (317, 0, 57, '2020-04-08');
INSERT INTO `softwareengineering`.`diet` (`idDiet`, `idUser`, `idMeal`, `date`) VALUES (318, 0, 52, '2020-04-08');
INSERT INTO `softwareengineering`.`weighttracking` (`idWeightTracking`, `idUser`, `date`, `weight`) VALUES (31, 0, '2020-04-08', 67.82);
INSERT INTO `softwareengineering`.`exerciselink` (`idLink`, `idUser`, `idExerciseSession`, `date`) VALUES (41, 0, 15, '2020-04-07');
INSERT INTO `softwareengineering`.`exerciselink` (`idLink`, `idUser`, `idExerciseSession`, `date`) VALUES (42, 0, 22, '2020-04-07');
INSERT INTO `softwareengineering`.`diet` (`idDiet`, `idUser`, `idMeal`, `date`) VALUES (319, 0, 8, '2020-04-07');
INSERT INTO `softwareengineering`.`diet` (`idDiet`, `idUser`, `idMeal`, `date`) VALUES (320, 0, 3, '2020-04-07');
INSERT INTO `softwareengineering`.`diet` (`idDiet`, `idUser`, `idMeal`, `date`) VALUES (321, 0, 17, '2020-04-07');
INSERT INTO `softwareengineering`.`diet` (`idDiet`, `idUser`, `idMeal`, `date`) VALUES (322, 0, 27, '2020-04-07');
INSERT INTO `softwareengineering`.`diet` (`idDiet`, `idUser`, `idMeal`, `date`) VALUES (323, 0, 21, '2020-04-07');
INSERT INTO `softwareengineering`.`diet` (`idDiet`, `idUser`, `idMeal`, `date`) VALUES (324, 0, 44, '2020-04-07');
INSERT INTO `softwareengineering`.`diet` (`idDiet`, `idUser`, `idMeal`, `date`) VALUES (325, 0, 44, '2020-04-07');
INSERT INTO `softwareengineering`.`diet` (`idDiet`, `idUser`, `idMeal`, `date`) VALUES (326, 0, 53, '2020-04-07');
INSERT INTO `softwareengineering`.`diet` (`idDiet`, `idUser`, `idMeal`, `date`) VALUES (327, 0, 52, '2020-04-07');
INSERT INTO `softwareengineering`.`weighttracking` (`idWeightTracking`, `idUser`, `date`, `weight`) VALUES (32, 0, '2020-04-07', 67.7);
INSERT INTO `softwareengineering`.`exerciselink` (`idLink`, `idUser`, `idExerciseSession`, `date`) VALUES (43, 0, 22, '2020-04-06');
INSERT INTO `softwareengineering`.`diet` (`idDiet`, `idUser`, `idMeal`, `date`) VALUES (328, 0, 8, '2020-04-06');
INSERT INTO `softwareengineering`.`diet` (`idDiet`, `idUser`, `idMeal`, `date`) VALUES (329, 0, 7, '2020-04-06');
INSERT INTO `softwareengineering`.`diet` (`idDiet`, `idUser`, `idMeal`, `date`) VALUES (330, 0, 8, '2020-04-06');
INSERT INTO `softwareengineering`.`diet` (`idDiet`, `idUser`, `idMeal`, `date`) VALUES (331, 0, 24, '2020-04-06');
INSERT INTO `softwareengineering`.`diet` (`idDiet`, `idUser`, `idMeal`, `date`) VALUES (332, 0, 26, '2020-04-06');
INSERT INTO `softwareengineering`.`diet` (`idDiet`, `idUser`, `idMeal`, `date`) VALUES (333, 0, 16, '2020-04-06');
INSERT INTO `softwareengineering`.`diet` (`idDiet`, `idUser`, `idMeal`, `date`) VALUES (334, 0, 32, '2020-04-06');
INSERT INTO `softwareengineering`.`diet` (`idDiet`, `idUser`, `idMeal`, `date`) VALUES (335, 0, 42, '2020-04-06');
INSERT INTO `softwareengineering`.`diet` (`idDiet`, `idUser`, `idMeal`, `date`) VALUES (336, 0, 50, '2020-04-06');
INSERT INTO `softwareengineering`.`diet` (`idDiet`, `idUser`, `idMeal`, `date`) VALUES (337, 0, 59, '2020-04-06');
INSERT INTO `softwareengineering`.`diet` (`idDiet`, `idUser`, `idMeal`, `date`) VALUES (338, 0, 53, '2020-04-06');
INSERT INTO `softwareengineering`.`weighttracking` (`idWeightTracking`, `idUser`, `date`, `weight`) VALUES (33, 0, '2020-04-06', 67.55);
INSERT INTO `softwareengineering`.`diet` (`idDiet`, `idUser`, `idMeal`, `date`) VALUES (339, 0, 11, '2020-04-05');
INSERT INTO `softwareengineering`.`diet` (`idDiet`, `idUser`, `idMeal`, `date`) VALUES (340, 0, 6, '2020-04-05');
INSERT INTO `softwareengineering`.`diet` (`idDiet`, `idUser`, `idMeal`, `date`) VALUES (341, 0, 0, '2020-04-05');
INSERT INTO `softwareengineering`.`diet` (`idDiet`, `idUser`, `idMeal`, `date`) VALUES (342, 0, 21, '2020-04-05');
INSERT INTO `softwareengineering`.`diet` (`idDiet`, `idUser`, `idMeal`, `date`) VALUES (343, 0, 20, '2020-04-05');
INSERT INTO `softwareengineering`.`diet` (`idDiet`, `idUser`, `idMeal`, `date`) VALUES (344, 0, 19, '2020-04-05');
INSERT INTO `softwareengineering`.`diet` (`idDiet`, `idUser`, `idMeal`, `date`) VALUES (345, 0, 30, '2020-04-05');
INSERT INTO `softwareengineering`.`diet` (`idDiet`, `idUser`, `idMeal`, `date`) VALUES (346, 0, 41, '2020-04-05');
INSERT INTO `softwareengineering`.`diet` (`idDiet`, `idUser`, `idMeal`, `date`) VALUES (347, 0, 59, '2020-04-05');
INSERT INTO `softwareengineering`.`diet` (`idDiet`, `idUser`, `idMeal`, `date`) VALUES (348, 0, 59, '2020-04-05');
INSERT INTO `softwareengineering`.`weighttracking` (`idWeightTracking`, `idUser`, `date`, `weight`) VALUES (34, 0, '2020-04-05', 67.75);
INSERT INTO `softwareengineering`.`exerciselink` (`idLink`, `idUser`, `idExerciseSession`, `date`) VALUES (44, 0, 4, '2020-04-04');
INSERT INTO `softwareengineering`.`exerciselink` (`idLink`, `idUser`, `idExerciseSession`, `date`) VALUES (45, 0, 20, '2020-04-04');
INSERT INTO `softwareengineering`.`diet` (`idDiet`, `idUser`, `idMeal`, `date`) VALUES (349, 0, 5, '2020-04-04');
INSERT INTO `softwareengineering`.`diet` (`idDiet`, `idUser`, `idMeal`, `date`) VALUES (350, 0, 7, '2020-04-04');
INSERT INTO `softwareengineering`.`diet` (`idDiet`, `idUser`, `idMeal`, `date`) VALUES (351, 0, 20, '2020-04-04');
INSERT INTO `softwareengineering`.`diet` (`idDiet`, `idUser`, `idMeal`, `date`) VALUES (352, 0, 16, '2020-04-04');
INSERT INTO `softwareengineering`.`diet` (`idDiet`, `idUser`, `idMeal`, `date`) VALUES (353, 0, 32, '2020-04-04');
INSERT INTO `softwareengineering`.`diet` (`idDiet`, `idUser`, `idMeal`, `date`) VALUES (354, 0, 39, '2020-04-04');
INSERT INTO `softwareengineering`.`diet` (`idDiet`, `idUser`, `idMeal`, `date`) VALUES (355, 0, 33, '2020-04-04');
INSERT INTO `softwareengineering`.`diet` (`idDiet`, `idUser`, `idMeal`, `date`) VALUES (356, 0, 49, '2020-04-04');
INSERT INTO `softwareengineering`.`diet` (`idDiet`, `idUser`, `idMeal`, `date`) VALUES (357, 0, 57, '2020-04-04');
INSERT INTO `softwareengineering`.`weighttracking` (`idWeightTracking`, `idUser`, `date`, `weight`) VALUES (35, 0, '2020-04-04', 67.79);
INSERT INTO `softwareengineering`.`exerciselink` (`idLink`, `idUser`, `idExerciseSession`, `date`) VALUES (46, 0, 15, '2020-04-03');
INSERT INTO `softwareengineering`.`diet` (`idDiet`, `idUser`, `idMeal`, `date`) VALUES (358, 0, 11, '2020-04-03');
INSERT INTO `softwareengineering`.`diet` (`idDiet`, `idUser`, `idMeal`, `date`) VALUES (359, 0, 11, '2020-04-03');
INSERT INTO `softwareengineering`.`diet` (`idDiet`, `idUser`, `idMeal`, `date`) VALUES (360, 0, 21, '2020-04-03');
INSERT INTO `softwareengineering`.`diet` (`idDiet`, `idUser`, `idMeal`, `date`) VALUES (361, 0, 29, '2020-04-03');
INSERT INTO `softwareengineering`.`diet` (`idDiet`, `idUser`, `idMeal`, `date`) VALUES (362, 0, 22, '2020-04-03');
INSERT INTO `softwareengineering`.`diet` (`idDiet`, `idUser`, `idMeal`, `date`) VALUES (363, 0, 32, '2020-04-03');
INSERT INTO `softwareengineering`.`diet` (`idDiet`, `idUser`, `idMeal`, `date`) VALUES (364, 0, 38, '2020-04-03');
INSERT INTO `softwareengineering`.`diet` (`idDiet`, `idUser`, `idMeal`, `date`) VALUES (365, 0, 37, '2020-04-03');
INSERT INTO `softwareengineering`.`diet` (`idDiet`, `idUser`, `idMeal`, `date`) VALUES (366, 0, 50, '2020-04-03');
INSERT INTO `softwareengineering`.`diet` (`idDiet`, `idUser`, `idMeal`, `date`) VALUES (367, 0, 50, '2020-04-03');
INSERT INTO `softwareengineering`.`diet` (`idDiet`, `idUser`, `idMeal`, `date`) VALUES (368, 0, 54, '2020-04-03');
INSERT INTO `softwareengineering`.`weighttracking` (`idWeightTracking`, `idUser`, `date`, `weight`) VALUES (36, 0, '2020-04-03', 67.64);
INSERT INTO `softwareengineering`.`exerciselink` (`idLink`, `idUser`, `idExerciseSession`, `date`) VALUES (47, 0, 12, '2020-04-02');
INSERT INTO `softwareengineering`.`diet` (`idDiet`, `idUser`, `idMeal`, `date`) VALUES (369, 0, 11, '2020-04-02');
INSERT INTO `softwareengineering`.`diet` (`idDiet`, `idUser`, `idMeal`, `date`) VALUES (370, 0, 4, '2020-04-02');
INSERT INTO `softwareengineering`.`diet` (`idDiet`, `idUser`, `idMeal`, `date`) VALUES (371, 0, 13, '2020-04-02');
INSERT INTO `softwareengineering`.`diet` (`idDiet`, `idUser`, `idMeal`, `date`) VALUES (372, 0, 19, '2020-04-02');
INSERT INTO `softwareengineering`.`diet` (`idDiet`, `idUser`, `idMeal`, `date`) VALUES (373, 0, 25, '2020-04-02');
INSERT INTO `softwareengineering`.`diet` (`idDiet`, `idUser`, `idMeal`, `date`) VALUES (374, 0, 23, '2020-04-02');
INSERT INTO `softwareengineering`.`diet` (`idDiet`, `idUser`, `idMeal`, `date`) VALUES (375, 0, 41, '2020-04-02');
INSERT INTO `softwareengineering`.`diet` (`idDiet`, `idUser`, `idMeal`, `date`) VALUES (376, 0, 43, '2020-04-02');
INSERT INTO `softwareengineering`.`diet` (`idDiet`, `idUser`, `idMeal`, `date`) VALUES (377, 0, 56, '2020-04-02');
INSERT INTO `softwareengineering`.`diet` (`idDiet`, `idUser`, `idMeal`, `date`) VALUES (378, 0, 51, '2020-04-02');
INSERT INTO `softwareengineering`.`diet` (`idDiet`, `idUser`, `idMeal`, `date`) VALUES (379, 0, 57, '2020-04-02');
INSERT INTO `softwareengineering`.`weighttracking` (`idWeightTracking`, `idUser`, `date`, `weight`) VALUES (37, 0, '2020-04-02', 67.56);
INSERT INTO `softwareengineering`.`exerciselink` (`idLink`, `idUser`, `idExerciseSession`, `date`) VALUES (48, 0, 14, '2020-04-01');
INSERT INTO `softwareengineering`.`diet` (`idDiet`, `idUser`, `idMeal`, `date`) VALUES (380, 0, 5, '2020-04-01');
INSERT INTO `softwareengineering`.`diet` (`idDiet`, `idUser`, `idMeal`, `date`) VALUES (381, 0, 11, '2020-04-01');
INSERT INTO `softwareengineering`.`diet` (`idDiet`, `idUser`, `idMeal`, `date`) VALUES (382, 0, 1, '2020-04-01');
INSERT INTO `softwareengineering`.`diet` (`idDiet`, `idUser`, `idMeal`, `date`) VALUES (383, 0, 28, '2020-04-01');
INSERT INTO `softwareengineering`.`diet` (`idDiet`, `idUser`, `idMeal`, `date`) VALUES (384, 0, 29, '2020-04-01');
INSERT INTO `softwareengineering`.`diet` (`idDiet`, `idUser`, `idMeal`, `date`) VALUES (385, 0, 40, '2020-04-01');
INSERT INTO `softwareengineering`.`diet` (`idDiet`, `idUser`, `idMeal`, `date`) VALUES (386, 0, 39, '2020-04-01');
INSERT INTO `softwareengineering`.`diet` (`idDiet`, `idUser`, `idMeal`, `date`) VALUES (387, 0, 53, '2020-04-01');
INSERT INTO `softwareengineering`.`diet` (`idDiet`, `idUser`, `idMeal`, `date`) VALUES (388, 0, 51, '2020-04-01');
INSERT INTO `softwareengineering`.`diet` (`idDiet`, `idUser`, `idMeal`, `date`) VALUES (389, 0, 45, '2020-04-01');
INSERT INTO `softwareengineering`.`weighttracking` (`idWeightTracking`, `idUser`, `date`, `weight`) VALUES (38, 0, '2020-04-01', 67.43);
INSERT INTO `softwareengineering`.`exerciselink` (`idLink`, `idUser`, `idExerciseSession`, `date`) VALUES (49, 0, 21, '2020-03-31');
INSERT INTO `softwareengineering`.`diet` (`idDiet`, `idUser`, `idMeal`, `date`) VALUES (390, 0, 12, '2020-03-31');
INSERT INTO `softwareengineering`.`diet` (`idDiet`, `idUser`, `idMeal`, `date`) VALUES (391, 0, 2, '2020-03-31');
INSERT INTO `softwareengineering`.`diet` (`idDiet`, `idUser`, `idMeal`, `date`) VALUES (392, 0, 24, '2020-03-31');
INSERT INTO `softwareengineering`.`diet` (`idDiet`, `idUser`, `idMeal`, `date`) VALUES (393, 0, 19, '2020-03-31');
INSERT INTO `softwareengineering`.`diet` (`idDiet`, `idUser`, `idMeal`, `date`) VALUES (394, 0, 43, '2020-03-31');
INSERT INTO `softwareengineering`.`diet` (`idDiet`, `idUser`, `idMeal`, `date`) VALUES (395, 0, 31, '2020-03-31');
INSERT INTO `softwareengineering`.`diet` (`idDiet`, `idUser`, `idMeal`, `date`) VALUES (396, 0, 44, '2020-03-31');
INSERT INTO `softwareengineering`.`diet` (`idDiet`, `idUser`, `idMeal`, `date`) VALUES (397, 0, 45, '2020-03-31');
INSERT INTO `softwareengineering`.`diet` (`idDiet`, `idUser`, `idMeal`, `date`) VALUES (398, 0, 46, '2020-03-31');
INSERT INTO `softwareengineering`.`diet` (`idDiet`, `idUser`, `idMeal`, `date`) VALUES (399, 0, 57, '2020-03-31');
INSERT INTO `softwareengineering`.`weighttracking` (`idWeightTracking`, `idUser`, `date`, `weight`) VALUES (39, 0, '2020-03-31', 67.36);
INSERT INTO `softwareengineering`.`exerciselink` (`idLink`, `idUser`, `idExerciseSession`, `date`) VALUES (50, 0, 15, '2020-03-30');
INSERT INTO `softwareengineering`.`diet` (`idDiet`, `idUser`, `idMeal`, `date`) VALUES (400, 0, 8, '2020-03-30');
INSERT INTO `softwareengineering`.`diet` (`idDiet`, `idUser`, `idMeal`, `date`) VALUES (401, 0, 8, '2020-03-30');
INSERT INTO `softwareengineering`.`diet` (`idDiet`, `idUser`, `idMeal`, `date`) VALUES (402, 0, 9, '2020-03-30');
INSERT INTO `softwareengineering`.`diet` (`idDiet`, `idUser`, `idMeal`, `date`) VALUES (403, 0, 29, '2020-03-30');
INSERT INTO `softwareengineering`.`diet` (`idDiet`, `idUser`, `idMeal`, `date`) VALUES (404, 0, 22, '2020-03-30');
INSERT INTO `softwareengineering`.`diet` (`idDiet`, `idUser`, `idMeal`, `date`) VALUES (405, 0, 43, '2020-03-30');
INSERT INTO `softwareengineering`.`diet` (`idDiet`, `idUser`, `idMeal`, `date`) VALUES (406, 0, 34, '2020-03-30');
INSERT INTO `softwareengineering`.`diet` (`idDiet`, `idUser`, `idMeal`, `date`) VALUES (407, 0, 45, '2020-03-30');
INSERT INTO `softwareengineering`.`diet` (`idDiet`, `idUser`, `idMeal`, `date`) VALUES (408, 0, 56, '2020-03-30');
INSERT INTO `softwareengineering`.`diet` (`idDiet`, `idUser`, `idMeal`, `date`) VALUES (409, 0, 58, '2020-03-30');
INSERT INTO `softwareengineering`.`weighttracking` (`idWeightTracking`, `idUser`, `date`, `weight`) VALUES (40, 0, '2020-03-30', 67.18);
INSERT INTO `softwareengineering`.`exerciselink` (`idLink`, `idUser`, `idExerciseSession`, `date`) VALUES (51, 0, 2, '2020-03-29');
INSERT INTO `softwareengineering`.`exerciselink` (`idLink`, `idUser`, `idExerciseSession`, `date`) VALUES (52, 0, 21, '2020-03-29');
INSERT INTO `softwareengineering`.`diet` (`idDiet`, `idUser`, `idMeal`, `date`) VALUES (410, 0, 1, '2020-03-29');
INSERT INTO `softwareengineering`.`diet` (`idDiet`, `idUser`, `idMeal`, `date`) VALUES (411, 0, 6, '2020-03-29');
INSERT INTO `softwareengineering`.`diet` (`idDiet`, `idUser`, `idMeal`, `date`) VALUES (412, 0, 25, '2020-03-29');
INSERT INTO `softwareengineering`.`diet` (`idDiet`, `idUser`, `idMeal`, `date`) VALUES (413, 0, 21, '2020-03-29');
INSERT INTO `softwareengineering`.`diet` (`idDiet`, `idUser`, `idMeal`, `date`) VALUES (414, 0, 29, '2020-03-29');
INSERT INTO `softwareengineering`.`diet` (`idDiet`, `idUser`, `idMeal`, `date`) VALUES (415, 0, 32, '2020-03-29');
INSERT INTO `softwareengineering`.`diet` (`idDiet`, `idUser`, `idMeal`, `date`) VALUES (416, 0, 30, '2020-03-29');
INSERT INTO `softwareengineering`.`diet` (`idDiet`, `idUser`, `idMeal`, `date`) VALUES (417, 0, 43, '2020-03-29');
INSERT INTO `softwareengineering`.`diet` (`idDiet`, `idUser`, `idMeal`, `date`) VALUES (418, 0, 48, '2020-03-29');
INSERT INTO `softwareengineering`.`diet` (`idDiet`, `idUser`, `idMeal`, `date`) VALUES (419, 0, 56, '2020-03-29');
INSERT INTO `softwareengineering`.`weighttracking` (`idWeightTracking`, `idUser`, `date`, `weight`) VALUES (41, 0, '2020-03-29', 67.01);
INSERT INTO `softwareengineering`.`exerciselink` (`idLink`, `idUser`, `idExerciseSession`, `date`) VALUES (53, 0, 7, '2020-03-28');
INSERT INTO `softwareengineering`.`exerciselink` (`idLink`, `idUser`, `idExerciseSession`, `date`) VALUES (54, 0, 20, '2020-03-28');
INSERT INTO `softwareengineering`.`diet` (`idDiet`, `idUser`, `idMeal`, `date`) VALUES (420, 0, 4, '2020-03-28');
INSERT INTO `softwareengineering`.`diet` (`idDiet`, `idUser`, `idMeal`, `date`) VALUES (421, 0, 14, '2020-03-28');
INSERT INTO `softwareengineering`.`diet` (`idDiet`, `idUser`, `idMeal`, `date`) VALUES (422, 0, 10, '2020-03-28');
INSERT INTO `softwareengineering`.`diet` (`idDiet`, `idUser`, `idMeal`, `date`) VALUES (423, 0, 24, '2020-03-28');
INSERT INTO `softwareengineering`.`diet` (`idDiet`, `idUser`, `idMeal`, `date`) VALUES (424, 0, 19, '2020-03-28');
INSERT INTO `softwareengineering`.`diet` (`idDiet`, `idUser`, `idMeal`, `date`) VALUES (425, 0, 28, '2020-03-28');
INSERT INTO `softwareengineering`.`diet` (`idDiet`, `idUser`, `idMeal`, `date`) VALUES (426, 0, 42, '2020-03-28');
INSERT INTO `softwareengineering`.`diet` (`idDiet`, `idUser`, `idMeal`, `date`) VALUES (427, 0, 38, '2020-03-28');
INSERT INTO `softwareengineering`.`diet` (`idDiet`, `idUser`, `idMeal`, `date`) VALUES (428, 0, 44, '2020-03-28');
INSERT INTO `softwareengineering`.`diet` (`idDiet`, `idUser`, `idMeal`, `date`) VALUES (429, 0, 59, '2020-03-28');
INSERT INTO `softwareengineering`.`diet` (`idDiet`, `idUser`, `idMeal`, `date`) VALUES (430, 0, 55, '2020-03-28');
INSERT INTO `softwareengineering`.`weighttracking` (`idWeightTracking`, `idUser`, `date`, `weight`) VALUES (42, 0, '2020-03-28', 67.18);
INSERT INTO `softwareengineering`.`exerciselink` (`idLink`, `idUser`, `idExerciseSession`, `date`) VALUES (55, 0, 14, '2020-03-27');
INSERT INTO `softwareengineering`.`diet` (`idDiet`, `idUser`, `idMeal`, `date`) VALUES (431, 0, 10, '2020-03-27');
INSERT INTO `softwareengineering`.`diet` (`idDiet`, `idUser`, `idMeal`, `date`) VALUES (432, 0, 11, '2020-03-27');
INSERT INTO `softwareengineering`.`diet` (`idDiet`, `idUser`, `idMeal`, `date`) VALUES (433, 0, 8, '2020-03-27');
INSERT INTO `softwareengineering`.`diet` (`idDiet`, `idUser`, `idMeal`, `date`) VALUES (434, 0, 20, '2020-03-27');
INSERT INTO `softwareengineering`.`diet` (`idDiet`, `idUser`, `idMeal`, `date`) VALUES (435, 0, 15, '2020-03-27');
INSERT INTO `softwareengineering`.`diet` (`idDiet`, `idUser`, `idMeal`, `date`) VALUES (436, 0, 18, '2020-03-27');
INSERT INTO `softwareengineering`.`diet` (`idDiet`, `idUser`, `idMeal`, `date`) VALUES (437, 0, 37, '2020-03-27');
INSERT INTO `softwareengineering`.`diet` (`idDiet`, `idUser`, `idMeal`, `date`) VALUES (438, 0, 44, '2020-03-27');
INSERT INTO `softwareengineering`.`diet` (`idDiet`, `idUser`, `idMeal`, `date`) VALUES (439, 0, 47, '2020-03-27');
INSERT INTO `softwareengineering`.`diet` (`idDiet`, `idUser`, `idMeal`, `date`) VALUES (440, 0, 57, '2020-03-27');
INSERT INTO `softwareengineering`.`weighttracking` (`idWeightTracking`, `idUser`, `date`, `weight`) VALUES (43, 0, '2020-03-27', 67.27);
INSERT INTO `softwareengineering`.`exerciselink` (`idLink`, `idUser`, `idExerciseSession`, `date`) VALUES (56, 0, 10, '2020-03-26');
INSERT INTO `softwareengineering`.`exerciselink` (`idLink`, `idUser`, `idExerciseSession`, `date`) VALUES (57, 0, 17, '2020-03-26');
INSERT INTO `softwareengineering`.`diet` (`idDiet`, `idUser`, `idMeal`, `date`) VALUES (441, 0, 11, '2020-03-26');
INSERT INTO `softwareengineering`.`diet` (`idDiet`, `idUser`, `idMeal`, `date`) VALUES (442, 0, 2, '2020-03-26');
INSERT INTO `softwareengineering`.`diet` (`idDiet`, `idUser`, `idMeal`, `date`) VALUES (443, 0, 2, '2020-03-26');
INSERT INTO `softwareengineering`.`diet` (`idDiet`, `idUser`, `idMeal`, `date`) VALUES (444, 0, 16, '2020-03-26');
INSERT INTO `softwareengineering`.`diet` (`idDiet`, `idUser`, `idMeal`, `date`) VALUES (445, 0, 23, '2020-03-26');
INSERT INTO `softwareengineering`.`diet` (`idDiet`, `idUser`, `idMeal`, `date`) VALUES (446, 0, 32, '2020-03-26');
INSERT INTO `softwareengineering`.`diet` (`idDiet`, `idUser`, `idMeal`, `date`) VALUES (447, 0, 36, '2020-03-26');
INSERT INTO `softwareengineering`.`diet` (`idDiet`, `idUser`, `idMeal`, `date`) VALUES (448, 0, 43, '2020-03-26');
INSERT INTO `softwareengineering`.`diet` (`idDiet`, `idUser`, `idMeal`, `date`) VALUES (449, 0, 46, '2020-03-26');
INSERT INTO `softwareengineering`.`diet` (`idDiet`, `idUser`, `idMeal`, `date`) VALUES (450, 0, 52, '2020-03-26');
INSERT INTO `softwareengineering`.`weighttracking` (`idWeightTracking`, `idUser`, `date`, `weight`) VALUES (44, 0, '2020-03-26', 67.22);
INSERT INTO `softwareengineering`.`exerciselink` (`idLink`, `idUser`, `idExerciseSession`, `date`) VALUES (58, 0, 10, '2020-03-25');
INSERT INTO `softwareengineering`.`exerciselink` (`idLink`, `idUser`, `idExerciseSession`, `date`) VALUES (59, 0, 8, '2020-03-25');
INSERT INTO `softwareengineering`.`diet` (`idDiet`, `idUser`, `idMeal`, `date`) VALUES (451, 0, 13, '2020-03-25');
INSERT INTO `softwareengineering`.`diet` (`idDiet`, `idUser`, `idMeal`, `date`) VALUES (452, 0, 1, '2020-03-25');
INSERT INTO `softwareengineering`.`diet` (`idDiet`, `idUser`, `idMeal`, `date`) VALUES (453, 0, 18, '2020-03-25');
INSERT INTO `softwareengineering`.`diet` (`idDiet`, `idUser`, `idMeal`, `date`) VALUES (454, 0, 28, '2020-03-25');
INSERT INTO `softwareengineering`.`diet` (`idDiet`, `idUser`, `idMeal`, `date`) VALUES (455, 0, 20, '2020-03-25');
INSERT INTO `softwareengineering`.`diet` (`idDiet`, `idUser`, `idMeal`, `date`) VALUES (456, 0, 30, '2020-03-25');
INSERT INTO `softwareengineering`.`diet` (`idDiet`, `idUser`, `idMeal`, `date`) VALUES (457, 0, 40, '2020-03-25');
INSERT INTO `softwareengineering`.`diet` (`idDiet`, `idUser`, `idMeal`, `date`) VALUES (458, 0, 55, '2020-03-25');
INSERT INTO `softwareengineering`.`diet` (`idDiet`, `idUser`, `idMeal`, `date`) VALUES (459, 0, 58, '2020-03-25');
INSERT INTO `softwareengineering`.`weighttracking` (`idWeightTracking`, `idUser`, `date`, `weight`) VALUES (45, 0, '2020-03-25', 67.19);
INSERT INTO `softwareengineering`.`diet` (`idDiet`, `idUser`, `idMeal`, `date`) VALUES (460, 0, 2, '2020-03-24');
INSERT INTO `softwareengineering`.`diet` (`idDiet`, `idUser`, `idMeal`, `date`) VALUES (461, 0, 6, '2020-03-24');
INSERT INTO `softwareengineering`.`diet` (`idDiet`, `idUser`, `idMeal`, `date`) VALUES (462, 0, 7, '2020-03-24');
INSERT INTO `softwareengineering`.`diet` (`idDiet`, `idUser`, `idMeal`, `date`) VALUES (463, 0, 21, '2020-03-24');
INSERT INTO `softwareengineering`.`diet` (`idDiet`, `idUser`, `idMeal`, `date`) VALUES (464, 0, 26, '2020-03-24');
INSERT INTO `softwareengineering`.`diet` (`idDiet`, `idUser`, `idMeal`, `date`) VALUES (465, 0, 27, '2020-03-24');
INSERT INTO `softwareengineering`.`diet` (`idDiet`, `idUser`, `idMeal`, `date`) VALUES (466, 0, 34, '2020-03-24');
INSERT INTO `softwareengineering`.`diet` (`idDiet`, `idUser`, `idMeal`, `date`) VALUES (467, 0, 43, '2020-03-24');
INSERT INTO `softwareengineering`.`diet` (`idDiet`, `idUser`, `idMeal`, `date`) VALUES (468, 0, 52, '2020-03-24');
INSERT INTO `softwareengineering`.`diet` (`idDiet`, `idUser`, `idMeal`, `date`) VALUES (469, 0, 52, '2020-03-24');
INSERT INTO `softwareengineering`.`diet` (`idDiet`, `idUser`, `idMeal`, `date`) VALUES (470, 0, 56, '2020-03-24');
INSERT INTO `softwareengineering`.`weighttracking` (`idWeightTracking`, `idUser`, `date`, `weight`) VALUES (46, 0, '2020-03-24', 67.03);
INSERT INTO `softwareengineering`.`exerciselink` (`idLink`, `idUser`, `idExerciseSession`, `date`) VALUES (60, 0, 6, '2020-03-23');
INSERT INTO `softwareengineering`.`diet` (`idDiet`, `idUser`, `idMeal`, `date`) VALUES (471, 0, 1, '2020-03-23');
INSERT INTO `softwareengineering`.`diet` (`idDiet`, `idUser`, `idMeal`, `date`) VALUES (472, 0, 0, '2020-03-23');
INSERT INTO `softwareengineering`.`diet` (`idDiet`, `idUser`, `idMeal`, `date`) VALUES (473, 0, 3, '2020-03-23');
INSERT INTO `softwareengineering`.`diet` (`idDiet`, `idUser`, `idMeal`, `date`) VALUES (474, 0, 29, '2020-03-23');
INSERT INTO `softwareengineering`.`diet` (`idDiet`, `idUser`, `idMeal`, `date`) VALUES (475, 0, 23, '2020-03-23');
INSERT INTO `softwareengineering`.`diet` (`idDiet`, `idUser`, `idMeal`, `date`) VALUES (476, 0, 36, '2020-03-23');
INSERT INTO `softwareengineering`.`diet` (`idDiet`, `idUser`, `idMeal`, `date`) VALUES (477, 0, 42, '2020-03-23');
INSERT INTO `softwareengineering`.`diet` (`idDiet`, `idUser`, `idMeal`, `date`) VALUES (478, 0, 47, '2020-03-23');
INSERT INTO `softwareengineering`.`diet` (`idDiet`, `idUser`, `idMeal`, `date`) VALUES (479, 0, 58, '2020-03-23');
INSERT INTO `softwareengineering`.`weighttracking` (`idWeightTracking`, `idUser`, `date`, `weight`) VALUES (47, 0, '2020-03-23', 66.99);
INSERT INTO `softwareengineering`.`diet` (`idDiet`, `idUser`, `idMeal`, `date`) VALUES (480, 0, 13, '2020-03-22');
INSERT INTO `softwareengineering`.`diet` (`idDiet`, `idUser`, `idMeal`, `date`) VALUES (481, 0, 1, '2020-03-22');
INSERT INTO `softwareengineering`.`diet` (`idDiet`, `idUser`, `idMeal`, `date`) VALUES (482, 0, 8, '2020-03-22');
INSERT INTO `softwareengineering`.`diet` (`idDiet`, `idUser`, `idMeal`, `date`) VALUES (483, 0, 17, '2020-03-22');
INSERT INTO `softwareengineering`.`diet` (`idDiet`, `idUser`, `idMeal`, `date`) VALUES (484, 0, 21, '2020-03-22');
INSERT INTO `softwareengineering`.`diet` (`idDiet`, `idUser`, `idMeal`, `date`) VALUES (485, 0, 36, '2020-03-22');
INSERT INTO `softwareengineering`.`diet` (`idDiet`, `idUser`, `idMeal`, `date`) VALUES (486, 0, 41, '2020-03-22');
INSERT INTO `softwareengineering`.`diet` (`idDiet`, `idUser`, `idMeal`, `date`) VALUES (487, 0, 45, '2020-03-22');
INSERT INTO `softwareengineering`.`diet` (`idDiet`, `idUser`, `idMeal`, `date`) VALUES (488, 0, 52, '2020-03-22');
INSERT INTO `softwareengineering`.`diet` (`idDiet`, `idUser`, `idMeal`, `date`) VALUES (489, 0, 45, '2020-03-22');
INSERT INTO `softwareengineering`.`weighttracking` (`idWeightTracking`, `idUser`, `date`, `weight`) VALUES (48, 0, '2020-03-22', 67.22);
INSERT INTO `softwareengineering`.`exerciselink` (`idLink`, `idUser`, `idExerciseSession`, `date`) VALUES (61, 0, 13, '2020-03-21');
INSERT INTO `softwareengineering`.`exerciselink` (`idLink`, `idUser`, `idExerciseSession`, `date`) VALUES (62, 0, 1, '2020-03-21');
INSERT INTO `softwareengineering`.`diet` (`idDiet`, `idUser`, `idMeal`, `date`) VALUES (490, 0, 13, '2020-03-21');
INSERT INTO `softwareengineering`.`diet` (`idDiet`, `idUser`, `idMeal`, `date`) VALUES (491, 0, 7, '2020-03-21');
INSERT INTO `softwareengineering`.`diet` (`idDiet`, `idUser`, `idMeal`, `date`) VALUES (492, 0, 24, '2020-03-21');
INSERT INTO `softwareengineering`.`diet` (`idDiet`, `idUser`, `idMeal`, `date`) VALUES (493, 0, 24, '2020-03-21');
INSERT INTO `softwareengineering`.`diet` (`idDiet`, `idUser`, `idMeal`, `date`) VALUES (494, 0, 39, '2020-03-21');
INSERT INTO `softwareengineering`.`diet` (`idDiet`, `idUser`, `idMeal`, `date`) VALUES (495, 0, 42, '2020-03-21');
INSERT INTO `softwareengineering`.`diet` (`idDiet`, `idUser`, `idMeal`, `date`) VALUES (496, 0, 56, '2020-03-21');
INSERT INTO `softwareengineering`.`diet` (`idDiet`, `idUser`, `idMeal`, `date`) VALUES (497, 0, 59, '2020-03-21');
INSERT INTO `softwareengineering`.`weighttracking` (`idWeightTracking`, `idUser`, `date`, `weight`) VALUES (49, 0, '2020-03-21', 67.41);
INSERT INTO `softwareengineering`.`diet` (`idDiet`, `idUser`, `idMeal`, `date`) VALUES (498, 0, 10, '2020-03-20');
INSERT INTO `softwareengineering`.`diet` (`idDiet`, `idUser`, `idMeal`, `date`) VALUES (499, 0, 8, '2020-03-20');
INSERT INTO `softwareengineering`.`diet` (`idDiet`, `idUser`, `idMeal`, `date`) VALUES (500, 0, 20, '2020-03-20');
INSERT INTO `softwareengineering`.`diet` (`idDiet`, `idUser`, `idMeal`, `date`) VALUES (501, 0, 16, '2020-03-20');
INSERT INTO `softwareengineering`.`diet` (`idDiet`, `idUser`, `idMeal`, `date`) VALUES (502, 0, 37, '2020-03-20');
INSERT INTO `softwareengineering`.`diet` (`idDiet`, `idUser`, `idMeal`, `date`) VALUES (503, 0, 30, '2020-03-20');
INSERT INTO `softwareengineering`.`diet` (`idDiet`, `idUser`, `idMeal`, `date`) VALUES (504, 0, 39, '2020-03-20');
INSERT INTO `softwareengineering`.`diet` (`idDiet`, `idUser`, `idMeal`, `date`) VALUES (505, 0, 54, '2020-03-20');
INSERT INTO `softwareengineering`.`diet` (`idDiet`, `idUser`, `idMeal`, `date`) VALUES (506, 0, 46, '2020-03-20');
INSERT INTO `softwareengineering`.`weighttracking` (`idWeightTracking`, `idUser`, `date`, `weight`) VALUES (50, 0, '2020-03-20', 67.34);
INSERT INTO `softwareengineering`.`exerciselink` (`idLink`, `idUser`, `idExerciseSession`, `date`) VALUES (63, 0, 7, '2020-03-19');
INSERT INTO `softwareengineering`.`exerciselink` (`idLink`, `idUser`, `idExerciseSession`, `date`) VALUES (64, 0, 10, '2020-03-19');
INSERT INTO `softwareengineering`.`diet` (`idDiet`, `idUser`, `idMeal`, `date`) VALUES (507, 0, 4, '2020-03-19');
INSERT INTO `softwareengineering`.`diet` (`idDiet`, `idUser`, `idMeal`, `date`) VALUES (508, 0, 0, '2020-03-19');
INSERT INTO `softwareengineering`.`diet` (`idDiet`, `idUser`, `idMeal`, `date`) VALUES (509, 0, 11, '2020-03-19');
INSERT INTO `softwareengineering`.`diet` (`idDiet`, `idUser`, `idMeal`, `date`) VALUES (510, 0, 18, '2020-03-19');
INSERT INTO `softwareengineering`.`diet` (`idDiet`, `idUser`, `idMeal`, `date`) VALUES (511, 0, 19, '2020-03-19');
INSERT INTO `softwareengineering`.`diet` (`idDiet`, `idUser`, `idMeal`, `date`) VALUES (512, 0, 36, '2020-03-19');
INSERT INTO `softwareengineering`.`diet` (`idDiet`, `idUser`, `idMeal`, `date`) VALUES (513, 0, 41, '2020-03-19');
INSERT INTO `softwareengineering`.`diet` (`idDiet`, `idUser`, `idMeal`, `date`) VALUES (514, 0, 43, '2020-03-19');
INSERT INTO `softwareengineering`.`diet` (`idDiet`, `idUser`, `idMeal`, `date`) VALUES (515, 0, 51, '2020-03-19');
INSERT INTO `softwareengineering`.`diet` (`idDiet`, `idUser`, `idMeal`, `date`) VALUES (516, 0, 52, '2020-03-19');
INSERT INTO `softwareengineering`.`diet` (`idDiet`, `idUser`, `idMeal`, `date`) VALUES (517, 0, 52, '2020-03-19');
INSERT INTO `softwareengineering`.`weighttracking` (`idWeightTracking`, `idUser`, `date`, `weight`) VALUES (51, 0, '2020-03-19', 67.14);
INSERT INTO `softwareengineering`.`exerciselink` (`idLink`, `idUser`, `idExerciseSession`, `date`) VALUES (65, 0, 8, '2020-03-18');
INSERT INTO `softwareengineering`.`exerciselink` (`idLink`, `idUser`, `idExerciseSession`, `date`) VALUES (66, 0, 14, '2020-03-18');
INSERT INTO `softwareengineering`.`diet` (`idDiet`, `idUser`, `idMeal`, `date`) VALUES (518, 0, 10, '2020-03-18');
INSERT INTO `softwareengineering`.`diet` (`idDiet`, `idUser`, `idMeal`, `date`) VALUES (519, 0, 10, '2020-03-18');
INSERT INTO `softwareengineering`.`diet` (`idDiet`, `idUser`, `idMeal`, `date`) VALUES (520, 0, 17, '2020-03-18');
INSERT INTO `softwareengineering`.`diet` (`idDiet`, `idUser`, `idMeal`, `date`) VALUES (521, 0, 27, '2020-03-18');
INSERT INTO `softwareengineering`.`diet` (`idDiet`, `idUser`, `idMeal`, `date`) VALUES (522, 0, 18, '2020-03-18');
INSERT INTO `softwareengineering`.`diet` (`idDiet`, `idUser`, `idMeal`, `date`) VALUES (523, 0, 34, '2020-03-18');
INSERT INTO `softwareengineering`.`diet` (`idDiet`, `idUser`, `idMeal`, `date`) VALUES (524, 0, 43, '2020-03-18');
INSERT INTO `softwareengineering`.`diet` (`idDiet`, `idUser`, `idMeal`, `date`) VALUES (525, 0, 41, '2020-03-18');
INSERT INTO `softwareengineering`.`diet` (`idDiet`, `idUser`, `idMeal`, `date`) VALUES (526, 0, 58, '2020-03-18');
INSERT INTO `softwareengineering`.`diet` (`idDiet`, `idUser`, `idMeal`, `date`) VALUES (527, 0, 48, '2020-03-18');
INSERT INTO `softwareengineering`.`diet` (`idDiet`, `idUser`, `idMeal`, `date`) VALUES (528, 0, 52, '2020-03-18');
INSERT INTO `softwareengineering`.`weighttracking` (`idWeightTracking`, `idUser`, `date`, `weight`) VALUES (52, 0, '2020-03-18', 67.34);
INSERT INTO `softwareengineering`.`diet` (`idDiet`, `idUser`, `idMeal`, `date`) VALUES (529, 0, 13, '2020-03-17');
INSERT INTO `softwareengineering`.`diet` (`idDiet`, `idUser`, `idMeal`, `date`) VALUES (530, 0, 6, '2020-03-17');
INSERT INTO `softwareengineering`.`diet` (`idDiet`, `idUser`, `idMeal`, `date`) VALUES (531, 0, 18, '2020-03-17');
INSERT INTO `softwareengineering`.`diet` (`idDiet`, `idUser`, `idMeal`, `date`) VALUES (532, 0, 16, '2020-03-17');
INSERT INTO `softwareengineering`.`diet` (`idDiet`, `idUser`, `idMeal`, `date`) VALUES (533, 0, 33, '2020-03-17');
INSERT INTO `softwareengineering`.`diet` (`idDiet`, `idUser`, `idMeal`, `date`) VALUES (534, 0, 32, '2020-03-17');
INSERT INTO `softwareengineering`.`diet` (`idDiet`, `idUser`, `idMeal`, `date`) VALUES (535, 0, 42, '2020-03-17');
INSERT INTO `softwareengineering`.`diet` (`idDiet`, `idUser`, `idMeal`, `date`) VALUES (536, 0, 45, '2020-03-17');
INSERT INTO `softwareengineering`.`diet` (`idDiet`, `idUser`, `idMeal`, `date`) VALUES (537, 0, 59, '2020-03-17');
INSERT INTO `softwareengineering`.`diet` (`idDiet`, `idUser`, `idMeal`, `date`) VALUES (538, 0, 55, '2020-03-17');
INSERT INTO `softwareengineering`.`weighttracking` (`idWeightTracking`, `idUser`, `date`, `weight`) VALUES (53, 0, '2020-03-17', 67.23);
INSERT INTO `softwareengineering`.`exerciselink` (`idLink`, `idUser`, `idExerciseSession`, `date`) VALUES (67, 0, 18, '2020-03-16');
INSERT INTO `softwareengineering`.`diet` (`idDiet`, `idUser`, `idMeal`, `date`) VALUES (539, 0, 1, '2020-03-16');
INSERT INTO `softwareengineering`.`diet` (`idDiet`, `idUser`, `idMeal`, `date`) VALUES (540, 0, 6, '2020-03-16');
INSERT INTO `softwareengineering`.`diet` (`idDiet`, `idUser`, `idMeal`, `date`) VALUES (541, 0, 19, '2020-03-16');
INSERT INTO `softwareengineering`.`diet` (`idDiet`, `idUser`, `idMeal`, `date`) VALUES (542, 0, 18, '2020-03-16');
INSERT INTO `softwareengineering`.`diet` (`idDiet`, `idUser`, `idMeal`, `date`) VALUES (543, 0, 38, '2020-03-16');
INSERT INTO `softwareengineering`.`diet` (`idDiet`, `idUser`, `idMeal`, `date`) VALUES (544, 0, 44, '2020-03-16');
INSERT INTO `softwareengineering`.`diet` (`idDiet`, `idUser`, `idMeal`, `date`) VALUES (545, 0, 47, '2020-03-16');
INSERT INTO `softwareengineering`.`diet` (`idDiet`, `idUser`, `idMeal`, `date`) VALUES (546, 0, 49, '2020-03-16');
INSERT INTO `softwareengineering`.`weighttracking` (`idWeightTracking`, `idUser`, `date`, `weight`) VALUES (54, 0, '2020-03-16', 67.42);
INSERT INTO `softwareengineering`.`exerciselink` (`idLink`, `idUser`, `idExerciseSession`, `date`) VALUES (68, 0, 8, '2020-03-15');
INSERT INTO `softwareengineering`.`exerciselink` (`idLink`, `idUser`, `idExerciseSession`, `date`) VALUES (69, 0, 8, '2020-03-15');
INSERT INTO `softwareengineering`.`diet` (`idDiet`, `idUser`, `idMeal`, `date`) VALUES (547, 0, 14, '2020-03-15');
INSERT INTO `softwareengineering`.`diet` (`idDiet`, `idUser`, `idMeal`, `date`) VALUES (548, 0, 5, '2020-03-15');
INSERT INTO `softwareengineering`.`diet` (`idDiet`, `idUser`, `idMeal`, `date`) VALUES (549, 0, 26, '2020-03-15');
INSERT INTO `softwareengineering`.`diet` (`idDiet`, `idUser`, `idMeal`, `date`) VALUES (550, 0, 25, '2020-03-15');
INSERT INTO `softwareengineering`.`diet` (`idDiet`, `idUser`, `idMeal`, `date`) VALUES (551, 0, 21, '2020-03-15');
INSERT INTO `softwareengineering`.`diet` (`idDiet`, `idUser`, `idMeal`, `date`) VALUES (552, 0, 41, '2020-03-15');
INSERT INTO `softwareengineering`.`diet` (`idDiet`, `idUser`, `idMeal`, `date`) VALUES (553, 0, 32, '2020-03-15');
INSERT INTO `softwareengineering`.`diet` (`idDiet`, `idUser`, `idMeal`, `date`) VALUES (554, 0, 53, '2020-03-15');
INSERT INTO `softwareengineering`.`diet` (`idDiet`, `idUser`, `idMeal`, `date`) VALUES (555, 0, 46, '2020-03-15');
INSERT INTO `softwareengineering`.`weighttracking` (`idWeightTracking`, `idUser`, `date`, `weight`) VALUES (55, 0, '2020-03-15', 67.68);
INSERT INTO `softwareengineering`.`user` (`idUser`, `forename`, `surname`, `email`, `username`, `password`, `DOB`, `height`, `gender`, `weight`, `calories`) VALUES (1, 'Janice', 'Frey', 'Janice.Frey@gmail.com', 'JaniceFrey', 'wmi5bVbTY03seUX75IhFdQ==', '1995-06-08' , 172, 'F', 72.63, 1520);
INSERT INTO `softwareengineering`.`diet` (`idDiet`, `idUser`, `idMeal`, `date`) VALUES (556, 1, 12, '2020-05-09');
INSERT INTO `softwareengineering`.`diet` (`idDiet`, `idUser`, `idMeal`, `date`) VALUES (557, 1, 5, '2020-05-09');
INSERT INTO `softwareengineering`.`diet` (`idDiet`, `idUser`, `idMeal`, `date`) VALUES (558, 1, 4, '2020-05-09');
INSERT INTO `softwareengineering`.`diet` (`idDiet`, `idUser`, `idMeal`, `date`) VALUES (559, 1, 19, '2020-05-09');
INSERT INTO `softwareengineering`.`diet` (`idDiet`, `idUser`, `idMeal`, `date`) VALUES (560, 1, 21, '2020-05-09');
INSERT INTO `softwareengineering`.`diet` (`idDiet`, `idUser`, `idMeal`, `date`) VALUES (561, 1, 20, '2020-05-09');
INSERT INTO `softwareengineering`.`diet` (`idDiet`, `idUser`, `idMeal`, `date`) VALUES (562, 1, 37, '2020-05-09');
INSERT INTO `softwareengineering`.`diet` (`idDiet`, `idUser`, `idMeal`, `date`) VALUES (563, 1, 39, '2020-05-09');
INSERT INTO `softwareengineering`.`diet` (`idDiet`, `idUser`, `idMeal`, `date`) VALUES (564, 1, 56, '2020-05-09');
INSERT INTO `softwareengineering`.`diet` (`idDiet`, `idUser`, `idMeal`, `date`) VALUES (565, 1, 57, '2020-05-09');
INSERT INTO `softwareengineering`.`weighttracking` (`idWeightTracking`, `idUser`, `date`, `weight`) VALUES (56, 1, '2020-05-09', 72.65);
INSERT INTO `softwareengineering`.`diet` (`idDiet`, `idUser`, `idMeal`, `date`) VALUES (566, 1, 2, '2020-05-08');
INSERT INTO `softwareengineering`.`diet` (`idDiet`, `idUser`, `idMeal`, `date`) VALUES (567, 1, 9, '2020-05-08');
INSERT INTO `softwareengineering`.`diet` (`idDiet`, `idUser`, `idMeal`, `date`) VALUES (568, 1, 6, '2020-05-08');
INSERT INTO `softwareengineering`.`diet` (`idDiet`, `idUser`, `idMeal`, `date`) VALUES (569, 1, 25, '2020-05-08');
INSERT INTO `softwareengineering`.`diet` (`idDiet`, `idUser`, `idMeal`, `date`) VALUES (570, 1, 22, '2020-05-08');
INSERT INTO `softwareengineering`.`diet` (`idDiet`, `idUser`, `idMeal`, `date`) VALUES (571, 1, 22, '2020-05-08');
INSERT INTO `softwareengineering`.`diet` (`idDiet`, `idUser`, `idMeal`, `date`) VALUES (572, 1, 41, '2020-05-08');
INSERT INTO `softwareengineering`.`diet` (`idDiet`, `idUser`, `idMeal`, `date`) VALUES (573, 1, 44, '2020-05-08');
INSERT INTO `softwareengineering`.`diet` (`idDiet`, `idUser`, `idMeal`, `date`) VALUES (574, 1, 56, '2020-05-08');
INSERT INTO `softwareengineering`.`diet` (`idDiet`, `idUser`, `idMeal`, `date`) VALUES (575, 1, 49, '2020-05-08');
INSERT INTO `softwareengineering`.`weighttracking` (`idWeightTracking`, `idUser`, `date`, `weight`) VALUES (57, 1, '2020-05-08', 72.72);
INSERT INTO `softwareengineering`.`exerciselink` (`idLink`, `idUser`, `idExerciseSession`, `date`) VALUES (70, 1, 8, '2020-05-07');
INSERT INTO `softwareengineering`.`diet` (`idDiet`, `idUser`, `idMeal`, `date`) VALUES (576, 1, 2, '2020-05-07');
INSERT INTO `softwareengineering`.`diet` (`idDiet`, `idUser`, `idMeal`, `date`) VALUES (577, 1, 0, '2020-05-07');
INSERT INTO `softwareengineering`.`diet` (`idDiet`, `idUser`, `idMeal`, `date`) VALUES (578, 1, 2, '2020-05-07');
INSERT INTO `softwareengineering`.`diet` (`idDiet`, `idUser`, `idMeal`, `date`) VALUES (579, 1, 26, '2020-05-07');
INSERT INTO `softwareengineering`.`diet` (`idDiet`, `idUser`, `idMeal`, `date`) VALUES (580, 1, 24, '2020-05-07');
INSERT INTO `softwareengineering`.`diet` (`idDiet`, `idUser`, `idMeal`, `date`) VALUES (581, 1, 35, '2020-05-07');
INSERT INTO `softwareengineering`.`diet` (`idDiet`, `idUser`, `idMeal`, `date`) VALUES (582, 1, 43, '2020-05-07');
INSERT INTO `softwareengineering`.`diet` (`idDiet`, `idUser`, `idMeal`, `date`) VALUES (583, 1, 35, '2020-05-07');
INSERT INTO `softwareengineering`.`diet` (`idDiet`, `idUser`, `idMeal`, `date`) VALUES (584, 1, 48, '2020-05-07');
INSERT INTO `softwareengineering`.`diet` (`idDiet`, `idUser`, `idMeal`, `date`) VALUES (585, 1, 57, '2020-05-07');
INSERT INTO `softwareengineering`.`diet` (`idDiet`, `idUser`, `idMeal`, `date`) VALUES (586, 1, 54, '2020-05-07');
INSERT INTO `softwareengineering`.`weighttracking` (`idWeightTracking`, `idUser`, `date`, `weight`) VALUES (58, 1, '2020-05-07', 72.92);
INSERT INTO `softwareengineering`.`diet` (`idDiet`, `idUser`, `idMeal`, `date`) VALUES (587, 1, 8, '2020-05-06');
INSERT INTO `softwareengineering`.`diet` (`idDiet`, `idUser`, `idMeal`, `date`) VALUES (588, 1, 6, '2020-05-06');
INSERT INTO `softwareengineering`.`diet` (`idDiet`, `idUser`, `idMeal`, `date`) VALUES (589, 1, 13, '2020-05-06');
INSERT INTO `softwareengineering`.`diet` (`idDiet`, `idUser`, `idMeal`, `date`) VALUES (590, 1, 21, '2020-05-06');
INSERT INTO `softwareengineering`.`diet` (`idDiet`, `idUser`, `idMeal`, `date`) VALUES (591, 1, 27, '2020-05-06');
INSERT INTO `softwareengineering`.`diet` (`idDiet`, `idUser`, `idMeal`, `date`) VALUES (592, 1, 31, '2020-05-06');
INSERT INTO `softwareengineering`.`diet` (`idDiet`, `idUser`, `idMeal`, `date`) VALUES (593, 1, 34, '2020-05-06');
INSERT INTO `softwareengineering`.`diet` (`idDiet`, `idUser`, `idMeal`, `date`) VALUES (594, 1, 36, '2020-05-06');
INSERT INTO `softwareengineering`.`diet` (`idDiet`, `idUser`, `idMeal`, `date`) VALUES (595, 1, 55, '2020-05-06');
INSERT INTO `softwareengineering`.`diet` (`idDiet`, `idUser`, `idMeal`, `date`) VALUES (596, 1, 51, '2020-05-06');
INSERT INTO `softwareengineering`.`weighttracking` (`idWeightTracking`, `idUser`, `date`, `weight`) VALUES (59, 1, '2020-05-06', 73.07);
INSERT INTO `softwareengineering`.`exerciselink` (`idLink`, `idUser`, `idExerciseSession`, `date`) VALUES (71, 1, 20, '2020-05-05');
INSERT INTO `softwareengineering`.`exerciselink` (`idLink`, `idUser`, `idExerciseSession`, `date`) VALUES (72, 1, 1, '2020-05-05');
INSERT INTO `softwareengineering`.`diet` (`idDiet`, `idUser`, `idMeal`, `date`) VALUES (597, 1, 8, '2020-05-05');
INSERT INTO `softwareengineering`.`diet` (`idDiet`, `idUser`, `idMeal`, `date`) VALUES (598, 1, 3, '2020-05-05');
INSERT INTO `softwareengineering`.`diet` (`idDiet`, `idUser`, `idMeal`, `date`) VALUES (599, 1, 10, '2020-05-05');
INSERT INTO `softwareengineering`.`diet` (`idDiet`, `idUser`, `idMeal`, `date`) VALUES (600, 1, 20, '2020-05-05');
INSERT INTO `softwareengineering`.`diet` (`idDiet`, `idUser`, `idMeal`, `date`) VALUES (601, 1, 27, '2020-05-05');
INSERT INTO `softwareengineering`.`diet` (`idDiet`, `idUser`, `idMeal`, `date`) VALUES (602, 1, 16, '2020-05-05');
INSERT INTO `softwareengineering`.`diet` (`idDiet`, `idUser`, `idMeal`, `date`) VALUES (603, 1, 35, '2020-05-05');
INSERT INTO `softwareengineering`.`diet` (`idDiet`, `idUser`, `idMeal`, `date`) VALUES (604, 1, 40, '2020-05-05');
INSERT INTO `softwareengineering`.`diet` (`idDiet`, `idUser`, `idMeal`, `date`) VALUES (605, 1, 43, '2020-05-05');
INSERT INTO `softwareengineering`.`diet` (`idDiet`, `idUser`, `idMeal`, `date`) VALUES (606, 1, 45, '2020-05-05');
INSERT INTO `softwareengineering`.`diet` (`idDiet`, `idUser`, `idMeal`, `date`) VALUES (607, 1, 49, '2020-05-05');
INSERT INTO `softwareengineering`.`weighttracking` (`idWeightTracking`, `idUser`, `date`, `weight`) VALUES (60, 1, '2020-05-05', 73.22);
INSERT INTO `softwareengineering`.`diet` (`idDiet`, `idUser`, `idMeal`, `date`) VALUES (608, 1, 13, '2020-05-04');
INSERT INTO `softwareengineering`.`diet` (`idDiet`, `idUser`, `idMeal`, `date`) VALUES (609, 1, 4, '2020-05-04');
INSERT INTO `softwareengineering`.`diet` (`idDiet`, `idUser`, `idMeal`, `date`) VALUES (610, 1, 12, '2020-05-04');
INSERT INTO `softwareengineering`.`diet` (`idDiet`, `idUser`, `idMeal`, `date`) VALUES (611, 1, 20, '2020-05-04');
INSERT INTO `softwareengineering`.`diet` (`idDiet`, `idUser`, `idMeal`, `date`) VALUES (612, 1, 15, '2020-05-04');
INSERT INTO `softwareengineering`.`diet` (`idDiet`, `idUser`, `idMeal`, `date`) VALUES (613, 1, 24, '2020-05-04');
INSERT INTO `softwareengineering`.`diet` (`idDiet`, `idUser`, `idMeal`, `date`) VALUES (614, 1, 41, '2020-05-04');
INSERT INTO `softwareengineering`.`diet` (`idDiet`, `idUser`, `idMeal`, `date`) VALUES (615, 1, 35, '2020-05-04');
INSERT INTO `softwareengineering`.`diet` (`idDiet`, `idUser`, `idMeal`, `date`) VALUES (616, 1, 36, '2020-05-04');
INSERT INTO `softwareengineering`.`diet` (`idDiet`, `idUser`, `idMeal`, `date`) VALUES (617, 1, 49, '2020-05-04');
INSERT INTO `softwareengineering`.`diet` (`idDiet`, `idUser`, `idMeal`, `date`) VALUES (618, 1, 57, '2020-05-04');
INSERT INTO `softwareengineering`.`weighttracking` (`idWeightTracking`, `idUser`, `date`, `weight`) VALUES (61, 1, '2020-05-04', 73.09);
INSERT INTO `softwareengineering`.`exerciselink` (`idLink`, `idUser`, `idExerciseSession`, `date`) VALUES (73, 1, 14, '2020-05-03');
INSERT INTO `softwareengineering`.`exerciselink` (`idLink`, `idUser`, `idExerciseSession`, `date`) VALUES (74, 1, 6, '2020-05-03');
INSERT INTO `softwareengineering`.`diet` (`idDiet`, `idUser`, `idMeal`, `date`) VALUES (619, 1, 6, '2020-05-03');
INSERT INTO `softwareengineering`.`diet` (`idDiet`, `idUser`, `idMeal`, `date`) VALUES (620, 1, 1, '2020-05-03');
INSERT INTO `softwareengineering`.`diet` (`idDiet`, `idUser`, `idMeal`, `date`) VALUES (621, 1, 18, '2020-05-03');
INSERT INTO `softwareengineering`.`diet` (`idDiet`, `idUser`, `idMeal`, `date`) VALUES (622, 1, 25, '2020-05-03');
INSERT INTO `softwareengineering`.`diet` (`idDiet`, `idUser`, `idMeal`, `date`) VALUES (623, 1, 15, '2020-05-03');
INSERT INTO `softwareengineering`.`diet` (`idDiet`, `idUser`, `idMeal`, `date`) VALUES (624, 1, 33, '2020-05-03');
INSERT INTO `softwareengineering`.`diet` (`idDiet`, `idUser`, `idMeal`, `date`) VALUES (625, 1, 32, '2020-05-03');
INSERT INTO `softwareengineering`.`diet` (`idDiet`, `idUser`, `idMeal`, `date`) VALUES (626, 1, 38, '2020-05-03');
INSERT INTO `softwareengineering`.`diet` (`idDiet`, `idUser`, `idMeal`, `date`) VALUES (627, 1, 50, '2020-05-03');
INSERT INTO `softwareengineering`.`diet` (`idDiet`, `idUser`, `idMeal`, `date`) VALUES (628, 1, 47, '2020-05-03');
INSERT INTO `softwareengineering`.`weighttracking` (`idWeightTracking`, `idUser`, `date`, `weight`) VALUES (62, 1, '2020-05-03', 73.27);
INSERT INTO `softwareengineering`.`exerciselink` (`idLink`, `idUser`, `idExerciseSession`, `date`) VALUES (75, 1, 11, '2020-05-02');
INSERT INTO `softwareengineering`.`exerciselink` (`idLink`, `idUser`, `idExerciseSession`, `date`) VALUES (76, 1, 15, '2020-05-02');
INSERT INTO `softwareengineering`.`diet` (`idDiet`, `idUser`, `idMeal`, `date`) VALUES (629, 1, 10, '2020-05-02');
INSERT INTO `softwareengineering`.`diet` (`idDiet`, `idUser`, `idMeal`, `date`) VALUES (630, 1, 7, '2020-05-02');
INSERT INTO `softwareengineering`.`diet` (`idDiet`, `idUser`, `idMeal`, `date`) VALUES (631, 1, 17, '2020-05-02');
INSERT INTO `softwareengineering`.`diet` (`idDiet`, `idUser`, `idMeal`, `date`) VALUES (632, 1, 15, '2020-05-02');
INSERT INTO `softwareengineering`.`diet` (`idDiet`, `idUser`, `idMeal`, `date`) VALUES (633, 1, 18, '2020-05-02');
INSERT INTO `softwareengineering`.`diet` (`idDiet`, `idUser`, `idMeal`, `date`) VALUES (634, 1, 38, '2020-05-02');
INSERT INTO `softwareengineering`.`diet` (`idDiet`, `idUser`, `idMeal`, `date`) VALUES (635, 1, 38, '2020-05-02');
INSERT INTO `softwareengineering`.`diet` (`idDiet`, `idUser`, `idMeal`, `date`) VALUES (636, 1, 49, '2020-05-02');
INSERT INTO `softwareengineering`.`diet` (`idDiet`, `idUser`, `idMeal`, `date`) VALUES (637, 1, 58, '2020-05-02');
INSERT INTO `softwareengineering`.`diet` (`idDiet`, `idUser`, `idMeal`, `date`) VALUES (638, 1, 46, '2020-05-02');
INSERT INTO `softwareengineering`.`weighttracking` (`idWeightTracking`, `idUser`, `date`, `weight`) VALUES (63, 1, '2020-05-02', 73.47);
INSERT INTO `softwareengineering`.`diet` (`idDiet`, `idUser`, `idMeal`, `date`) VALUES (639, 1, 11, '2020-05-01');
INSERT INTO `softwareengineering`.`diet` (`idDiet`, `idUser`, `idMeal`, `date`) VALUES (640, 1, 1, '2020-05-01');
INSERT INTO `softwareengineering`.`diet` (`idDiet`, `idUser`, `idMeal`, `date`) VALUES (641, 1, 0, '2020-05-01');
INSERT INTO `softwareengineering`.`diet` (`idDiet`, `idUser`, `idMeal`, `date`) VALUES (642, 1, 28, '2020-05-01');
INSERT INTO `softwareengineering`.`diet` (`idDiet`, `idUser`, `idMeal`, `date`) VALUES (643, 1, 23, '2020-05-01');
INSERT INTO `softwareengineering`.`diet` (`idDiet`, `idUser`, `idMeal`, `date`) VALUES (644, 1, 27, '2020-05-01');
INSERT INTO `softwareengineering`.`diet` (`idDiet`, `idUser`, `idMeal`, `date`) VALUES (645, 1, 43, '2020-05-01');
INSERT INTO `softwareengineering`.`diet` (`idDiet`, `idUser`, `idMeal`, `date`) VALUES (646, 1, 39, '2020-05-01');
INSERT INTO `softwareengineering`.`diet` (`idDiet`, `idUser`, `idMeal`, `date`) VALUES (647, 1, 59, '2020-05-01');
INSERT INTO `softwareengineering`.`diet` (`idDiet`, `idUser`, `idMeal`, `date`) VALUES (648, 1, 46, '2020-05-01');
INSERT INTO `softwareengineering`.`diet` (`idDiet`, `idUser`, `idMeal`, `date`) VALUES (649, 1, 57, '2020-05-01');
INSERT INTO `softwareengineering`.`weighttracking` (`idWeightTracking`, `idUser`, `date`, `weight`) VALUES (64, 1, '2020-05-01', 73.3);
INSERT INTO `softwareengineering`.`diet` (`idDiet`, `idUser`, `idMeal`, `date`) VALUES (650, 1, 9, '2020-04-30');
INSERT INTO `softwareengineering`.`diet` (`idDiet`, `idUser`, `idMeal`, `date`) VALUES (651, 1, 11, '2020-04-30');
INSERT INTO `softwareengineering`.`diet` (`idDiet`, `idUser`, `idMeal`, `date`) VALUES (652, 1, 4, '2020-04-30');
INSERT INTO `softwareengineering`.`diet` (`idDiet`, `idUser`, `idMeal`, `date`) VALUES (653, 1, 26, '2020-04-30');
INSERT INTO `softwareengineering`.`diet` (`idDiet`, `idUser`, `idMeal`, `date`) VALUES (654, 1, 25, '2020-04-30');
INSERT INTO `softwareengineering`.`diet` (`idDiet`, `idUser`, `idMeal`, `date`) VALUES (655, 1, 38, '2020-04-30');
INSERT INTO `softwareengineering`.`diet` (`idDiet`, `idUser`, `idMeal`, `date`) VALUES (656, 1, 35, '2020-04-30');
INSERT INTO `softwareengineering`.`diet` (`idDiet`, `idUser`, `idMeal`, `date`) VALUES (657, 1, 59, '2020-04-30');
INSERT INTO `softwareengineering`.`diet` (`idDiet`, `idUser`, `idMeal`, `date`) VALUES (658, 1, 47, '2020-04-30');
INSERT INTO `softwareengineering`.`diet` (`idDiet`, `idUser`, `idMeal`, `date`) VALUES (659, 1, 53, '2020-04-30');
INSERT INTO `softwareengineering`.`weighttracking` (`idWeightTracking`, `idUser`, `date`, `weight`) VALUES (65, 1, '2020-04-30', 73.4);
INSERT INTO `softwareengineering`.`exerciselink` (`idLink`, `idUser`, `idExerciseSession`, `date`) VALUES (77, 1, 5, '2020-04-29');
INSERT INTO `softwareengineering`.`diet` (`idDiet`, `idUser`, `idMeal`, `date`) VALUES (660, 1, 2, '2020-04-29');
INSERT INTO `softwareengineering`.`diet` (`idDiet`, `idUser`, `idMeal`, `date`) VALUES (661, 1, 7, '2020-04-29');
INSERT INTO `softwareengineering`.`diet` (`idDiet`, `idUser`, `idMeal`, `date`) VALUES (662, 1, 21, '2020-04-29');
INSERT INTO `softwareengineering`.`diet` (`idDiet`, `idUser`, `idMeal`, `date`) VALUES (663, 1, 18, '2020-04-29');
INSERT INTO `softwareengineering`.`diet` (`idDiet`, `idUser`, `idMeal`, `date`) VALUES (664, 1, 35, '2020-04-29');
INSERT INTO `softwareengineering`.`diet` (`idDiet`, `idUser`, `idMeal`, `date`) VALUES (665, 1, 41, '2020-04-29');
INSERT INTO `softwareengineering`.`diet` (`idDiet`, `idUser`, `idMeal`, `date`) VALUES (666, 1, 55, '2020-04-29');
INSERT INTO `softwareengineering`.`diet` (`idDiet`, `idUser`, `idMeal`, `date`) VALUES (667, 1, 54, '2020-04-29');
INSERT INTO `softwareengineering`.`weighttracking` (`idWeightTracking`, `idUser`, `date`, `weight`) VALUES (66, 1, '2020-04-29', 73.67);
INSERT INTO `softwareengineering`.`exerciselink` (`idLink`, `idUser`, `idExerciseSession`, `date`) VALUES (78, 1, 20, '2020-04-28');
INSERT INTO `softwareengineering`.`diet` (`idDiet`, `idUser`, `idMeal`, `date`) VALUES (668, 1, 11, '2020-04-28');
INSERT INTO `softwareengineering`.`diet` (`idDiet`, `idUser`, `idMeal`, `date`) VALUES (669, 1, 10, '2020-04-28');
INSERT INTO `softwareengineering`.`diet` (`idDiet`, `idUser`, `idMeal`, `date`) VALUES (670, 1, 25, '2020-04-28');
INSERT INTO `softwareengineering`.`diet` (`idDiet`, `idUser`, `idMeal`, `date`) VALUES (671, 1, 18, '2020-04-28');
INSERT INTO `softwareengineering`.`diet` (`idDiet`, `idUser`, `idMeal`, `date`) VALUES (672, 1, 25, '2020-04-28');
INSERT INTO `softwareengineering`.`diet` (`idDiet`, `idUser`, `idMeal`, `date`) VALUES (673, 1, 33, '2020-04-28');
INSERT INTO `softwareengineering`.`diet` (`idDiet`, `idUser`, `idMeal`, `date`) VALUES (674, 1, 35, '2020-04-28');
INSERT INTO `softwareengineering`.`diet` (`idDiet`, `idUser`, `idMeal`, `date`) VALUES (675, 1, 49, '2020-04-28');
INSERT INTO `softwareengineering`.`diet` (`idDiet`, `idUser`, `idMeal`, `date`) VALUES (676, 1, 57, '2020-04-28');
INSERT INTO `softwareengineering`.`diet` (`idDiet`, `idUser`, `idMeal`, `date`) VALUES (677, 1, 54, '2020-04-28');
INSERT INTO `softwareengineering`.`weighttracking` (`idWeightTracking`, `idUser`, `date`, `weight`) VALUES (67, 1, '2020-04-28', 73.92);
INSERT INTO `softwareengineering`.`diet` (`idDiet`, `idUser`, `idMeal`, `date`) VALUES (678, 1, 7, '2020-04-27');
INSERT INTO `softwareengineering`.`diet` (`idDiet`, `idUser`, `idMeal`, `date`) VALUES (679, 1, 14, '2020-04-27');
INSERT INTO `softwareengineering`.`diet` (`idDiet`, `idUser`, `idMeal`, `date`) VALUES (680, 1, 24, '2020-04-27');
INSERT INTO `softwareengineering`.`diet` (`idDiet`, `idUser`, `idMeal`, `date`) VALUES (681, 1, 18, '2020-04-27');
INSERT INTO `softwareengineering`.`diet` (`idDiet`, `idUser`, `idMeal`, `date`) VALUES (682, 1, 36, '2020-04-27');
INSERT INTO `softwareengineering`.`diet` (`idDiet`, `idUser`, `idMeal`, `date`) VALUES (683, 1, 42, '2020-04-27');
INSERT INTO `softwareengineering`.`diet` (`idDiet`, `idUser`, `idMeal`, `date`) VALUES (684, 1, 43, '2020-04-27');
INSERT INTO `softwareengineering`.`diet` (`idDiet`, `idUser`, `idMeal`, `date`) VALUES (685, 1, 45, '2020-04-27');
INSERT INTO `softwareengineering`.`diet` (`idDiet`, `idUser`, `idMeal`, `date`) VALUES (686, 1, 48, '2020-04-27');
INSERT INTO `softwareengineering`.`weighttracking` (`idWeightTracking`, `idUser`, `date`, `weight`) VALUES (68, 1, '2020-04-27', 74.08);
INSERT INTO `softwareengineering`.`diet` (`idDiet`, `idUser`, `idMeal`, `date`) VALUES (687, 1, 1, '2020-04-26');
INSERT INTO `softwareengineering`.`diet` (`idDiet`, `idUser`, `idMeal`, `date`) VALUES (688, 1, 0, '2020-04-26');
INSERT INTO `softwareengineering`.`diet` (`idDiet`, `idUser`, `idMeal`, `date`) VALUES (689, 1, 8, '2020-04-26');
INSERT INTO `softwareengineering`.`diet` (`idDiet`, `idUser`, `idMeal`, `date`) VALUES (690, 1, 20, '2020-04-26');
INSERT INTO `softwareengineering`.`diet` (`idDiet`, `idUser`, `idMeal`, `date`) VALUES (691, 1, 15, '2020-04-26');
INSERT INTO `softwareengineering`.`diet` (`idDiet`, `idUser`, `idMeal`, `date`) VALUES (692, 1, 20, '2020-04-26');
INSERT INTO `softwareengineering`.`diet` (`idDiet`, `idUser`, `idMeal`, `date`) VALUES (693, 1, 35, '2020-04-26');
INSERT INTO `softwareengineering`.`diet` (`idDiet`, `idUser`, `idMeal`, `date`) VALUES (694, 1, 35, '2020-04-26');
INSERT INTO `softwareengineering`.`diet` (`idDiet`, `idUser`, `idMeal`, `date`) VALUES (695, 1, 59, '2020-04-26');
INSERT INTO `softwareengineering`.`diet` (`idDiet`, `idUser`, `idMeal`, `date`) VALUES (696, 1, 47, '2020-04-26');
INSERT INTO `softwareengineering`.`diet` (`idDiet`, `idUser`, `idMeal`, `date`) VALUES (697, 1, 45, '2020-04-26');
INSERT INTO `softwareengineering`.`weighttracking` (`idWeightTracking`, `idUser`, `date`, `weight`) VALUES (69, 1, '2020-04-26', 73.92);
INSERT INTO `softwareengineering`.`exerciselink` (`idLink`, `idUser`, `idExerciseSession`, `date`) VALUES (79, 1, 2, '2020-04-25');
INSERT INTO `softwareengineering`.`exerciselink` (`idLink`, `idUser`, `idExerciseSession`, `date`) VALUES (80, 1, 15, '2020-04-25');
INSERT INTO `softwareengineering`.`diet` (`idDiet`, `idUser`, `idMeal`, `date`) VALUES (698, 1, 9, '2020-04-25');
INSERT INTO `softwareengineering`.`diet` (`idDiet`, `idUser`, `idMeal`, `date`) VALUES (699, 1, 6, '2020-04-25');
INSERT INTO `softwareengineering`.`diet` (`idDiet`, `idUser`, `idMeal`, `date`) VALUES (700, 1, 19, '2020-04-25');
INSERT INTO `softwareengineering`.`diet` (`idDiet`, `idUser`, `idMeal`, `date`) VALUES (701, 1, 17, '2020-04-25');
INSERT INTO `softwareengineering`.`diet` (`idDiet`, `idUser`, `idMeal`, `date`) VALUES (702, 1, 30, '2020-04-25');
INSERT INTO `softwareengineering`.`diet` (`idDiet`, `idUser`, `idMeal`, `date`) VALUES (703, 1, 32, '2020-04-25');
INSERT INTO `softwareengineering`.`diet` (`idDiet`, `idUser`, `idMeal`, `date`) VALUES (704, 1, 59, '2020-04-25');
INSERT INTO `softwareengineering`.`diet` (`idDiet`, `idUser`, `idMeal`, `date`) VALUES (705, 1, 55, '2020-04-25');
INSERT INTO `softwareengineering`.`weighttracking` (`idWeightTracking`, `idUser`, `date`, `weight`) VALUES (70, 1, '2020-04-25', 73.78);
INSERT INTO `softwareengineering`.`diet` (`idDiet`, `idUser`, `idMeal`, `date`) VALUES (706, 1, 13, '2020-04-24');
INSERT INTO `softwareengineering`.`diet` (`idDiet`, `idUser`, `idMeal`, `date`) VALUES (707, 1, 13, '2020-04-24');
INSERT INTO `softwareengineering`.`diet` (`idDiet`, `idUser`, `idMeal`, `date`) VALUES (708, 1, 17, '2020-04-24');
INSERT INTO `softwareengineering`.`diet` (`idDiet`, `idUser`, `idMeal`, `date`) VALUES (709, 1, 17, '2020-04-24');
INSERT INTO `softwareengineering`.`diet` (`idDiet`, `idUser`, `idMeal`, `date`) VALUES (710, 1, 15, '2020-04-24');
INSERT INTO `softwareengineering`.`diet` (`idDiet`, `idUser`, `idMeal`, `date`) VALUES (711, 1, 33, '2020-04-24');
INSERT INTO `softwareengineering`.`diet` (`idDiet`, `idUser`, `idMeal`, `date`) VALUES (712, 1, 32, '2020-04-24');
INSERT INTO `softwareengineering`.`diet` (`idDiet`, `idUser`, `idMeal`, `date`) VALUES (713, 1, 31, '2020-04-24');
INSERT INTO `softwareengineering`.`diet` (`idDiet`, `idUser`, `idMeal`, `date`) VALUES (714, 1, 47, '2020-04-24');
INSERT INTO `softwareengineering`.`diet` (`idDiet`, `idUser`, `idMeal`, `date`) VALUES (715, 1, 53, '2020-04-24');
INSERT INTO `softwareengineering`.`weighttracking` (`idWeightTracking`, `idUser`, `date`, `weight`) VALUES (71, 1, '2020-04-24', 73.61);
INSERT INTO `softwareengineering`.`exerciselink` (`idLink`, `idUser`, `idExerciseSession`, `date`) VALUES (81, 1, 16, '2020-04-23');
INSERT INTO `softwareengineering`.`diet` (`idDiet`, `idUser`, `idMeal`, `date`) VALUES (716, 1, 5, '2020-04-23');
INSERT INTO `softwareengineering`.`diet` (`idDiet`, `idUser`, `idMeal`, `date`) VALUES (717, 1, 7, '2020-04-23');
INSERT INTO `softwareengineering`.`diet` (`idDiet`, `idUser`, `idMeal`, `date`) VALUES (718, 1, 21, '2020-04-23');
INSERT INTO `softwareengineering`.`diet` (`idDiet`, `idUser`, `idMeal`, `date`) VALUES (719, 1, 27, '2020-04-23');
INSERT INTO `softwareengineering`.`diet` (`idDiet`, `idUser`, `idMeal`, `date`) VALUES (720, 1, 38, '2020-04-23');
INSERT INTO `softwareengineering`.`diet` (`idDiet`, `idUser`, `idMeal`, `date`) VALUES (721, 1, 39, '2020-04-23');
INSERT INTO `softwareengineering`.`diet` (`idDiet`, `idUser`, `idMeal`, `date`) VALUES (722, 1, 42, '2020-04-23');
INSERT INTO `softwareengineering`.`diet` (`idDiet`, `idUser`, `idMeal`, `date`) VALUES (723, 1, 59, '2020-04-23');
INSERT INTO `softwareengineering`.`diet` (`idDiet`, `idUser`, `idMeal`, `date`) VALUES (724, 1, 49, '2020-04-23');
INSERT INTO `softwareengineering`.`weighttracking` (`idWeightTracking`, `idUser`, `date`, `weight`) VALUES (72, 1, '2020-04-23', 73.64);
INSERT INTO `softwareengineering`.`exerciselink` (`idLink`, `idUser`, `idExerciseSession`, `date`) VALUES (82, 1, 14, '2020-04-22');
INSERT INTO `softwareengineering`.`exerciselink` (`idLink`, `idUser`, `idExerciseSession`, `date`) VALUES (83, 1, 12, '2020-04-22');
INSERT INTO `softwareengineering`.`diet` (`idDiet`, `idUser`, `idMeal`, `date`) VALUES (725, 1, 2, '2020-04-22');
INSERT INTO `softwareengineering`.`diet` (`idDiet`, `idUser`, `idMeal`, `date`) VALUES (726, 1, 8, '2020-04-22');
INSERT INTO `softwareengineering`.`diet` (`idDiet`, `idUser`, `idMeal`, `date`) VALUES (727, 1, 2, '2020-04-22');
INSERT INTO `softwareengineering`.`diet` (`idDiet`, `idUser`, `idMeal`, `date`) VALUES (728, 1, 18, '2020-04-22');
INSERT INTO `softwareengineering`.`diet` (`idDiet`, `idUser`, `idMeal`, `date`) VALUES (729, 1, 20, '2020-04-22');
INSERT INTO `softwareengineering`.`diet` (`idDiet`, `idUser`, `idMeal`, `date`) VALUES (730, 1, 35, '2020-04-22');
INSERT INTO `softwareengineering`.`diet` (`idDiet`, `idUser`, `idMeal`, `date`) VALUES (731, 1, 44, '2020-04-22');
INSERT INTO `softwareengineering`.`diet` (`idDiet`, `idUser`, `idMeal`, `date`) VALUES (732, 1, 39, '2020-04-22');
INSERT INTO `softwareengineering`.`diet` (`idDiet`, `idUser`, `idMeal`, `date`) VALUES (733, 1, 56, '2020-04-22');
INSERT INTO `softwareengineering`.`diet` (`idDiet`, `idUser`, `idMeal`, `date`) VALUES (734, 1, 52, '2020-04-22');
INSERT INTO `softwareengineering`.`weighttracking` (`idWeightTracking`, `idUser`, `date`, `weight`) VALUES (73, 1, '2020-04-22', 73.64);
INSERT INTO `softwareengineering`.`diet` (`idDiet`, `idUser`, `idMeal`, `date`) VALUES (735, 1, 10, '2020-04-21');
INSERT INTO `softwareengineering`.`diet` (`idDiet`, `idUser`, `idMeal`, `date`) VALUES (736, 1, 3, '2020-04-21');
INSERT INTO `softwareengineering`.`diet` (`idDiet`, `idUser`, `idMeal`, `date`) VALUES (737, 1, 24, '2020-04-21');
INSERT INTO `softwareengineering`.`diet` (`idDiet`, `idUser`, `idMeal`, `date`) VALUES (738, 1, 19, '2020-04-21');
INSERT INTO `softwareengineering`.`diet` (`idDiet`, `idUser`, `idMeal`, `date`) VALUES (739, 1, 15, '2020-04-21');
INSERT INTO `softwareengineering`.`diet` (`idDiet`, `idUser`, `idMeal`, `date`) VALUES (740, 1, 43, '2020-04-21');
INSERT INTO `softwareengineering`.`diet` (`idDiet`, `idUser`, `idMeal`, `date`) VALUES (741, 1, 40, '2020-04-21');
INSERT INTO `softwareengineering`.`diet` (`idDiet`, `idUser`, `idMeal`, `date`) VALUES (742, 1, 59, '2020-04-21');
INSERT INTO `softwareengineering`.`diet` (`idDiet`, `idUser`, `idMeal`, `date`) VALUES (743, 1, 59, '2020-04-21');
INSERT INTO `softwareengineering`.`weighttracking` (`idWeightTracking`, `idUser`, `date`, `weight`) VALUES (74, 1, '2020-04-21', 73.8);
INSERT INTO `softwareengineering`.`diet` (`idDiet`, `idUser`, `idMeal`, `date`) VALUES (744, 1, 0, '2020-04-20');
INSERT INTO `softwareengineering`.`diet` (`idDiet`, `idUser`, `idMeal`, `date`) VALUES (745, 1, 14, '2020-04-20');
INSERT INTO `softwareengineering`.`diet` (`idDiet`, `idUser`, `idMeal`, `date`) VALUES (746, 1, 20, '2020-04-20');
INSERT INTO `softwareengineering`.`diet` (`idDiet`, `idUser`, `idMeal`, `date`) VALUES (747, 1, 15, '2020-04-20');
INSERT INTO `softwareengineering`.`diet` (`idDiet`, `idUser`, `idMeal`, `date`) VALUES (748, 1, 27, '2020-04-20');
INSERT INTO `softwareengineering`.`diet` (`idDiet`, `idUser`, `idMeal`, `date`) VALUES (749, 1, 38, '2020-04-20');
INSERT INTO `softwareengineering`.`diet` (`idDiet`, `idUser`, `idMeal`, `date`) VALUES (750, 1, 43, '2020-04-20');
INSERT INTO `softwareengineering`.`diet` (`idDiet`, `idUser`, `idMeal`, `date`) VALUES (751, 1, 57, '2020-04-20');
INSERT INTO `softwareengineering`.`diet` (`idDiet`, `idUser`, `idMeal`, `date`) VALUES (752, 1, 54, '2020-04-20');
INSERT INTO `softwareengineering`.`weighttracking` (`idWeightTracking`, `idUser`, `date`, `weight`) VALUES (75, 1, '2020-04-20', 73.81);
INSERT INTO `softwareengineering`.`exerciselink` (`idLink`, `idUser`, `idExerciseSession`, `date`) VALUES (84, 1, 24, '2020-04-19');
INSERT INTO `softwareengineering`.`exerciselink` (`idLink`, `idUser`, `idExerciseSession`, `date`) VALUES (85, 1, 10, '2020-04-19');
INSERT INTO `softwareengineering`.`diet` (`idDiet`, `idUser`, `idMeal`, `date`) VALUES (753, 1, 2, '2020-04-19');
INSERT INTO `softwareengineering`.`diet` (`idDiet`, `idUser`, `idMeal`, `date`) VALUES (754, 1, 12, '2020-04-19');
INSERT INTO `softwareengineering`.`diet` (`idDiet`, `idUser`, `idMeal`, `date`) VALUES (755, 1, 29, '2020-04-19');
INSERT INTO `softwareengineering`.`diet` (`idDiet`, `idUser`, `idMeal`, `date`) VALUES (756, 1, 18, '2020-04-19');
INSERT INTO `softwareengineering`.`diet` (`idDiet`, `idUser`, `idMeal`, `date`) VALUES (757, 1, 36, '2020-04-19');
INSERT INTO `softwareengineering`.`diet` (`idDiet`, `idUser`, `idMeal`, `date`) VALUES (758, 1, 36, '2020-04-19');
INSERT INTO `softwareengineering`.`diet` (`idDiet`, `idUser`, `idMeal`, `date`) VALUES (759, 1, 32, '2020-04-19');
INSERT INTO `softwareengineering`.`diet` (`idDiet`, `idUser`, `idMeal`, `date`) VALUES (760, 1, 48, '2020-04-19');
INSERT INTO `softwareengineering`.`diet` (`idDiet`, `idUser`, `idMeal`, `date`) VALUES (761, 1, 59, '2020-04-19');
INSERT INTO `softwareengineering`.`diet` (`idDiet`, `idUser`, `idMeal`, `date`) VALUES (762, 1, 52, '2020-04-19');
INSERT INTO `softwareengineering`.`weighttracking` (`idWeightTracking`, `idUser`, `date`, `weight`) VALUES (76, 1, '2020-04-19', 73.75);
INSERT INTO `softwareengineering`.`exerciselink` (`idLink`, `idUser`, `idExerciseSession`, `date`) VALUES (86, 1, 3, '2020-04-18');
INSERT INTO `softwareengineering`.`exerciselink` (`idLink`, `idUser`, `idExerciseSession`, `date`) VALUES (87, 1, 0, '2020-04-18');
INSERT INTO `softwareengineering`.`diet` (`idDiet`, `idUser`, `idMeal`, `date`) VALUES (763, 1, 0, '2020-04-18');
INSERT INTO `softwareengineering`.`diet` (`idDiet`, `idUser`, `idMeal`, `date`) VALUES (764, 1, 7, '2020-04-18');
INSERT INTO `softwareengineering`.`diet` (`idDiet`, `idUser`, `idMeal`, `date`) VALUES (765, 1, 26, '2020-04-18');
INSERT INTO `softwareengineering`.`diet` (`idDiet`, `idUser`, `idMeal`, `date`) VALUES (766, 1, 15, '2020-04-18');
INSERT INTO `softwareengineering`.`diet` (`idDiet`, `idUser`, `idMeal`, `date`) VALUES (767, 1, 36, '2020-04-18');
INSERT INTO `softwareengineering`.`diet` (`idDiet`, `idUser`, `idMeal`, `date`) VALUES (768, 1, 36, '2020-04-18');
INSERT INTO `softwareengineering`.`diet` (`idDiet`, `idUser`, `idMeal`, `date`) VALUES (769, 1, 49, '2020-04-18');
INSERT INTO `softwareengineering`.`diet` (`idDiet`, `idUser`, `idMeal`, `date`) VALUES (770, 1, 52, '2020-04-18');
INSERT INTO `softwareengineering`.`weighttracking` (`idWeightTracking`, `idUser`, `date`, `weight`) VALUES (77, 1, '2020-04-18', 73.98);
INSERT INTO `softwareengineering`.`diet` (`idDiet`, `idUser`, `idMeal`, `date`) VALUES (771, 1, 12, '2020-04-17');
INSERT INTO `softwareengineering`.`diet` (`idDiet`, `idUser`, `idMeal`, `date`) VALUES (772, 1, 4, '2020-04-17');
INSERT INTO `softwareengineering`.`diet` (`idDiet`, `idUser`, `idMeal`, `date`) VALUES (773, 1, 12, '2020-04-17');
INSERT INTO `softwareengineering`.`diet` (`idDiet`, `idUser`, `idMeal`, `date`) VALUES (774, 1, 24, '2020-04-17');
INSERT INTO `softwareengineering`.`diet` (`idDiet`, `idUser`, `idMeal`, `date`) VALUES (775, 1, 27, '2020-04-17');
INSERT INTO `softwareengineering`.`diet` (`idDiet`, `idUser`, `idMeal`, `date`) VALUES (776, 1, 32, '2020-04-17');
INSERT INTO `softwareengineering`.`diet` (`idDiet`, `idUser`, `idMeal`, `date`) VALUES (777, 1, 32, '2020-04-17');
INSERT INTO `softwareengineering`.`diet` (`idDiet`, `idUser`, `idMeal`, `date`) VALUES (778, 1, 46, '2020-04-17');
INSERT INTO `softwareengineering`.`diet` (`idDiet`, `idUser`, `idMeal`, `date`) VALUES (779, 1, 45, '2020-04-17');
INSERT INTO `softwareengineering`.`weighttracking` (`idWeightTracking`, `idUser`, `date`, `weight`) VALUES (78, 1, '2020-04-17', 74.04);
INSERT INTO `softwareengineering`.`diet` (`idDiet`, `idUser`, `idMeal`, `date`) VALUES (780, 1, 11, '2020-04-16');
INSERT INTO `softwareengineering`.`diet` (`idDiet`, `idUser`, `idMeal`, `date`) VALUES (781, 1, 8, '2020-04-16');
INSERT INTO `softwareengineering`.`diet` (`idDiet`, `idUser`, `idMeal`, `date`) VALUES (782, 1, 11, '2020-04-16');
INSERT INTO `softwareengineering`.`diet` (`idDiet`, `idUser`, `idMeal`, `date`) VALUES (783, 1, 24, '2020-04-16');
INSERT INTO `softwareengineering`.`diet` (`idDiet`, `idUser`, `idMeal`, `date`) VALUES (784, 1, 26, '2020-04-16');
INSERT INTO `softwareengineering`.`diet` (`idDiet`, `idUser`, `idMeal`, `date`) VALUES (785, 1, 23, '2020-04-16');
INSERT INTO `softwareengineering`.`diet` (`idDiet`, `idUser`, `idMeal`, `date`) VALUES (786, 1, 36, '2020-04-16');
INSERT INTO `softwareengineering`.`diet` (`idDiet`, `idUser`, `idMeal`, `date`) VALUES (787, 1, 34, '2020-04-16');
INSERT INTO `softwareengineering`.`diet` (`idDiet`, `idUser`, `idMeal`, `date`) VALUES (788, 1, 31, '2020-04-16');
INSERT INTO `softwareengineering`.`diet` (`idDiet`, `idUser`, `idMeal`, `date`) VALUES (789, 1, 55, '2020-04-16');
INSERT INTO `softwareengineering`.`diet` (`idDiet`, `idUser`, `idMeal`, `date`) VALUES (790, 1, 57, '2020-04-16');
INSERT INTO `softwareengineering`.`weighttracking` (`idWeightTracking`, `idUser`, `date`, `weight`) VALUES (79, 1, '2020-04-16', 74.02);
INSERT INTO `softwareengineering`.`diet` (`idDiet`, `idUser`, `idMeal`, `date`) VALUES (791, 1, 8, '2020-04-15');
INSERT INTO `softwareengineering`.`diet` (`idDiet`, `idUser`, `idMeal`, `date`) VALUES (792, 1, 6, '2020-04-15');
INSERT INTO `softwareengineering`.`diet` (`idDiet`, `idUser`, `idMeal`, `date`) VALUES (793, 1, 27, '2020-04-15');
INSERT INTO `softwareengineering`.`diet` (`idDiet`, `idUser`, `idMeal`, `date`) VALUES (794, 1, 24, '2020-04-15');
INSERT INTO `softwareengineering`.`diet` (`idDiet`, `idUser`, `idMeal`, `date`) VALUES (795, 1, 31, '2020-04-15');
INSERT INTO `softwareengineering`.`diet` (`idDiet`, `idUser`, `idMeal`, `date`) VALUES (796, 1, 41, '2020-04-15');
INSERT INTO `softwareengineering`.`diet` (`idDiet`, `idUser`, `idMeal`, `date`) VALUES (797, 1, 54, '2020-04-15');
INSERT INTO `softwareengineering`.`diet` (`idDiet`, `idUser`, `idMeal`, `date`) VALUES (798, 1, 52, '2020-04-15');
INSERT INTO `softwareengineering`.`weighttracking` (`idWeightTracking`, `idUser`, `date`, `weight`) VALUES (80, 1, '2020-04-15', 74.14);
INSERT INTO `softwareengineering`.`diet` (`idDiet`, `idUser`, `idMeal`, `date`) VALUES (799, 1, 9, '2020-04-14');
INSERT INTO `softwareengineering`.`diet` (`idDiet`, `idUser`, `idMeal`, `date`) VALUES (800, 1, 8, '2020-04-14');
INSERT INTO `softwareengineering`.`diet` (`idDiet`, `idUser`, `idMeal`, `date`) VALUES (801, 1, 5, '2020-04-14');
INSERT INTO `softwareengineering`.`diet` (`idDiet`, `idUser`, `idMeal`, `date`) VALUES (802, 1, 20, '2020-04-14');
INSERT INTO `softwareengineering`.`diet` (`idDiet`, `idUser`, `idMeal`, `date`) VALUES (803, 1, 29, '2020-04-14');
INSERT INTO `softwareengineering`.`diet` (`idDiet`, `idUser`, `idMeal`, `date`) VALUES (804, 1, 26, '2020-04-14');
INSERT INTO `softwareengineering`.`diet` (`idDiet`, `idUser`, `idMeal`, `date`) VALUES (805, 1, 31, '2020-04-14');
INSERT INTO `softwareengineering`.`diet` (`idDiet`, `idUser`, `idMeal`, `date`) VALUES (806, 1, 44, '2020-04-14');
INSERT INTO `softwareengineering`.`diet` (`idDiet`, `idUser`, `idMeal`, `date`) VALUES (807, 1, 36, '2020-04-14');
INSERT INTO `softwareengineering`.`diet` (`idDiet`, `idUser`, `idMeal`, `date`) VALUES (808, 1, 46, '2020-04-14');
INSERT INTO `softwareengineering`.`diet` (`idDiet`, `idUser`, `idMeal`, `date`) VALUES (809, 1, 46, '2020-04-14');
INSERT INTO `softwareengineering`.`diet` (`idDiet`, `idUser`, `idMeal`, `date`) VALUES (810, 1, 52, '2020-04-14');
INSERT INTO `softwareengineering`.`weighttracking` (`idWeightTracking`, `idUser`, `date`, `weight`) VALUES (81, 1, '2020-04-14', 74.37);
INSERT INTO `softwareengineering`.`diet` (`idDiet`, `idUser`, `idMeal`, `date`) VALUES (811, 1, 6, '2020-04-13');
INSERT INTO `softwareengineering`.`diet` (`idDiet`, `idUser`, `idMeal`, `date`) VALUES (812, 1, 9, '2020-04-13');
INSERT INTO `softwareengineering`.`diet` (`idDiet`, `idUser`, `idMeal`, `date`) VALUES (813, 1, 21, '2020-04-13');
INSERT INTO `softwareengineering`.`diet` (`idDiet`, `idUser`, `idMeal`, `date`) VALUES (814, 1, 28, '2020-04-13');
INSERT INTO `softwareengineering`.`diet` (`idDiet`, `idUser`, `idMeal`, `date`) VALUES (815, 1, 25, '2020-04-13');
INSERT INTO `softwareengineering`.`diet` (`idDiet`, `idUser`, `idMeal`, `date`) VALUES (816, 1, 32, '2020-04-13');
INSERT INTO `softwareengineering`.`diet` (`idDiet`, `idUser`, `idMeal`, `date`) VALUES (817, 1, 37, '2020-04-13');
INSERT INTO `softwareengineering`.`diet` (`idDiet`, `idUser`, `idMeal`, `date`) VALUES (818, 1, 53, '2020-04-13');
INSERT INTO `softwareengineering`.`diet` (`idDiet`, `idUser`, `idMeal`, `date`) VALUES (819, 1, 48, '2020-04-13');
INSERT INTO `softwareengineering`.`weighttracking` (`idWeightTracking`, `idUser`, `date`, `weight`) VALUES (82, 1, '2020-04-13', 74.24);
INSERT INTO `softwareengineering`.`diet` (`idDiet`, `idUser`, `idMeal`, `date`) VALUES (820, 1, 1, '2020-04-12');
INSERT INTO `softwareengineering`.`diet` (`idDiet`, `idUser`, `idMeal`, `date`) VALUES (821, 1, 1, '2020-04-12');
INSERT INTO `softwareengineering`.`diet` (`idDiet`, `idUser`, `idMeal`, `date`) VALUES (822, 1, 24, '2020-04-12');
INSERT INTO `softwareengineering`.`diet` (`idDiet`, `idUser`, `idMeal`, `date`) VALUES (823, 1, 19, '2020-04-12');
INSERT INTO `softwareengineering`.`diet` (`idDiet`, `idUser`, `idMeal`, `date`) VALUES (824, 1, 37, '2020-04-12');
INSERT INTO `softwareengineering`.`diet` (`idDiet`, `idUser`, `idMeal`, `date`) VALUES (825, 1, 33, '2020-04-12');
INSERT INTO `softwareengineering`.`diet` (`idDiet`, `idUser`, `idMeal`, `date`) VALUES (826, 1, 44, '2020-04-12');
INSERT INTO `softwareengineering`.`diet` (`idDiet`, `idUser`, `idMeal`, `date`) VALUES (827, 1, 51, '2020-04-12');
INSERT INTO `softwareengineering`.`diet` (`idDiet`, `idUser`, `idMeal`, `date`) VALUES (828, 1, 59, '2020-04-12');
INSERT INTO `softwareengineering`.`weighttracking` (`idWeightTracking`, `idUser`, `date`, `weight`) VALUES (83, 1, '2020-04-12', 74.26);
INSERT INTO `softwareengineering`.`exerciselink` (`idLink`, `idUser`, `idExerciseSession`, `date`) VALUES (88, 1, 4, '2020-04-11');
INSERT INTO `softwareengineering`.`exerciselink` (`idLink`, `idUser`, `idExerciseSession`, `date`) VALUES (89, 1, 19, '2020-04-11');
INSERT INTO `softwareengineering`.`diet` (`idDiet`, `idUser`, `idMeal`, `date`) VALUES (829, 1, 11, '2020-04-11');
INSERT INTO `softwareengineering`.`diet` (`idDiet`, `idUser`, `idMeal`, `date`) VALUES (830, 1, 9, '2020-04-11');
INSERT INTO `softwareengineering`.`diet` (`idDiet`, `idUser`, `idMeal`, `date`) VALUES (831, 1, 23, '2020-04-11');
INSERT INTO `softwareengineering`.`diet` (`idDiet`, `idUser`, `idMeal`, `date`) VALUES (832, 1, 15, '2020-04-11');
INSERT INTO `softwareengineering`.`diet` (`idDiet`, `idUser`, `idMeal`, `date`) VALUES (833, 1, 19, '2020-04-11');
INSERT INTO `softwareengineering`.`diet` (`idDiet`, `idUser`, `idMeal`, `date`) VALUES (834, 1, 35, '2020-04-11');
INSERT INTO `softwareengineering`.`diet` (`idDiet`, `idUser`, `idMeal`, `date`) VALUES (835, 1, 43, '2020-04-11');
INSERT INTO `softwareengineering`.`diet` (`idDiet`, `idUser`, `idMeal`, `date`) VALUES (836, 1, 31, '2020-04-11');
INSERT INTO `softwareengineering`.`diet` (`idDiet`, `idUser`, `idMeal`, `date`) VALUES (837, 1, 48, '2020-04-11');
INSERT INTO `softwareengineering`.`diet` (`idDiet`, `idUser`, `idMeal`, `date`) VALUES (838, 1, 56, '2020-04-11');
INSERT INTO `softwareengineering`.`diet` (`idDiet`, `idUser`, `idMeal`, `date`) VALUES (839, 1, 55, '2020-04-11');
INSERT INTO `softwareengineering`.`weighttracking` (`idWeightTracking`, `idUser`, `date`, `weight`) VALUES (84, 1, '2020-04-11', 74.49);
INSERT INTO `softwareengineering`.`diet` (`idDiet`, `idUser`, `idMeal`, `date`) VALUES (840, 1, 11, '2020-04-10');
INSERT INTO `softwareengineering`.`diet` (`idDiet`, `idUser`, `idMeal`, `date`) VALUES (841, 1, 6, '2020-04-10');
INSERT INTO `softwareengineering`.`diet` (`idDiet`, `idUser`, `idMeal`, `date`) VALUES (842, 1, 12, '2020-04-10');
INSERT INTO `softwareengineering`.`diet` (`idDiet`, `idUser`, `idMeal`, `date`) VALUES (843, 1, 19, '2020-04-10');
INSERT INTO `softwareengineering`.`diet` (`idDiet`, `idUser`, `idMeal`, `date`) VALUES (844, 1, 23, '2020-04-10');
INSERT INTO `softwareengineering`.`diet` (`idDiet`, `idUser`, `idMeal`, `date`) VALUES (845, 1, 43, '2020-04-10');
INSERT INTO `softwareengineering`.`diet` (`idDiet`, `idUser`, `idMeal`, `date`) VALUES (846, 1, 44, '2020-04-10');
INSERT INTO `softwareengineering`.`diet` (`idDiet`, `idUser`, `idMeal`, `date`) VALUES (847, 1, 50, '2020-04-10');
INSERT INTO `softwareengineering`.`diet` (`idDiet`, `idUser`, `idMeal`, `date`) VALUES (848, 1, 46, '2020-04-10');
INSERT INTO `softwareengineering`.`diet` (`idDiet`, `idUser`, `idMeal`, `date`) VALUES (849, 1, 53, '2020-04-10');
INSERT INTO `softwareengineering`.`weighttracking` (`idWeightTracking`, `idUser`, `date`, `weight`) VALUES (85, 1, '2020-04-10', 74.63);
INSERT INTO `softwareengineering`.`exerciselink` (`idLink`, `idUser`, `idExerciseSession`, `date`) VALUES (90, 1, 22, '2020-04-09');
INSERT INTO `softwareengineering`.`exerciselink` (`idLink`, `idUser`, `idExerciseSession`, `date`) VALUES (91, 1, 3, '2020-04-09');
INSERT INTO `softwareengineering`.`diet` (`idDiet`, `idUser`, `idMeal`, `date`) VALUES (850, 1, 11, '2020-04-09');
INSERT INTO `softwareengineering`.`diet` (`idDiet`, `idUser`, `idMeal`, `date`) VALUES (851, 1, 3, '2020-04-09');
INSERT INTO `softwareengineering`.`diet` (`idDiet`, `idUser`, `idMeal`, `date`) VALUES (852, 1, 10, '2020-04-09');
INSERT INTO `softwareengineering`.`diet` (`idDiet`, `idUser`, `idMeal`, `date`) VALUES (853, 1, 22, '2020-04-09');
INSERT INTO `softwareengineering`.`diet` (`idDiet`, `idUser`, `idMeal`, `date`) VALUES (854, 1, 15, '2020-04-09');
INSERT INTO `softwareengineering`.`diet` (`idDiet`, `idUser`, `idMeal`, `date`) VALUES (855, 1, 40, '2020-04-09');
INSERT INTO `softwareengineering`.`diet` (`idDiet`, `idUser`, `idMeal`, `date`) VALUES (856, 1, 36, '2020-04-09');
INSERT INTO `softwareengineering`.`diet` (`idDiet`, `idUser`, `idMeal`, `date`) VALUES (857, 1, 59, '2020-04-09');
INSERT INTO `softwareengineering`.`diet` (`idDiet`, `idUser`, `idMeal`, `date`) VALUES (858, 1, 52, '2020-04-09');
INSERT INTO `softwareengineering`.`weighttracking` (`idWeightTracking`, `idUser`, `date`, `weight`) VALUES (86, 1, '2020-04-09', 74.79);
INSERT INTO `softwareengineering`.`diet` (`idDiet`, `idUser`, `idMeal`, `date`) VALUES (859, 1, 11, '2020-04-08');
INSERT INTO `softwareengineering`.`diet` (`idDiet`, `idUser`, `idMeal`, `date`) VALUES (860, 1, 7, '2020-04-08');
INSERT INTO `softwareengineering`.`diet` (`idDiet`, `idUser`, `idMeal`, `date`) VALUES (861, 1, 24, '2020-04-08');
INSERT INTO `softwareengineering`.`diet` (`idDiet`, `idUser`, `idMeal`, `date`) VALUES (862, 1, 15, '2020-04-08');
INSERT INTO `softwareengineering`.`diet` (`idDiet`, `idUser`, `idMeal`, `date`) VALUES (863, 1, 22, '2020-04-08');
INSERT INTO `softwareengineering`.`diet` (`idDiet`, `idUser`, `idMeal`, `date`) VALUES (864, 1, 36, '2020-04-08');
INSERT INTO `softwareengineering`.`diet` (`idDiet`, `idUser`, `idMeal`, `date`) VALUES (865, 1, 40, '2020-04-08');
INSERT INTO `softwareengineering`.`diet` (`idDiet`, `idUser`, `idMeal`, `date`) VALUES (866, 1, 43, '2020-04-08');
INSERT INTO `softwareengineering`.`diet` (`idDiet`, `idUser`, `idMeal`, `date`) VALUES (867, 1, 47, '2020-04-08');
INSERT INTO `softwareengineering`.`diet` (`idDiet`, `idUser`, `idMeal`, `date`) VALUES (868, 1, 47, '2020-04-08');
INSERT INTO `softwareengineering`.`diet` (`idDiet`, `idUser`, `idMeal`, `date`) VALUES (869, 1, 50, '2020-04-08');
INSERT INTO `softwareengineering`.`weighttracking` (`idWeightTracking`, `idUser`, `date`, `weight`) VALUES (87, 1, '2020-04-08', 74.66);
INSERT INTO `softwareengineering`.`exerciselink` (`idLink`, `idUser`, `idExerciseSession`, `date`) VALUES (92, 1, 18, '2020-04-07');
INSERT INTO `softwareengineering`.`exerciselink` (`idLink`, `idUser`, `idExerciseSession`, `date`) VALUES (93, 1, 19, '2020-04-07');
INSERT INTO `softwareengineering`.`diet` (`idDiet`, `idUser`, `idMeal`, `date`) VALUES (870, 1, 2, '2020-04-07');
INSERT INTO `softwareengineering`.`diet` (`idDiet`, `idUser`, `idMeal`, `date`) VALUES (871, 1, 2, '2020-04-07');
INSERT INTO `softwareengineering`.`diet` (`idDiet`, `idUser`, `idMeal`, `date`) VALUES (872, 1, 24, '2020-04-07');
INSERT INTO `softwareengineering`.`diet` (`idDiet`, `idUser`, `idMeal`, `date`) VALUES (873, 1, 16, '2020-04-07');
INSERT INTO `softwareengineering`.`diet` (`idDiet`, `idUser`, `idMeal`, `date`) VALUES (874, 1, 38, '2020-04-07');
INSERT INTO `softwareengineering`.`diet` (`idDiet`, `idUser`, `idMeal`, `date`) VALUES (875, 1, 39, '2020-04-07');
INSERT INTO `softwareengineering`.`diet` (`idDiet`, `idUser`, `idMeal`, `date`) VALUES (876, 1, 30, '2020-04-07');
INSERT INTO `softwareengineering`.`diet` (`idDiet`, `idUser`, `idMeal`, `date`) VALUES (877, 1, 50, '2020-04-07');
INSERT INTO `softwareengineering`.`diet` (`idDiet`, `idUser`, `idMeal`, `date`) VALUES (878, 1, 55, '2020-04-07');
INSERT INTO `softwareengineering`.`diet` (`idDiet`, `idUser`, `idMeal`, `date`) VALUES (879, 1, 51, '2020-04-07');
INSERT INTO `softwareengineering`.`weighttracking` (`idWeightTracking`, `idUser`, `date`, `weight`) VALUES (88, 1, '2020-04-07', 74.84);
INSERT INTO `softwareengineering`.`diet` (`idDiet`, `idUser`, `idMeal`, `date`) VALUES (880, 1, 14, '2020-04-06');
INSERT INTO `softwareengineering`.`diet` (`idDiet`, `idUser`, `idMeal`, `date`) VALUES (881, 1, 9, '2020-04-06');
INSERT INTO `softwareengineering`.`diet` (`idDiet`, `idUser`, `idMeal`, `date`) VALUES (882, 1, 0, '2020-04-06');
INSERT INTO `softwareengineering`.`diet` (`idDiet`, `idUser`, `idMeal`, `date`) VALUES (883, 1, 23, '2020-04-06');
INSERT INTO `softwareengineering`.`diet` (`idDiet`, `idUser`, `idMeal`, `date`) VALUES (884, 1, 24, '2020-04-06');
INSERT INTO `softwareengineering`.`diet` (`idDiet`, `idUser`, `idMeal`, `date`) VALUES (885, 1, 35, '2020-04-06');
INSERT INTO `softwareengineering`.`diet` (`idDiet`, `idUser`, `idMeal`, `date`) VALUES (886, 1, 44, '2020-04-06');
INSERT INTO `softwareengineering`.`diet` (`idDiet`, `idUser`, `idMeal`, `date`) VALUES (887, 1, 40, '2020-04-06');
INSERT INTO `softwareengineering`.`diet` (`idDiet`, `idUser`, `idMeal`, `date`) VALUES (888, 1, 53, '2020-04-06');
INSERT INTO `softwareengineering`.`diet` (`idDiet`, `idUser`, `idMeal`, `date`) VALUES (889, 1, 50, '2020-04-06');
INSERT INTO `softwareengineering`.`diet` (`idDiet`, `idUser`, `idMeal`, `date`) VALUES (890, 1, 49, '2020-04-06');
INSERT INTO `softwareengineering`.`weighttracking` (`idWeightTracking`, `idUser`, `date`, `weight`) VALUES (89, 1, '2020-04-06', 74.77);
INSERT INTO `softwareengineering`.`diet` (`idDiet`, `idUser`, `idMeal`, `date`) VALUES (891, 1, 13, '2020-04-05');
INSERT INTO `softwareengineering`.`diet` (`idDiet`, `idUser`, `idMeal`, `date`) VALUES (892, 1, 7, '2020-04-05');
INSERT INTO `softwareengineering`.`diet` (`idDiet`, `idUser`, `idMeal`, `date`) VALUES (893, 1, 19, '2020-04-05');
INSERT INTO `softwareengineering`.`diet` (`idDiet`, `idUser`, `idMeal`, `date`) VALUES (894, 1, 18, '2020-04-05');
INSERT INTO `softwareengineering`.`diet` (`idDiet`, `idUser`, `idMeal`, `date`) VALUES (895, 1, 20, '2020-04-05');
INSERT INTO `softwareengineering`.`diet` (`idDiet`, `idUser`, `idMeal`, `date`) VALUES (896, 1, 40, '2020-04-05');
INSERT INTO `softwareengineering`.`diet` (`idDiet`, `idUser`, `idMeal`, `date`) VALUES (897, 1, 37, '2020-04-05');
INSERT INTO `softwareengineering`.`diet` (`idDiet`, `idUser`, `idMeal`, `date`) VALUES (898, 1, 57, '2020-04-05');
INSERT INTO `softwareengineering`.`diet` (`idDiet`, `idUser`, `idMeal`, `date`) VALUES (899, 1, 47, '2020-04-05');
INSERT INTO `softwareengineering`.`diet` (`idDiet`, `idUser`, `idMeal`, `date`) VALUES (900, 1, 55, '2020-04-05');
INSERT INTO `softwareengineering`.`weighttracking` (`idWeightTracking`, `idUser`, `date`, `weight`) VALUES (90, 1, '2020-04-05', 74.74);
INSERT INTO `softwareengineering`.`exerciselink` (`idLink`, `idUser`, `idExerciseSession`, `date`) VALUES (94, 1, 9, '2020-04-04');
INSERT INTO `softwareengineering`.`diet` (`idDiet`, `idUser`, `idMeal`, `date`) VALUES (901, 1, 6, '2020-04-04');
INSERT INTO `softwareengineering`.`diet` (`idDiet`, `idUser`, `idMeal`, `date`) VALUES (902, 1, 5, '2020-04-04');
INSERT INTO `softwareengineering`.`diet` (`idDiet`, `idUser`, `idMeal`, `date`) VALUES (903, 1, 5, '2020-04-04');
INSERT INTO `softwareengineering`.`diet` (`idDiet`, `idUser`, `idMeal`, `date`) VALUES (904, 1, 22, '2020-04-04');
INSERT INTO `softwareengineering`.`diet` (`idDiet`, `idUser`, `idMeal`, `date`) VALUES (905, 1, 17, '2020-04-04');
INSERT INTO `softwareengineering`.`diet` (`idDiet`, `idUser`, `idMeal`, `date`) VALUES (906, 1, 40, '2020-04-04');
INSERT INTO `softwareengineering`.`diet` (`idDiet`, `idUser`, `idMeal`, `date`) VALUES (907, 1, 35, '2020-04-04');
INSERT INTO `softwareengineering`.`diet` (`idDiet`, `idUser`, `idMeal`, `date`) VALUES (908, 1, 31, '2020-04-04');
INSERT INTO `softwareengineering`.`diet` (`idDiet`, `idUser`, `idMeal`, `date`) VALUES (909, 1, 53, '2020-04-04');
INSERT INTO `softwareengineering`.`diet` (`idDiet`, `idUser`, `idMeal`, `date`) VALUES (910, 1, 46, '2020-04-04');
INSERT INTO `softwareengineering`.`weighttracking` (`idWeightTracking`, `idUser`, `date`, `weight`) VALUES (91, 1, '2020-04-04', 74.82);
INSERT INTO `softwareengineering`.`exerciselink` (`idLink`, `idUser`, `idExerciseSession`, `date`) VALUES (95, 1, 13, '2020-04-03');
INSERT INTO `softwareengineering`.`exerciselink` (`idLink`, `idUser`, `idExerciseSession`, `date`) VALUES (96, 1, 10, '2020-04-03');
INSERT INTO `softwareengineering`.`diet` (`idDiet`, `idUser`, `idMeal`, `date`) VALUES (911, 1, 14, '2020-04-03');
INSERT INTO `softwareengineering`.`diet` (`idDiet`, `idUser`, `idMeal`, `date`) VALUES (912, 1, 13, '2020-04-03');
INSERT INTO `softwareengineering`.`diet` (`idDiet`, `idUser`, `idMeal`, `date`) VALUES (913, 1, 13, '2020-04-03');
INSERT INTO `softwareengineering`.`diet` (`idDiet`, `idUser`, `idMeal`, `date`) VALUES (914, 1, 24, '2020-04-03');
INSERT INTO `softwareengineering`.`diet` (`idDiet`, `idUser`, `idMeal`, `date`) VALUES (915, 1, 28, '2020-04-03');
INSERT INTO `softwareengineering`.`diet` (`idDiet`, `idUser`, `idMeal`, `date`) VALUES (916, 1, 15, '2020-04-03');
INSERT INTO `softwareengineering`.`diet` (`idDiet`, `idUser`, `idMeal`, `date`) VALUES (917, 1, 43, '2020-04-03');
INSERT INTO `softwareengineering`.`diet` (`idDiet`, `idUser`, `idMeal`, `date`) VALUES (918, 1, 39, '2020-04-03');
INSERT INTO `softwareengineering`.`diet` (`idDiet`, `idUser`, `idMeal`, `date`) VALUES (919, 1, 30, '2020-04-03');
INSERT INTO `softwareengineering`.`diet` (`idDiet`, `idUser`, `idMeal`, `date`) VALUES (920, 1, 46, '2020-04-03');
INSERT INTO `softwareengineering`.`diet` (`idDiet`, `idUser`, `idMeal`, `date`) VALUES (921, 1, 52, '2020-04-03');
INSERT INTO `softwareengineering`.`weighttracking` (`idWeightTracking`, `idUser`, `date`, `weight`) VALUES (92, 1, '2020-04-03', 74.97);
INSERT INTO `softwareengineering`.`exerciselink` (`idLink`, `idUser`, `idExerciseSession`, `date`) VALUES (97, 1, 20, '2020-04-02');
INSERT INTO `softwareengineering`.`exerciselink` (`idLink`, `idUser`, `idExerciseSession`, `date`) VALUES (98, 1, 8, '2020-04-02');
INSERT INTO `softwareengineering`.`diet` (`idDiet`, `idUser`, `idMeal`, `date`) VALUES (922, 1, 14, '2020-04-02');
INSERT INTO `softwareengineering`.`diet` (`idDiet`, `idUser`, `idMeal`, `date`) VALUES (923, 1, 2, '2020-04-02');
INSERT INTO `softwareengineering`.`diet` (`idDiet`, `idUser`, `idMeal`, `date`) VALUES (924, 1, 15, '2020-04-02');
INSERT INTO `softwareengineering`.`diet` (`idDiet`, `idUser`, `idMeal`, `date`) VALUES (925, 1, 27, '2020-04-02');
INSERT INTO `softwareengineering`.`diet` (`idDiet`, `idUser`, `idMeal`, `date`) VALUES (926, 1, 17, '2020-04-02');
INSERT INTO `softwareengineering`.`diet` (`idDiet`, `idUser`, `idMeal`, `date`) VALUES (927, 1, 35, '2020-04-02');
INSERT INTO `softwareengineering`.`diet` (`idDiet`, `idUser`, `idMeal`, `date`) VALUES (928, 1, 37, '2020-04-02');
INSERT INTO `softwareengineering`.`diet` (`idDiet`, `idUser`, `idMeal`, `date`) VALUES (929, 1, 55, '2020-04-02');
INSERT INTO `softwareengineering`.`diet` (`idDiet`, `idUser`, `idMeal`, `date`) VALUES (930, 1, 57, '2020-04-02');
INSERT INTO `softwareengineering`.`weighttracking` (`idWeightTracking`, `idUser`, `date`, `weight`) VALUES (93, 1, '2020-04-02', 74.85);
INSERT INTO `softwareengineering`.`exerciselink` (`idLink`, `idUser`, `idExerciseSession`, `date`) VALUES (99, 1, 17, '2020-04-01');
INSERT INTO `softwareengineering`.`exerciselink` (`idLink`, `idUser`, `idExerciseSession`, `date`) VALUES (100, 1, 5, '2020-04-01');
INSERT INTO `softwareengineering`.`diet` (`idDiet`, `idUser`, `idMeal`, `date`) VALUES (931, 1, 0, '2020-04-01');
INSERT INTO `softwareengineering`.`diet` (`idDiet`, `idUser`, `idMeal`, `date`) VALUES (932, 1, 3, '2020-04-01');
INSERT INTO `softwareengineering`.`diet` (`idDiet`, `idUser`, `idMeal`, `date`) VALUES (933, 1, 3, '2020-04-01');
INSERT INTO `softwareengineering`.`diet` (`idDiet`, `idUser`, `idMeal`, `date`) VALUES (934, 1, 24, '2020-04-01');
INSERT INTO `softwareengineering`.`diet` (`idDiet`, `idUser`, `idMeal`, `date`) VALUES (935, 1, 26, '2020-04-01');
INSERT INTO `softwareengineering`.`diet` (`idDiet`, `idUser`, `idMeal`, `date`) VALUES (936, 1, 44, '2020-04-01');
INSERT INTO `softwareengineering`.`diet` (`idDiet`, `idUser`, `idMeal`, `date`) VALUES (937, 1, 35, '2020-04-01');
INSERT INTO `softwareengineering`.`diet` (`idDiet`, `idUser`, `idMeal`, `date`) VALUES (938, 1, 43, '2020-04-01');
INSERT INTO `softwareengineering`.`diet` (`idDiet`, `idUser`, `idMeal`, `date`) VALUES (939, 1, 56, '2020-04-01');
INSERT INTO `softwareengineering`.`diet` (`idDiet`, `idUser`, `idMeal`, `date`) VALUES (940, 1, 52, '2020-04-01');
INSERT INTO `softwareengineering`.`weighttracking` (`idWeightTracking`, `idUser`, `date`, `weight`) VALUES (94, 1, '2020-04-01', 74.9);
INSERT INTO `softwareengineering`.`diet` (`idDiet`, `idUser`, `idMeal`, `date`) VALUES (941, 1, 14, '2020-03-31');
INSERT INTO `softwareengineering`.`diet` (`idDiet`, `idUser`, `idMeal`, `date`) VALUES (942, 1, 10, '2020-03-31');
INSERT INTO `softwareengineering`.`diet` (`idDiet`, `idUser`, `idMeal`, `date`) VALUES (943, 1, 28, '2020-03-31');
INSERT INTO `softwareengineering`.`diet` (`idDiet`, `idUser`, `idMeal`, `date`) VALUES (944, 1, 28, '2020-03-31');
INSERT INTO `softwareengineering`.`diet` (`idDiet`, `idUser`, `idMeal`, `date`) VALUES (945, 1, 26, '2020-03-31');
INSERT INTO `softwareengineering`.`diet` (`idDiet`, `idUser`, `idMeal`, `date`) VALUES (946, 1, 40, '2020-03-31');
INSERT INTO `softwareengineering`.`diet` (`idDiet`, `idUser`, `idMeal`, `date`) VALUES (947, 1, 37, '2020-03-31');
INSERT INTO `softwareengineering`.`diet` (`idDiet`, `idUser`, `idMeal`, `date`) VALUES (948, 1, 56, '2020-03-31');
INSERT INTO `softwareengineering`.`diet` (`idDiet`, `idUser`, `idMeal`, `date`) VALUES (949, 1, 52, '2020-03-31');
INSERT INTO `softwareengineering`.`weighttracking` (`idWeightTracking`, `idUser`, `date`, `weight`) VALUES (95, 1, '2020-03-31', 74.86);
INSERT INTO `softwareengineering`.`exerciselink` (`idLink`, `idUser`, `idExerciseSession`, `date`) VALUES (101, 1, 17, '2020-03-30');
INSERT INTO `softwareengineering`.`exerciselink` (`idLink`, `idUser`, `idExerciseSession`, `date`) VALUES (102, 1, 3, '2020-03-30');
INSERT INTO `softwareengineering`.`diet` (`idDiet`, `idUser`, `idMeal`, `date`) VALUES (950, 1, 1, '2020-03-30');
INSERT INTO `softwareengineering`.`diet` (`idDiet`, `idUser`, `idMeal`, `date`) VALUES (951, 1, 13, '2020-03-30');
INSERT INTO `softwareengineering`.`diet` (`idDiet`, `idUser`, `idMeal`, `date`) VALUES (952, 1, 6, '2020-03-30');
INSERT INTO `softwareengineering`.`diet` (`idDiet`, `idUser`, `idMeal`, `date`) VALUES (953, 1, 23, '2020-03-30');
INSERT INTO `softwareengineering`.`diet` (`idDiet`, `idUser`, `idMeal`, `date`) VALUES (954, 1, 23, '2020-03-30');
INSERT INTO `softwareengineering`.`diet` (`idDiet`, `idUser`, `idMeal`, `date`) VALUES (955, 1, 26, '2020-03-30');
INSERT INTO `softwareengineering`.`diet` (`idDiet`, `idUser`, `idMeal`, `date`) VALUES (956, 1, 37, '2020-03-30');
INSERT INTO `softwareengineering`.`diet` (`idDiet`, `idUser`, `idMeal`, `date`) VALUES (957, 1, 43, '2020-03-30');
INSERT INTO `softwareengineering`.`diet` (`idDiet`, `idUser`, `idMeal`, `date`) VALUES (958, 1, 35, '2020-03-30');
INSERT INTO `softwareengineering`.`diet` (`idDiet`, `idUser`, `idMeal`, `date`) VALUES (959, 1, 47, '2020-03-30');
INSERT INTO `softwareengineering`.`diet` (`idDiet`, `idUser`, `idMeal`, `date`) VALUES (960, 1, 52, '2020-03-30');
INSERT INTO `softwareengineering`.`diet` (`idDiet`, `idUser`, `idMeal`, `date`) VALUES (961, 1, 49, '2020-03-30');
INSERT INTO `softwareengineering`.`weighttracking` (`idWeightTracking`, `idUser`, `date`, `weight`) VALUES (96, 1, '2020-03-30', 75.01);
INSERT INTO `softwareengineering`.`exerciselink` (`idLink`, `idUser`, `idExerciseSession`, `date`) VALUES (103, 1, 8, '2020-03-29');
INSERT INTO `softwareengineering`.`exerciselink` (`idLink`, `idUser`, `idExerciseSession`, `date`) VALUES (104, 1, 11, '2020-03-29');
INSERT INTO `softwareengineering`.`diet` (`idDiet`, `idUser`, `idMeal`, `date`) VALUES (962, 1, 5, '2020-03-29');
INSERT INTO `softwareengineering`.`diet` (`idDiet`, `idUser`, `idMeal`, `date`) VALUES (963, 1, 9, '2020-03-29');
INSERT INTO `softwareengineering`.`diet` (`idDiet`, `idUser`, `idMeal`, `date`) VALUES (964, 1, 18, '2020-03-29');
INSERT INTO `softwareengineering`.`diet` (`idDiet`, `idUser`, `idMeal`, `date`) VALUES (965, 1, 16, '2020-03-29');
INSERT INTO `softwareengineering`.`diet` (`idDiet`, `idUser`, `idMeal`, `date`) VALUES (966, 1, 19, '2020-03-29');
INSERT INTO `softwareengineering`.`diet` (`idDiet`, `idUser`, `idMeal`, `date`) VALUES (967, 1, 41, '2020-03-29');
INSERT INTO `softwareengineering`.`diet` (`idDiet`, `idUser`, `idMeal`, `date`) VALUES (968, 1, 36, '2020-03-29');
INSERT INTO `softwareengineering`.`diet` (`idDiet`, `idUser`, `idMeal`, `date`) VALUES (969, 1, 32, '2020-03-29');
INSERT INTO `softwareengineering`.`diet` (`idDiet`, `idUser`, `idMeal`, `date`) VALUES (970, 1, 59, '2020-03-29');
INSERT INTO `softwareengineering`.`diet` (`idDiet`, `idUser`, `idMeal`, `date`) VALUES (971, 1, 57, '2020-03-29');
INSERT INTO `softwareengineering`.`diet` (`idDiet`, `idUser`, `idMeal`, `date`) VALUES (972, 1, 47, '2020-03-29');
INSERT INTO `softwareengineering`.`weighttracking` (`idWeightTracking`, `idUser`, `date`, `weight`) VALUES (97, 1, '2020-03-29', 74.93);
INSERT INTO `softwareengineering`.`diet` (`idDiet`, `idUser`, `idMeal`, `date`) VALUES (973, 1, 4, '2020-03-28');
INSERT INTO `softwareengineering`.`diet` (`idDiet`, `idUser`, `idMeal`, `date`) VALUES (974, 1, 8, '2020-03-28');
INSERT INTO `softwareengineering`.`diet` (`idDiet`, `idUser`, `idMeal`, `date`) VALUES (975, 1, 4, '2020-03-28');
INSERT INTO `softwareengineering`.`diet` (`idDiet`, `idUser`, `idMeal`, `date`) VALUES (976, 1, 24, '2020-03-28');
INSERT INTO `softwareengineering`.`diet` (`idDiet`, `idUser`, `idMeal`, `date`) VALUES (977, 1, 28, '2020-03-28');
INSERT INTO `softwareengineering`.`diet` (`idDiet`, `idUser`, `idMeal`, `date`) VALUES (978, 1, 28, '2020-03-28');
INSERT INTO `softwareengineering`.`diet` (`idDiet`, `idUser`, `idMeal`, `date`) VALUES (979, 1, 39, '2020-03-28');
INSERT INTO `softwareengineering`.`diet` (`idDiet`, `idUser`, `idMeal`, `date`) VALUES (980, 1, 35, '2020-03-28');
INSERT INTO `softwareengineering`.`diet` (`idDiet`, `idUser`, `idMeal`, `date`) VALUES (981, 1, 37, '2020-03-28');
INSERT INTO `softwareengineering`.`diet` (`idDiet`, `idUser`, `idMeal`, `date`) VALUES (982, 1, 54, '2020-03-28');
INSERT INTO `softwareengineering`.`diet` (`idDiet`, `idUser`, `idMeal`, `date`) VALUES (983, 1, 55, '2020-03-28');
INSERT INTO `softwareengineering`.`weighttracking` (`idWeightTracking`, `idUser`, `date`, `weight`) VALUES (98, 1, '2020-03-28', 74.73);
INSERT INTO `softwareengineering`.`exerciselink` (`idLink`, `idUser`, `idExerciseSession`, `date`) VALUES (105, 1, 19, '2020-03-27');
INSERT INTO `softwareengineering`.`exerciselink` (`idLink`, `idUser`, `idExerciseSession`, `date`) VALUES (106, 1, 6, '2020-03-27');
INSERT INTO `softwareengineering`.`diet` (`idDiet`, `idUser`, `idMeal`, `date`) VALUES (984, 1, 1, '2020-03-27');
INSERT INTO `softwareengineering`.`diet` (`idDiet`, `idUser`, `idMeal`, `date`) VALUES (985, 1, 13, '2020-03-27');
INSERT INTO `softwareengineering`.`diet` (`idDiet`, `idUser`, `idMeal`, `date`) VALUES (986, 1, 9, '2020-03-27');
INSERT INTO `softwareengineering`.`diet` (`idDiet`, `idUser`, `idMeal`, `date`) VALUES (987, 1, 21, '2020-03-27');
INSERT INTO `softwareengineering`.`diet` (`idDiet`, `idUser`, `idMeal`, `date`) VALUES (988, 1, 23, '2020-03-27');
INSERT INTO `softwareengineering`.`diet` (`idDiet`, `idUser`, `idMeal`, `date`) VALUES (989, 1, 31, '2020-03-27');
INSERT INTO `softwareengineering`.`diet` (`idDiet`, `idUser`, `idMeal`, `date`) VALUES (990, 1, 39, '2020-03-27');
INSERT INTO `softwareengineering`.`diet` (`idDiet`, `idUser`, `idMeal`, `date`) VALUES (991, 1, 50, '2020-03-27');
INSERT INTO `softwareengineering`.`diet` (`idDiet`, `idUser`, `idMeal`, `date`) VALUES (992, 1, 52, '2020-03-27');
INSERT INTO `softwareengineering`.`weighttracking` (`idWeightTracking`, `idUser`, `date`, `weight`) VALUES (99, 1, '2020-03-27', 74.67);
INSERT INTO `softwareengineering`.`exerciselink` (`idLink`, `idUser`, `idExerciseSession`, `date`) VALUES (107, 1, 17, '2020-03-26');
INSERT INTO `softwareengineering`.`exerciselink` (`idLink`, `idUser`, `idExerciseSession`, `date`) VALUES (108, 1, 3, '2020-03-26');
INSERT INTO `softwareengineering`.`diet` (`idDiet`, `idUser`, `idMeal`, `date`) VALUES (993, 1, 7, '2020-03-26');
INSERT INTO `softwareengineering`.`diet` (`idDiet`, `idUser`, `idMeal`, `date`) VALUES (994, 1, 1, '2020-03-26');
INSERT INTO `softwareengineering`.`diet` (`idDiet`, `idUser`, `idMeal`, `date`) VALUES (995, 1, 18, '2020-03-26');
INSERT INTO `softwareengineering`.`diet` (`idDiet`, `idUser`, `idMeal`, `date`) VALUES (996, 1, 26, '2020-03-26');
INSERT INTO `softwareengineering`.`diet` (`idDiet`, `idUser`, `idMeal`, `date`) VALUES (997, 1, 34, '2020-03-26');
INSERT INTO `softwareengineering`.`diet` (`idDiet`, `idUser`, `idMeal`, `date`) VALUES (998, 1, 35, '2020-03-26');
INSERT INTO `softwareengineering`.`diet` (`idDiet`, `idUser`, `idMeal`, `date`) VALUES (999, 1, 43, '2020-03-26');
INSERT INTO `softwareengineering`.`diet` (`idDiet`, `idUser`, `idMeal`, `date`) VALUES (1000, 1, 58, '2020-03-26');
INSERT INTO `softwareengineering`.`diet` (`idDiet`, `idUser`, `idMeal`, `date`) VALUES (1001, 1, 59, '2020-03-26');
INSERT INTO `softwareengineering`.`diet` (`idDiet`, `idUser`, `idMeal`, `date`) VALUES (1002, 1, 50, '2020-03-26');
INSERT INTO `softwareengineering`.`weighttracking` (`idWeightTracking`, `idUser`, `date`, `weight`) VALUES (100, 1, '2020-03-26', 74.84);
INSERT INTO `softwareengineering`.`diet` (`idDiet`, `idUser`, `idMeal`, `date`) VALUES (1003, 1, 7, '2020-03-25');
INSERT INTO `softwareengineering`.`diet` (`idDiet`, `idUser`, `idMeal`, `date`) VALUES (1004, 1, 10, '2020-03-25');
INSERT INTO `softwareengineering`.`diet` (`idDiet`, `idUser`, `idMeal`, `date`) VALUES (1005, 1, 22, '2020-03-25');
INSERT INTO `softwareengineering`.`diet` (`idDiet`, `idUser`, `idMeal`, `date`) VALUES (1006, 1, 27, '2020-03-25');
INSERT INTO `softwareengineering`.`diet` (`idDiet`, `idUser`, `idMeal`, `date`) VALUES (1007, 1, 24, '2020-03-25');
INSERT INTO `softwareengineering`.`diet` (`idDiet`, `idUser`, `idMeal`, `date`) VALUES (1008, 1, 41, '2020-03-25');
INSERT INTO `softwareengineering`.`diet` (`idDiet`, `idUser`, `idMeal`, `date`) VALUES (1009, 1, 39, '2020-03-25');
INSERT INTO `softwareengineering`.`diet` (`idDiet`, `idUser`, `idMeal`, `date`) VALUES (1010, 1, 56, '2020-03-25');
INSERT INTO `softwareengineering`.`diet` (`idDiet`, `idUser`, `idMeal`, `date`) VALUES (1011, 1, 50, '2020-03-25');
INSERT INTO `softwareengineering`.`diet` (`idDiet`, `idUser`, `idMeal`, `date`) VALUES (1012, 1, 58, '2020-03-25');
INSERT INTO `softwareengineering`.`weighttracking` (`idWeightTracking`, `idUser`, `date`, `weight`) VALUES (101, 1, '2020-03-25', 75.04);
INSERT INTO `softwareengineering`.`diet` (`idDiet`, `idUser`, `idMeal`, `date`) VALUES (1013, 1, 3, '2020-03-24');
INSERT INTO `softwareengineering`.`diet` (`idDiet`, `idUser`, `idMeal`, `date`) VALUES (1014, 1, 6, '2020-03-24');
INSERT INTO `softwareengineering`.`diet` (`idDiet`, `idUser`, `idMeal`, `date`) VALUES (1015, 1, 2, '2020-03-24');
INSERT INTO `softwareengineering`.`diet` (`idDiet`, `idUser`, `idMeal`, `date`) VALUES (1016, 1, 28, '2020-03-24');
INSERT INTO `softwareengineering`.`diet` (`idDiet`, `idUser`, `idMeal`, `date`) VALUES (1017, 1, 16, '2020-03-24');
INSERT INTO `softwareengineering`.`diet` (`idDiet`, `idUser`, `idMeal`, `date`) VALUES (1018, 1, 31, '2020-03-24');
INSERT INTO `softwareengineering`.`diet` (`idDiet`, `idUser`, `idMeal`, `date`) VALUES (1019, 1, 30, '2020-03-24');
INSERT INTO `softwareengineering`.`diet` (`idDiet`, `idUser`, `idMeal`, `date`) VALUES (1020, 1, 53, '2020-03-24');
INSERT INTO `softwareengineering`.`diet` (`idDiet`, `idUser`, `idMeal`, `date`) VALUES (1021, 1, 57, '2020-03-24');
INSERT INTO `softwareengineering`.`weighttracking` (`idWeightTracking`, `idUser`, `date`, `weight`) VALUES (102, 1, '2020-03-24', 75.17);
INSERT INTO `softwareengineering`.`exerciselink` (`idLink`, `idUser`, `idExerciseSession`, `date`) VALUES (109, 1, 7, '2020-03-23');
INSERT INTO `softwareengineering`.`diet` (`idDiet`, `idUser`, `idMeal`, `date`) VALUES (1022, 1, 10, '2020-03-23');
INSERT INTO `softwareengineering`.`diet` (`idDiet`, `idUser`, `idMeal`, `date`) VALUES (1023, 1, 0, '2020-03-23');
INSERT INTO `softwareengineering`.`diet` (`idDiet`, `idUser`, `idMeal`, `date`) VALUES (1024, 1, 7, '2020-03-23');
INSERT INTO `softwareengineering`.`diet` (`idDiet`, `idUser`, `idMeal`, `date`) VALUES (1025, 1, 18, '2020-03-23');
INSERT INTO `softwareengineering`.`diet` (`idDiet`, `idUser`, `idMeal`, `date`) VALUES (1026, 1, 16, '2020-03-23');
INSERT INTO `softwareengineering`.`diet` (`idDiet`, `idUser`, `idMeal`, `date`) VALUES (1027, 1, 41, '2020-03-23');
INSERT INTO `softwareengineering`.`diet` (`idDiet`, `idUser`, `idMeal`, `date`) VALUES (1028, 1, 30, '2020-03-23');
INSERT INTO `softwareengineering`.`diet` (`idDiet`, `idUser`, `idMeal`, `date`) VALUES (1029, 1, 39, '2020-03-23');
INSERT INTO `softwareengineering`.`diet` (`idDiet`, `idUser`, `idMeal`, `date`) VALUES (1030, 1, 52, '2020-03-23');
INSERT INTO `softwareengineering`.`diet` (`idDiet`, `idUser`, `idMeal`, `date`) VALUES (1031, 1, 46, '2020-03-23');
INSERT INTO `softwareengineering`.`diet` (`idDiet`, `idUser`, `idMeal`, `date`) VALUES (1032, 1, 47, '2020-03-23');
INSERT INTO `softwareengineering`.`weighttracking` (`idWeightTracking`, `idUser`, `date`, `weight`) VALUES (103, 1, '2020-03-23', 75.22);
INSERT INTO `softwareengineering`.`diet` (`idDiet`, `idUser`, `idMeal`, `date`) VALUES (1033, 1, 13, '2020-03-22');
INSERT INTO `softwareengineering`.`diet` (`idDiet`, `idUser`, `idMeal`, `date`) VALUES (1034, 1, 12, '2020-03-22');
INSERT INTO `softwareengineering`.`diet` (`idDiet`, `idUser`, `idMeal`, `date`) VALUES (1035, 1, 20, '2020-03-22');
INSERT INTO `softwareengineering`.`diet` (`idDiet`, `idUser`, `idMeal`, `date`) VALUES (1036, 1, 25, '2020-03-22');
INSERT INTO `softwareengineering`.`diet` (`idDiet`, `idUser`, `idMeal`, `date`) VALUES (1037, 1, 27, '2020-03-22');
INSERT INTO `softwareengineering`.`diet` (`idDiet`, `idUser`, `idMeal`, `date`) VALUES (1038, 1, 34, '2020-03-22');
INSERT INTO `softwareengineering`.`diet` (`idDiet`, `idUser`, `idMeal`, `date`) VALUES (1039, 1, 44, '2020-03-22');
INSERT INTO `softwareengineering`.`diet` (`idDiet`, `idUser`, `idMeal`, `date`) VALUES (1040, 1, 58, '2020-03-22');
INSERT INTO `softwareengineering`.`diet` (`idDiet`, `idUser`, `idMeal`, `date`) VALUES (1041, 1, 55, '2020-03-22');
INSERT INTO `softwareengineering`.`weighttracking` (`idWeightTracking`, `idUser`, `date`, `weight`) VALUES (104, 1, '2020-03-22', 75.21);
INSERT INTO `softwareengineering`.`exerciselink` (`idLink`, `idUser`, `idExerciseSession`, `date`) VALUES (110, 1, 13, '2020-03-21');
INSERT INTO `softwareengineering`.`diet` (`idDiet`, `idUser`, `idMeal`, `date`) VALUES (1042, 1, 8, '2020-03-21');
INSERT INTO `softwareengineering`.`diet` (`idDiet`, `idUser`, `idMeal`, `date`) VALUES (1043, 1, 4, '2020-03-21');
INSERT INTO `softwareengineering`.`diet` (`idDiet`, `idUser`, `idMeal`, `date`) VALUES (1044, 1, 27, '2020-03-21');
INSERT INTO `softwareengineering`.`diet` (`idDiet`, `idUser`, `idMeal`, `date`) VALUES (1045, 1, 29, '2020-03-21');
INSERT INTO `softwareengineering`.`diet` (`idDiet`, `idUser`, `idMeal`, `date`) VALUES (1046, 1, 22, '2020-03-21');
INSERT INTO `softwareengineering`.`diet` (`idDiet`, `idUser`, `idMeal`, `date`) VALUES (1047, 1, 34, '2020-03-21');
INSERT INTO `softwareengineering`.`diet` (`idDiet`, `idUser`, `idMeal`, `date`) VALUES (1048, 1, 35, '2020-03-21');
INSERT INTO `softwareengineering`.`diet` (`idDiet`, `idUser`, `idMeal`, `date`) VALUES (1049, 1, 53, '2020-03-21');
INSERT INTO `softwareengineering`.`diet` (`idDiet`, `idUser`, `idMeal`, `date`) VALUES (1050, 1, 47, '2020-03-21');
INSERT INTO `softwareengineering`.`weighttracking` (`idWeightTracking`, `idUser`, `date`, `weight`) VALUES (105, 1, '2020-03-21', 75.44);
INSERT INTO `softwareengineering`.`exerciselink` (`idLink`, `idUser`, `idExerciseSession`, `date`) VALUES (111, 1, 18, '2020-03-20');
INSERT INTO `softwareengineering`.`diet` (`idDiet`, `idUser`, `idMeal`, `date`) VALUES (1051, 1, 10, '2020-03-20');
INSERT INTO `softwareengineering`.`diet` (`idDiet`, `idUser`, `idMeal`, `date`) VALUES (1052, 1, 2, '2020-03-20');
INSERT INTO `softwareengineering`.`diet` (`idDiet`, `idUser`, `idMeal`, `date`) VALUES (1053, 1, 20, '2020-03-20');
INSERT INTO `softwareengineering`.`diet` (`idDiet`, `idUser`, `idMeal`, `date`) VALUES (1054, 1, 23, '2020-03-20');
INSERT INTO `softwareengineering`.`diet` (`idDiet`, `idUser`, `idMeal`, `date`) VALUES (1055, 1, 29, '2020-03-20');
INSERT INTO `softwareengineering`.`diet` (`idDiet`, `idUser`, `idMeal`, `date`) VALUES (1056, 1, 42, '2020-03-20');
INSERT INTO `softwareengineering`.`diet` (`idDiet`, `idUser`, `idMeal`, `date`) VALUES (1057, 1, 31, '2020-03-20');
INSERT INTO `softwareengineering`.`diet` (`idDiet`, `idUser`, `idMeal`, `date`) VALUES (1058, 1, 35, '2020-03-20');
INSERT INTO `softwareengineering`.`diet` (`idDiet`, `idUser`, `idMeal`, `date`) VALUES (1059, 1, 59, '2020-03-20');
INSERT INTO `softwareengineering`.`diet` (`idDiet`, `idUser`, `idMeal`, `date`) VALUES (1060, 1, 55, '2020-03-20');
INSERT INTO `softwareengineering`.`weighttracking` (`idWeightTracking`, `idUser`, `date`, `weight`) VALUES (106, 1, '2020-03-20', 75.65);
INSERT INTO `softwareengineering`.`exerciselink` (`idLink`, `idUser`, `idExerciseSession`, `date`) VALUES (112, 1, 21, '2020-03-19');
INSERT INTO `softwareengineering`.`diet` (`idDiet`, `idUser`, `idMeal`, `date`) VALUES (1061, 1, 5, '2020-03-19');
INSERT INTO `softwareengineering`.`diet` (`idDiet`, `idUser`, `idMeal`, `date`) VALUES (1062, 1, 8, '2020-03-19');
INSERT INTO `softwareengineering`.`diet` (`idDiet`, `idUser`, `idMeal`, `date`) VALUES (1063, 1, 19, '2020-03-19');
INSERT INTO `softwareengineering`.`diet` (`idDiet`, `idUser`, `idMeal`, `date`) VALUES (1064, 1, 17, '2020-03-19');
INSERT INTO `softwareengineering`.`diet` (`idDiet`, `idUser`, `idMeal`, `date`) VALUES (1065, 1, 29, '2020-03-19');
INSERT INTO `softwareengineering`.`diet` (`idDiet`, `idUser`, `idMeal`, `date`) VALUES (1066, 1, 40, '2020-03-19');
INSERT INTO `softwareengineering`.`diet` (`idDiet`, `idUser`, `idMeal`, `date`) VALUES (1067, 1, 34, '2020-03-19');
INSERT INTO `softwareengineering`.`diet` (`idDiet`, `idUser`, `idMeal`, `date`) VALUES (1068, 1, 51, '2020-03-19');
INSERT INTO `softwareengineering`.`diet` (`idDiet`, `idUser`, `idMeal`, `date`) VALUES (1069, 1, 58, '2020-03-19');
INSERT INTO `softwareengineering`.`weighttracking` (`idWeightTracking`, `idUser`, `date`, `weight`) VALUES (107, 1, '2020-03-19', 75.8);
INSERT INTO `softwareengineering`.`diet` (`idDiet`, `idUser`, `idMeal`, `date`) VALUES (1070, 1, 1, '2020-03-18');
INSERT INTO `softwareengineering`.`diet` (`idDiet`, `idUser`, `idMeal`, `date`) VALUES (1071, 1, 12, '2020-03-18');
INSERT INTO `softwareengineering`.`diet` (`idDiet`, `idUser`, `idMeal`, `date`) VALUES (1072, 1, 23, '2020-03-18');
INSERT INTO `softwareengineering`.`diet` (`idDiet`, `idUser`, `idMeal`, `date`) VALUES (1073, 1, 20, '2020-03-18');
INSERT INTO `softwareengineering`.`diet` (`idDiet`, `idUser`, `idMeal`, `date`) VALUES (1074, 1, 40, '2020-03-18');
INSERT INTO `softwareengineering`.`diet` (`idDiet`, `idUser`, `idMeal`, `date`) VALUES (1075, 1, 44, '2020-03-18');
INSERT INTO `softwareengineering`.`diet` (`idDiet`, `idUser`, `idMeal`, `date`) VALUES (1076, 1, 43, '2020-03-18');
INSERT INTO `softwareengineering`.`diet` (`idDiet`, `idUser`, `idMeal`, `date`) VALUES (1077, 1, 46, '2020-03-18');
INSERT INTO `softwareengineering`.`diet` (`idDiet`, `idUser`, `idMeal`, `date`) VALUES (1078, 1, 58, '2020-03-18');
INSERT INTO `softwareengineering`.`weighttracking` (`idWeightTracking`, `idUser`, `date`, `weight`) VALUES (108, 1, '2020-03-18', 75.62);
INSERT INTO `softwareengineering`.`diet` (`idDiet`, `idUser`, `idMeal`, `date`) VALUES (1079, 1, 10, '2020-03-17');
INSERT INTO `softwareengineering`.`diet` (`idDiet`, `idUser`, `idMeal`, `date`) VALUES (1080, 1, 10, '2020-03-17');
INSERT INTO `softwareengineering`.`diet` (`idDiet`, `idUser`, `idMeal`, `date`) VALUES (1081, 1, 2, '2020-03-17');
INSERT INTO `softwareengineering`.`diet` (`idDiet`, `idUser`, `idMeal`, `date`) VALUES (1082, 1, 19, '2020-03-17');
INSERT INTO `softwareengineering`.`diet` (`idDiet`, `idUser`, `idMeal`, `date`) VALUES (1083, 1, 24, '2020-03-17');
INSERT INTO `softwareengineering`.`diet` (`idDiet`, `idUser`, `idMeal`, `date`) VALUES (1084, 1, 29, '2020-03-17');
INSERT INTO `softwareengineering`.`diet` (`idDiet`, `idUser`, `idMeal`, `date`) VALUES (1085, 1, 37, '2020-03-17');
INSERT INTO `softwareengineering`.`diet` (`idDiet`, `idUser`, `idMeal`, `date`) VALUES (1086, 1, 44, '2020-03-17');
INSERT INTO `softwareengineering`.`diet` (`idDiet`, `idUser`, `idMeal`, `date`) VALUES (1087, 1, 36, '2020-03-17');
INSERT INTO `softwareengineering`.`diet` (`idDiet`, `idUser`, `idMeal`, `date`) VALUES (1088, 1, 52, '2020-03-17');
INSERT INTO `softwareengineering`.`diet` (`idDiet`, `idUser`, `idMeal`, `date`) VALUES (1089, 1, 45, '2020-03-17');
INSERT INTO `softwareengineering`.`weighttracking` (`idWeightTracking`, `idUser`, `date`, `weight`) VALUES (109, 1, '2020-03-17', 75.6);
INSERT INTO `softwareengineering`.`exerciselink` (`idLink`, `idUser`, `idExerciseSession`, `date`) VALUES (113, 1, 9, '2020-03-16');
INSERT INTO `softwareengineering`.`diet` (`idDiet`, `idUser`, `idMeal`, `date`) VALUES (1090, 1, 12, '2020-03-16');
INSERT INTO `softwareengineering`.`diet` (`idDiet`, `idUser`, `idMeal`, `date`) VALUES (1091, 1, 2, '2020-03-16');
INSERT INTO `softwareengineering`.`diet` (`idDiet`, `idUser`, `idMeal`, `date`) VALUES (1092, 1, 21, '2020-03-16');
INSERT INTO `softwareengineering`.`diet` (`idDiet`, `idUser`, `idMeal`, `date`) VALUES (1093, 1, 23, '2020-03-16');
INSERT INTO `softwareengineering`.`diet` (`idDiet`, `idUser`, `idMeal`, `date`) VALUES (1094, 1, 41, '2020-03-16');
INSERT INTO `softwareengineering`.`diet` (`idDiet`, `idUser`, `idMeal`, `date`) VALUES (1095, 1, 40, '2020-03-16');
INSERT INTO `softwareengineering`.`diet` (`idDiet`, `idUser`, `idMeal`, `date`) VALUES (1096, 1, 30, '2020-03-16');
INSERT INTO `softwareengineering`.`diet` (`idDiet`, `idUser`, `idMeal`, `date`) VALUES (1097, 1, 56, '2020-03-16');
INSERT INTO `softwareengineering`.`diet` (`idDiet`, `idUser`, `idMeal`, `date`) VALUES (1098, 1, 46, '2020-03-16');
INSERT INTO `softwareengineering`.`weighttracking` (`idWeightTracking`, `idUser`, `date`, `weight`) VALUES (110, 1, '2020-03-16', 75.44);
INSERT INTO `softwareengineering`.`exerciselink` (`idLink`, `idUser`, `idExerciseSession`, `date`) VALUES (114, 1, 10, '2020-03-15');
INSERT INTO `softwareengineering`.`exerciselink` (`idLink`, `idUser`, `idExerciseSession`, `date`) VALUES (115, 1, 16, '2020-03-15');
INSERT INTO `softwareengineering`.`diet` (`idDiet`, `idUser`, `idMeal`, `date`) VALUES (1099, 1, 7, '2020-03-15');
INSERT INTO `softwareengineering`.`diet` (`idDiet`, `idUser`, `idMeal`, `date`) VALUES (1100, 1, 3, '2020-03-15');
INSERT INTO `softwareengineering`.`diet` (`idDiet`, `idUser`, `idMeal`, `date`) VALUES (1101, 1, 2, '2020-03-15');
INSERT INTO `softwareengineering`.`diet` (`idDiet`, `idUser`, `idMeal`, `date`) VALUES (1102, 1, 25, '2020-03-15');
INSERT INTO `softwareengineering`.`diet` (`idDiet`, `idUser`, `idMeal`, `date`) VALUES (1103, 1, 28, '2020-03-15');
INSERT INTO `softwareengineering`.`diet` (`idDiet`, `idUser`, `idMeal`, `date`) VALUES (1104, 1, 38, '2020-03-15');
INSERT INTO `softwareengineering`.`diet` (`idDiet`, `idUser`, `idMeal`, `date`) VALUES (1105, 1, 32, '2020-03-15');
INSERT INTO `softwareengineering`.`diet` (`idDiet`, `idUser`, `idMeal`, `date`) VALUES (1106, 1, 57, '2020-03-15');
INSERT INTO `softwareengineering`.`diet` (`idDiet`, `idUser`, `idMeal`, `date`) VALUES (1107, 1, 52, '2020-03-15');
INSERT INTO `softwareengineering`.`weighttracking` (`idWeightTracking`, `idUser`, `date`, `weight`) VALUES (111, 1, '2020-03-15', 75.43);
INSERT INTO `softwareengineering`.`user` (`idUser`, `forename`, `surname`, `email`, `username`, `password`, `DOB`, `height`, `gender`, `weight`, `calories`) VALUES (2, 'Ashan', 'Louise', 'Ashan.Louise@gmail.com', 'AshanLouise', 'PIttvz+cYNiu2BNkg/pD6Q==', '1971-03-30' , 182, 'M', 90.23, 1799);
INSERT INTO `softwareengineering`.`exerciselink` (`idLink`, `idUser`, `idExerciseSession`, `date`) VALUES (116, 2, 6, '2020-05-09');
INSERT INTO `softwareengineering`.`exerciselink` (`idLink`, `idUser`, `idExerciseSession`, `date`) VALUES (117, 2, 5, '2020-05-09');
INSERT INTO `softwareengineering`.`diet` (`idDiet`, `idUser`, `idMeal`, `date`) VALUES (1108, 2, 12, '2020-05-09');
INSERT INTO `softwareengineering`.`diet` (`idDiet`, `idUser`, `idMeal`, `date`) VALUES (1109, 2, 1, '2020-05-09');
INSERT INTO `softwareengineering`.`diet` (`idDiet`, `idUser`, `idMeal`, `date`) VALUES (1110, 2, 22, '2020-05-09');
INSERT INTO `softwareengineering`.`diet` (`idDiet`, `idUser`, `idMeal`, `date`) VALUES (1111, 2, 20, '2020-05-09');
INSERT INTO `softwareengineering`.`diet` (`idDiet`, `idUser`, `idMeal`, `date`) VALUES (1112, 2, 18, '2020-05-09');
INSERT INTO `softwareengineering`.`diet` (`idDiet`, `idUser`, `idMeal`, `date`) VALUES (1113, 2, 34, '2020-05-09');
INSERT INTO `softwareengineering`.`diet` (`idDiet`, `idUser`, `idMeal`, `date`) VALUES (1114, 2, 35, '2020-05-09');
INSERT INTO `softwareengineering`.`diet` (`idDiet`, `idUser`, `idMeal`, `date`) VALUES (1115, 2, 35, '2020-05-09');
INSERT INTO `softwareengineering`.`diet` (`idDiet`, `idUser`, `idMeal`, `date`) VALUES (1116, 2, 49, '2020-05-09');
INSERT INTO `softwareengineering`.`diet` (`idDiet`, `idUser`, `idMeal`, `date`) VALUES (1117, 2, 49, '2020-05-09');
INSERT INTO `softwareengineering`.`weighttracking` (`idWeightTracking`, `idUser`, `date`, `weight`) VALUES (112, 2, '2020-05-09', 90.28);
INSERT INTO `softwareengineering`.`diet` (`idDiet`, `idUser`, `idMeal`, `date`) VALUES (1118, 2, 4, '2020-05-08');
INSERT INTO `softwareengineering`.`diet` (`idDiet`, `idUser`, `idMeal`, `date`) VALUES (1119, 2, 12, '2020-05-08');
INSERT INTO `softwareengineering`.`diet` (`idDiet`, `idUser`, `idMeal`, `date`) VALUES (1120, 2, 10, '2020-05-08');
INSERT INTO `softwareengineering`.`diet` (`idDiet`, `idUser`, `idMeal`, `date`) VALUES (1121, 2, 29, '2020-05-08');
INSERT INTO `softwareengineering`.`diet` (`idDiet`, `idUser`, `idMeal`, `date`) VALUES (1122, 2, 20, '2020-05-08');
INSERT INTO `softwareengineering`.`diet` (`idDiet`, `idUser`, `idMeal`, `date`) VALUES (1123, 2, 15, '2020-05-08');
INSERT INTO `softwareengineering`.`diet` (`idDiet`, `idUser`, `idMeal`, `date`) VALUES (1124, 2, 37, '2020-05-08');
INSERT INTO `softwareengineering`.`diet` (`idDiet`, `idUser`, `idMeal`, `date`) VALUES (1125, 2, 39, '2020-05-08');
INSERT INTO `softwareengineering`.`diet` (`idDiet`, `idUser`, `idMeal`, `date`) VALUES (1126, 2, 35, '2020-05-08');
INSERT INTO `softwareengineering`.`diet` (`idDiet`, `idUser`, `idMeal`, `date`) VALUES (1127, 2, 48, '2020-05-08');
INSERT INTO `softwareengineering`.`diet` (`idDiet`, `idUser`, `idMeal`, `date`) VALUES (1128, 2, 48, '2020-05-08');
INSERT INTO `softwareengineering`.`weighttracking` (`idWeightTracking`, `idUser`, `date`, `weight`) VALUES (113, 2, '2020-05-08', 90.58);
INSERT INTO `softwareengineering`.`exerciselink` (`idLink`, `idUser`, `idExerciseSession`, `date`) VALUES (118, 2, 1, '2020-05-07');
INSERT INTO `softwareengineering`.`exerciselink` (`idLink`, `idUser`, `idExerciseSession`, `date`) VALUES (119, 2, 4, '2020-05-07');
INSERT INTO `softwareengineering`.`diet` (`idDiet`, `idUser`, `idMeal`, `date`) VALUES (1129, 2, 12, '2020-05-07');
INSERT INTO `softwareengineering`.`diet` (`idDiet`, `idUser`, `idMeal`, `date`) VALUES (1130, 2, 5, '2020-05-07');
INSERT INTO `softwareengineering`.`diet` (`idDiet`, `idUser`, `idMeal`, `date`) VALUES (1131, 2, 18, '2020-05-07');
INSERT INTO `softwareengineering`.`diet` (`idDiet`, `idUser`, `idMeal`, `date`) VALUES (1132, 2, 26, '2020-05-07');
INSERT INTO `softwareengineering`.`diet` (`idDiet`, `idUser`, `idMeal`, `date`) VALUES (1133, 2, 26, '2020-05-07');
INSERT INTO `softwareengineering`.`diet` (`idDiet`, `idUser`, `idMeal`, `date`) VALUES (1134, 2, 31, '2020-05-07');
INSERT INTO `softwareengineering`.`diet` (`idDiet`, `idUser`, `idMeal`, `date`) VALUES (1135, 2, 30, '2020-05-07');
INSERT INTO `softwareengineering`.`diet` (`idDiet`, `idUser`, `idMeal`, `date`) VALUES (1136, 2, 33, '2020-05-07');
INSERT INTO `softwareengineering`.`diet` (`idDiet`, `idUser`, `idMeal`, `date`) VALUES (1137, 2, 54, '2020-05-07');
INSERT INTO `softwareengineering`.`diet` (`idDiet`, `idUser`, `idMeal`, `date`) VALUES (1138, 2, 48, '2020-05-07');
INSERT INTO `softwareengineering`.`weighttracking` (`idWeightTracking`, `idUser`, `date`, `weight`) VALUES (114, 2, '2020-05-07', 90.51);
INSERT INTO `softwareengineering`.`diet` (`idDiet`, `idUser`, `idMeal`, `date`) VALUES (1139, 2, 11, '2020-05-06');
INSERT INTO `softwareengineering`.`diet` (`idDiet`, `idUser`, `idMeal`, `date`) VALUES (1140, 2, 0, '2020-05-06');
INSERT INTO `softwareengineering`.`diet` (`idDiet`, `idUser`, `idMeal`, `date`) VALUES (1141, 2, 20, '2020-05-06');
INSERT INTO `softwareengineering`.`diet` (`idDiet`, `idUser`, `idMeal`, `date`) VALUES (1142, 2, 25, '2020-05-06');
INSERT INTO `softwareengineering`.`diet` (`idDiet`, `idUser`, `idMeal`, `date`) VALUES (1143, 2, 36, '2020-05-06');
INSERT INTO `softwareengineering`.`diet` (`idDiet`, `idUser`, `idMeal`, `date`) VALUES (1144, 2, 33, '2020-05-06');
INSERT INTO `softwareengineering`.`diet` (`idDiet`, `idUser`, `idMeal`, `date`) VALUES (1145, 2, 55, '2020-05-06');
INSERT INTO `softwareengineering`.`diet` (`idDiet`, `idUser`, `idMeal`, `date`) VALUES (1146, 2, 45, '2020-05-06');
INSERT INTO `softwareengineering`.`weighttracking` (`idWeightTracking`, `idUser`, `date`, `weight`) VALUES (115, 2, '2020-05-06', 90.63);
INSERT INTO `softwareengineering`.`exerciselink` (`idLink`, `idUser`, `idExerciseSession`, `date`) VALUES (120, 2, 3, '2020-05-05');
INSERT INTO `softwareengineering`.`diet` (`idDiet`, `idUser`, `idMeal`, `date`) VALUES (1147, 2, 12, '2020-05-05');
INSERT INTO `softwareengineering`.`diet` (`idDiet`, `idUser`, `idMeal`, `date`) VALUES (1148, 2, 14, '2020-05-05');
INSERT INTO `softwareengineering`.`diet` (`idDiet`, `idUser`, `idMeal`, `date`) VALUES (1149, 2, 24, '2020-05-05');
INSERT INTO `softwareengineering`.`diet` (`idDiet`, `idUser`, `idMeal`, `date`) VALUES (1150, 2, 26, '2020-05-05');
INSERT INTO `softwareengineering`.`diet` (`idDiet`, `idUser`, `idMeal`, `date`) VALUES (1151, 2, 33, '2020-05-05');
INSERT INTO `softwareengineering`.`diet` (`idDiet`, `idUser`, `idMeal`, `date`) VALUES (1152, 2, 35, '2020-05-05');
INSERT INTO `softwareengineering`.`diet` (`idDiet`, `idUser`, `idMeal`, `date`) VALUES (1153, 2, 54, '2020-05-05');
INSERT INTO `softwareengineering`.`diet` (`idDiet`, `idUser`, `idMeal`, `date`) VALUES (1154, 2, 56, '2020-05-05');
INSERT INTO `softwareengineering`.`weighttracking` (`idWeightTracking`, `idUser`, `date`, `weight`) VALUES (116, 2, '2020-05-05', 90.93);
INSERT INTO `softwareengineering`.`diet` (`idDiet`, `idUser`, `idMeal`, `date`) VALUES (1155, 2, 14, '2020-05-04');
INSERT INTO `softwareengineering`.`diet` (`idDiet`, `idUser`, `idMeal`, `date`) VALUES (1156, 2, 14, '2020-05-04');
INSERT INTO `softwareengineering`.`diet` (`idDiet`, `idUser`, `idMeal`, `date`) VALUES (1157, 2, 5, '2020-05-04');
INSERT INTO `softwareengineering`.`diet` (`idDiet`, `idUser`, `idMeal`, `date`) VALUES (1158, 2, 23, '2020-05-04');
INSERT INTO `softwareengineering`.`diet` (`idDiet`, `idUser`, `idMeal`, `date`) VALUES (1159, 2, 22, '2020-05-04');
INSERT INTO `softwareengineering`.`diet` (`idDiet`, `idUser`, `idMeal`, `date`) VALUES (1160, 2, 38, '2020-05-04');
INSERT INTO `softwareengineering`.`diet` (`idDiet`, `idUser`, `idMeal`, `date`) VALUES (1161, 2, 43, '2020-05-04');
INSERT INTO `softwareengineering`.`diet` (`idDiet`, `idUser`, `idMeal`, `date`) VALUES (1162, 2, 41, '2020-05-04');
INSERT INTO `softwareengineering`.`diet` (`idDiet`, `idUser`, `idMeal`, `date`) VALUES (1163, 2, 50, '2020-05-04');
INSERT INTO `softwareengineering`.`diet` (`idDiet`, `idUser`, `idMeal`, `date`) VALUES (1164, 2, 56, '2020-05-04');
INSERT INTO `softwareengineering`.`diet` (`idDiet`, `idUser`, `idMeal`, `date`) VALUES (1165, 2, 58, '2020-05-04');
INSERT INTO `softwareengineering`.`weighttracking` (`idWeightTracking`, `idUser`, `date`, `weight`) VALUES (117, 2, '2020-05-04', 91.07);
INSERT INTO `softwareengineering`.`diet` (`idDiet`, `idUser`, `idMeal`, `date`) VALUES (1166, 2, 8, '2020-05-03');
INSERT INTO `softwareengineering`.`diet` (`idDiet`, `idUser`, `idMeal`, `date`) VALUES (1167, 2, 1, '2020-05-03');
INSERT INTO `softwareengineering`.`diet` (`idDiet`, `idUser`, `idMeal`, `date`) VALUES (1168, 2, 11, '2020-05-03');
INSERT INTO `softwareengineering`.`diet` (`idDiet`, `idUser`, `idMeal`, `date`) VALUES (1169, 2, 27, '2020-05-03');
INSERT INTO `softwareengineering`.`diet` (`idDiet`, `idUser`, `idMeal`, `date`) VALUES (1170, 2, 25, '2020-05-03');
INSERT INTO `softwareengineering`.`diet` (`idDiet`, `idUser`, `idMeal`, `date`) VALUES (1171, 2, 33, '2020-05-03');
INSERT INTO `softwareengineering`.`diet` (`idDiet`, `idUser`, `idMeal`, `date`) VALUES (1172, 2, 41, '2020-05-03');
INSERT INTO `softwareengineering`.`diet` (`idDiet`, `idUser`, `idMeal`, `date`) VALUES (1173, 2, 40, '2020-05-03');
INSERT INTO `softwareengineering`.`diet` (`idDiet`, `idUser`, `idMeal`, `date`) VALUES (1174, 2, 58, '2020-05-03');
INSERT INTO `softwareengineering`.`diet` (`idDiet`, `idUser`, `idMeal`, `date`) VALUES (1175, 2, 59, '2020-05-03');
INSERT INTO `softwareengineering`.`weighttracking` (`idWeightTracking`, `idUser`, `date`, `weight`) VALUES (118, 2, '2020-05-03', 91.04);
INSERT INTO `softwareengineering`.`exerciselink` (`idLink`, `idUser`, `idExerciseSession`, `date`) VALUES (121, 2, 8, '2020-05-02');
INSERT INTO `softwareengineering`.`exerciselink` (`idLink`, `idUser`, `idExerciseSession`, `date`) VALUES (122, 2, 2, '2020-05-02');
INSERT INTO `softwareengineering`.`diet` (`idDiet`, `idUser`, `idMeal`, `date`) VALUES (1176, 2, 3, '2020-05-02');
INSERT INTO `softwareengineering`.`diet` (`idDiet`, `idUser`, `idMeal`, `date`) VALUES (1177, 2, 13, '2020-05-02');
INSERT INTO `softwareengineering`.`diet` (`idDiet`, `idUser`, `idMeal`, `date`) VALUES (1178, 2, 24, '2020-05-02');
INSERT INTO `softwareengineering`.`diet` (`idDiet`, `idUser`, `idMeal`, `date`) VALUES (1179, 2, 25, '2020-05-02');
INSERT INTO `softwareengineering`.`diet` (`idDiet`, `idUser`, `idMeal`, `date`) VALUES (1180, 2, 22, '2020-05-02');
INSERT INTO `softwareengineering`.`diet` (`idDiet`, `idUser`, `idMeal`, `date`) VALUES (1181, 2, 36, '2020-05-02');
INSERT INTO `softwareengineering`.`diet` (`idDiet`, `idUser`, `idMeal`, `date`) VALUES (1182, 2, 39, '2020-05-02');
INSERT INTO `softwareengineering`.`diet` (`idDiet`, `idUser`, `idMeal`, `date`) VALUES (1183, 2, 42, '2020-05-02');
INSERT INTO `softwareengineering`.`diet` (`idDiet`, `idUser`, `idMeal`, `date`) VALUES (1184, 2, 58, '2020-05-02');
INSERT INTO `softwareengineering`.`diet` (`idDiet`, `idUser`, `idMeal`, `date`) VALUES (1185, 2, 58, '2020-05-02');
INSERT INTO `softwareengineering`.`weighttracking` (`idWeightTracking`, `idUser`, `date`, `weight`) VALUES (119, 2, '2020-05-02', 91.03);
INSERT INTO `softwareengineering`.`exerciselink` (`idLink`, `idUser`, `idExerciseSession`, `date`) VALUES (123, 2, 22, '2020-05-01');
INSERT INTO `softwareengineering`.`diet` (`idDiet`, `idUser`, `idMeal`, `date`) VALUES (1186, 2, 9, '2020-05-01');
INSERT INTO `softwareengineering`.`diet` (`idDiet`, `idUser`, `idMeal`, `date`) VALUES (1187, 2, 5, '2020-05-01');
INSERT INTO `softwareengineering`.`diet` (`idDiet`, `idUser`, `idMeal`, `date`) VALUES (1188, 2, 0, '2020-05-01');
INSERT INTO `softwareengineering`.`diet` (`idDiet`, `idUser`, `idMeal`, `date`) VALUES (1189, 2, 25, '2020-05-01');
INSERT INTO `softwareengineering`.`diet` (`idDiet`, `idUser`, `idMeal`, `date`) VALUES (1190, 2, 27, '2020-05-01');
INSERT INTO `softwareengineering`.`diet` (`idDiet`, `idUser`, `idMeal`, `date`) VALUES (1191, 2, 16, '2020-05-01');
INSERT INTO `softwareengineering`.`diet` (`idDiet`, `idUser`, `idMeal`, `date`) VALUES (1192, 2, 32, '2020-05-01');
INSERT INTO `softwareengineering`.`diet` (`idDiet`, `idUser`, `idMeal`, `date`) VALUES (1193, 2, 44, '2020-05-01');
INSERT INTO `softwareengineering`.`diet` (`idDiet`, `idUser`, `idMeal`, `date`) VALUES (1194, 2, 38, '2020-05-01');
INSERT INTO `softwareengineering`.`diet` (`idDiet`, `idUser`, `idMeal`, `date`) VALUES (1195, 2, 59, '2020-05-01');
INSERT INTO `softwareengineering`.`diet` (`idDiet`, `idUser`, `idMeal`, `date`) VALUES (1196, 2, 54, '2020-05-01');
INSERT INTO `softwareengineering`.`diet` (`idDiet`, `idUser`, `idMeal`, `date`) VALUES (1197, 2, 52, '2020-05-01');
INSERT INTO `softwareengineering`.`weighttracking` (`idWeightTracking`, `idUser`, `date`, `weight`) VALUES (120, 2, '2020-05-01', 91.1);
INSERT INTO `softwareengineering`.`exerciselink` (`idLink`, `idUser`, `idExerciseSession`, `date`) VALUES (124, 2, 3, '2020-04-30');
INSERT INTO `softwareengineering`.`exerciselink` (`idLink`, `idUser`, `idExerciseSession`, `date`) VALUES (125, 2, 8, '2020-04-30');
INSERT INTO `softwareengineering`.`diet` (`idDiet`, `idUser`, `idMeal`, `date`) VALUES (1198, 2, 8, '2020-04-30');
INSERT INTO `softwareengineering`.`diet` (`idDiet`, `idUser`, `idMeal`, `date`) VALUES (1199, 2, 7, '2020-04-30');
INSERT INTO `softwareengineering`.`diet` (`idDiet`, `idUser`, `idMeal`, `date`) VALUES (1200, 2, 11, '2020-04-30');
INSERT INTO `softwareengineering`.`diet` (`idDiet`, `idUser`, `idMeal`, `date`) VALUES (1201, 2, 20, '2020-04-30');
INSERT INTO `softwareengineering`.`diet` (`idDiet`, `idUser`, `idMeal`, `date`) VALUES (1202, 2, 23, '2020-04-30');
INSERT INTO `softwareengineering`.`diet` (`idDiet`, `idUser`, `idMeal`, `date`) VALUES (1203, 2, 15, '2020-04-30');
INSERT INTO `softwareengineering`.`diet` (`idDiet`, `idUser`, `idMeal`, `date`) VALUES (1204, 2, 42, '2020-04-30');
INSERT INTO `softwareengineering`.`diet` (`idDiet`, `idUser`, `idMeal`, `date`) VALUES (1205, 2, 32, '2020-04-30');
INSERT INTO `softwareengineering`.`diet` (`idDiet`, `idUser`, `idMeal`, `date`) VALUES (1206, 2, 33, '2020-04-30');
INSERT INTO `softwareengineering`.`diet` (`idDiet`, `idUser`, `idMeal`, `date`) VALUES (1207, 2, 45, '2020-04-30');
INSERT INTO `softwareengineering`.`diet` (`idDiet`, `idUser`, `idMeal`, `date`) VALUES (1208, 2, 49, '2020-04-30');
INSERT INTO `softwareengineering`.`diet` (`idDiet`, `idUser`, `idMeal`, `date`) VALUES (1209, 2, 54, '2020-04-30');
INSERT INTO `softwareengineering`.`weighttracking` (`idWeightTracking`, `idUser`, `date`, `weight`) VALUES (121, 2, '2020-04-30', 90.94);
INSERT INTO `softwareengineering`.`exerciselink` (`idLink`, `idUser`, `idExerciseSession`, `date`) VALUES (126, 2, 5, '2020-04-29');
INSERT INTO `softwareengineering`.`exerciselink` (`idLink`, `idUser`, `idExerciseSession`, `date`) VALUES (127, 2, 5, '2020-04-29');
INSERT INTO `softwareengineering`.`diet` (`idDiet`, `idUser`, `idMeal`, `date`) VALUES (1210, 2, 6, '2020-04-29');
INSERT INTO `softwareengineering`.`diet` (`idDiet`, `idUser`, `idMeal`, `date`) VALUES (1211, 2, 8, '2020-04-29');
INSERT INTO `softwareengineering`.`diet` (`idDiet`, `idUser`, `idMeal`, `date`) VALUES (1212, 2, 10, '2020-04-29');
INSERT INTO `softwareengineering`.`diet` (`idDiet`, `idUser`, `idMeal`, `date`) VALUES (1213, 2, 16, '2020-04-29');
INSERT INTO `softwareengineering`.`diet` (`idDiet`, `idUser`, `idMeal`, `date`) VALUES (1214, 2, 24, '2020-04-29');
INSERT INTO `softwareengineering`.`diet` (`idDiet`, `idUser`, `idMeal`, `date`) VALUES (1215, 2, 41, '2020-04-29');
INSERT INTO `softwareengineering`.`diet` (`idDiet`, `idUser`, `idMeal`, `date`) VALUES (1216, 2, 32, '2020-04-29');
INSERT INTO `softwareengineering`.`diet` (`idDiet`, `idUser`, `idMeal`, `date`) VALUES (1217, 2, 59, '2020-04-29');
INSERT INTO `softwareengineering`.`diet` (`idDiet`, `idUser`, `idMeal`, `date`) VALUES (1218, 2, 52, '2020-04-29');
INSERT INTO `softwareengineering`.`diet` (`idDiet`, `idUser`, `idMeal`, `date`) VALUES (1219, 2, 48, '2020-04-29');
INSERT INTO `softwareengineering`.`weighttracking` (`idWeightTracking`, `idUser`, `date`, `weight`) VALUES (122, 2, '2020-04-29', 91.11);
INSERT INTO `softwareengineering`.`exerciselink` (`idLink`, `idUser`, `idExerciseSession`, `date`) VALUES (128, 2, 22, '2020-04-28');
INSERT INTO `softwareengineering`.`diet` (`idDiet`, `idUser`, `idMeal`, `date`) VALUES (1220, 2, 13, '2020-04-28');
INSERT INTO `softwareengineering`.`diet` (`idDiet`, `idUser`, `idMeal`, `date`) VALUES (1221, 2, 6, '2020-04-28');
INSERT INTO `softwareengineering`.`diet` (`idDiet`, `idUser`, `idMeal`, `date`) VALUES (1222, 2, 9, '2020-04-28');
INSERT INTO `softwareengineering`.`diet` (`idDiet`, `idUser`, `idMeal`, `date`) VALUES (1223, 2, 22, '2020-04-28');
INSERT INTO `softwareengineering`.`diet` (`idDiet`, `idUser`, `idMeal`, `date`) VALUES (1224, 2, 19, '2020-04-28');
INSERT INTO `softwareengineering`.`diet` (`idDiet`, `idUser`, `idMeal`, `date`) VALUES (1225, 2, 39, '2020-04-28');
INSERT INTO `softwareengineering`.`diet` (`idDiet`, `idUser`, `idMeal`, `date`) VALUES (1226, 2, 37, '2020-04-28');
INSERT INTO `softwareengineering`.`diet` (`idDiet`, `idUser`, `idMeal`, `date`) VALUES (1227, 2, 47, '2020-04-28');
INSERT INTO `softwareengineering`.`diet` (`idDiet`, `idUser`, `idMeal`, `date`) VALUES (1228, 2, 52, '2020-04-28');
INSERT INTO `softwareengineering`.`weighttracking` (`idWeightTracking`, `idUser`, `date`, `weight`) VALUES (123, 2, '2020-04-28', 91.06);
INSERT INTO `softwareengineering`.`exerciselink` (`idLink`, `idUser`, `idExerciseSession`, `date`) VALUES (129, 2, 9, '2020-04-27');
INSERT INTO `softwareengineering`.`diet` (`idDiet`, `idUser`, `idMeal`, `date`) VALUES (1229, 2, 13, '2020-04-27');
INSERT INTO `softwareengineering`.`diet` (`idDiet`, `idUser`, `idMeal`, `date`) VALUES (1230, 2, 4, '2020-04-27');
INSERT INTO `softwareengineering`.`diet` (`idDiet`, `idUser`, `idMeal`, `date`) VALUES (1231, 2, 0, '2020-04-27');
INSERT INTO `softwareengineering`.`diet` (`idDiet`, `idUser`, `idMeal`, `date`) VALUES (1232, 2, 27, '2020-04-27');
INSERT INTO `softwareengineering`.`diet` (`idDiet`, `idUser`, `idMeal`, `date`) VALUES (1233, 2, 29, '2020-04-27');
INSERT INTO `softwareengineering`.`diet` (`idDiet`, `idUser`, `idMeal`, `date`) VALUES (1234, 2, 17, '2020-04-27');
INSERT INTO `softwareengineering`.`diet` (`idDiet`, `idUser`, `idMeal`, `date`) VALUES (1235, 2, 31, '2020-04-27');
INSERT INTO `softwareengineering`.`diet` (`idDiet`, `idUser`, `idMeal`, `date`) VALUES (1236, 2, 43, '2020-04-27');
INSERT INTO `softwareengineering`.`diet` (`idDiet`, `idUser`, `idMeal`, `date`) VALUES (1237, 2, 59, '2020-04-27');
INSERT INTO `softwareengineering`.`diet` (`idDiet`, `idUser`, `idMeal`, `date`) VALUES (1238, 2, 55, '2020-04-27');
INSERT INTO `softwareengineering`.`weighttracking` (`idWeightTracking`, `idUser`, `date`, `weight`) VALUES (124, 2, '2020-04-27', 91.05);
INSERT INTO `softwareengineering`.`exerciselink` (`idLink`, `idUser`, `idExerciseSession`, `date`) VALUES (130, 2, 17, '2020-04-26');
INSERT INTO `softwareengineering`.`diet` (`idDiet`, `idUser`, `idMeal`, `date`) VALUES (1239, 2, 6, '2020-04-26');
INSERT INTO `softwareengineering`.`diet` (`idDiet`, `idUser`, `idMeal`, `date`) VALUES (1240, 2, 13, '2020-04-26');
INSERT INTO `softwareengineering`.`diet` (`idDiet`, `idUser`, `idMeal`, `date`) VALUES (1241, 2, 17, '2020-04-26');
INSERT INTO `softwareengineering`.`diet` (`idDiet`, `idUser`, `idMeal`, `date`) VALUES (1242, 2, 29, '2020-04-26');
INSERT INTO `softwareengineering`.`diet` (`idDiet`, `idUser`, `idMeal`, `date`) VALUES (1243, 2, 18, '2020-04-26');
INSERT INTO `softwareengineering`.`diet` (`idDiet`, `idUser`, `idMeal`, `date`) VALUES (1244, 2, 35, '2020-04-26');
INSERT INTO `softwareengineering`.`diet` (`idDiet`, `idUser`, `idMeal`, `date`) VALUES (1245, 2, 44, '2020-04-26');
INSERT INTO `softwareengineering`.`diet` (`idDiet`, `idUser`, `idMeal`, `date`) VALUES (1246, 2, 51, '2020-04-26');
INSERT INTO `softwareengineering`.`diet` (`idDiet`, `idUser`, `idMeal`, `date`) VALUES (1247, 2, 52, '2020-04-26');
INSERT INTO `softwareengineering`.`weighttracking` (`idWeightTracking`, `idUser`, `date`, `weight`) VALUES (125, 2, '2020-04-26', 90.98);
INSERT INTO `softwareengineering`.`diet` (`idDiet`, `idUser`, `idMeal`, `date`) VALUES (1248, 2, 13, '2020-04-25');
INSERT INTO `softwareengineering`.`diet` (`idDiet`, `idUser`, `idMeal`, `date`) VALUES (1249, 2, 3, '2020-04-25');
INSERT INTO `softwareengineering`.`diet` (`idDiet`, `idUser`, `idMeal`, `date`) VALUES (1250, 2, 21, '2020-04-25');
INSERT INTO `softwareengineering`.`diet` (`idDiet`, `idUser`, `idMeal`, `date`) VALUES (1251, 2, 15, '2020-04-25');
INSERT INTO `softwareengineering`.`diet` (`idDiet`, `idUser`, `idMeal`, `date`) VALUES (1252, 2, 38, '2020-04-25');
INSERT INTO `softwareengineering`.`diet` (`idDiet`, `idUser`, `idMeal`, `date`) VALUES (1253, 2, 39, '2020-04-25');
INSERT INTO `softwareengineering`.`diet` (`idDiet`, `idUser`, `idMeal`, `date`) VALUES (1254, 2, 40, '2020-04-25');
INSERT INTO `softwareengineering`.`diet` (`idDiet`, `idUser`, `idMeal`, `date`) VALUES (1255, 2, 49, '2020-04-25');
INSERT INTO `softwareengineering`.`diet` (`idDiet`, `idUser`, `idMeal`, `date`) VALUES (1256, 2, 57, '2020-04-25');
INSERT INTO `softwareengineering`.`diet` (`idDiet`, `idUser`, `idMeal`, `date`) VALUES (1257, 2, 53, '2020-04-25');
INSERT INTO `softwareengineering`.`weighttracking` (`idWeightTracking`, `idUser`, `date`, `weight`) VALUES (126, 2, '2020-04-25', 91.19);
INSERT INTO `softwareengineering`.`exerciselink` (`idLink`, `idUser`, `idExerciseSession`, `date`) VALUES (131, 2, 0, '2020-04-24');
INSERT INTO `softwareengineering`.`exerciselink` (`idLink`, `idUser`, `idExerciseSession`, `date`) VALUES (132, 2, 4, '2020-04-24');
INSERT INTO `softwareengineering`.`diet` (`idDiet`, `idUser`, `idMeal`, `date`) VALUES (1258, 2, 3, '2020-04-24');
INSERT INTO `softwareengineering`.`diet` (`idDiet`, `idUser`, `idMeal`, `date`) VALUES (1259, 2, 7, '2020-04-24');
INSERT INTO `softwareengineering`.`diet` (`idDiet`, `idUser`, `idMeal`, `date`) VALUES (1260, 2, 6, '2020-04-24');
INSERT INTO `softwareengineering`.`diet` (`idDiet`, `idUser`, `idMeal`, `date`) VALUES (1261, 2, 29, '2020-04-24');
INSERT INTO `softwareengineering`.`diet` (`idDiet`, `idUser`, `idMeal`, `date`) VALUES (1262, 2, 15, '2020-04-24');
INSERT INTO `softwareengineering`.`diet` (`idDiet`, `idUser`, `idMeal`, `date`) VALUES (1263, 2, 40, '2020-04-24');
INSERT INTO `softwareengineering`.`diet` (`idDiet`, `idUser`, `idMeal`, `date`) VALUES (1264, 2, 37, '2020-04-24');
INSERT INTO `softwareengineering`.`diet` (`idDiet`, `idUser`, `idMeal`, `date`) VALUES (1265, 2, 50, '2020-04-24');
INSERT INTO `softwareengineering`.`diet` (`idDiet`, `idUser`, `idMeal`, `date`) VALUES (1266, 2, 58, '2020-04-24');
INSERT INTO `softwareengineering`.`weighttracking` (`idWeightTracking`, `idUser`, `date`, `weight`) VALUES (127, 2, '2020-04-24', 91.34);
INSERT INTO `softwareengineering`.`exerciselink` (`idLink`, `idUser`, `idExerciseSession`, `date`) VALUES (133, 2, 4, '2020-04-23');
INSERT INTO `softwareengineering`.`exerciselink` (`idLink`, `idUser`, `idExerciseSession`, `date`) VALUES (134, 2, 13, '2020-04-23');
INSERT INTO `softwareengineering`.`diet` (`idDiet`, `idUser`, `idMeal`, `date`) VALUES (1267, 2, 9, '2020-04-23');
INSERT INTO `softwareengineering`.`diet` (`idDiet`, `idUser`, `idMeal`, `date`) VALUES (1268, 2, 14, '2020-04-23');
INSERT INTO `softwareengineering`.`diet` (`idDiet`, `idUser`, `idMeal`, `date`) VALUES (1269, 2, 24, '2020-04-23');
INSERT INTO `softwareengineering`.`diet` (`idDiet`, `idUser`, `idMeal`, `date`) VALUES (1270, 2, 15, '2020-04-23');
INSERT INTO `softwareengineering`.`diet` (`idDiet`, `idUser`, `idMeal`, `date`) VALUES (1271, 2, 32, '2020-04-23');
INSERT INTO `softwareengineering`.`diet` (`idDiet`, `idUser`, `idMeal`, `date`) VALUES (1272, 2, 32, '2020-04-23');
INSERT INTO `softwareengineering`.`diet` (`idDiet`, `idUser`, `idMeal`, `date`) VALUES (1273, 2, 36, '2020-04-23');
INSERT INTO `softwareengineering`.`diet` (`idDiet`, `idUser`, `idMeal`, `date`) VALUES (1274, 2, 52, '2020-04-23');
INSERT INTO `softwareengineering`.`diet` (`idDiet`, `idUser`, `idMeal`, `date`) VALUES (1275, 2, 52, '2020-04-23');
INSERT INTO `softwareengineering`.`weighttracking` (`idWeightTracking`, `idUser`, `date`, `weight`) VALUES (128, 2, '2020-04-23', 91.26);
INSERT INTO `softwareengineering`.`exerciselink` (`idLink`, `idUser`, `idExerciseSession`, `date`) VALUES (135, 2, 6, '2020-04-22');
INSERT INTO `softwareengineering`.`exerciselink` (`idLink`, `idUser`, `idExerciseSession`, `date`) VALUES (136, 2, 13, '2020-04-22');
INSERT INTO `softwareengineering`.`diet` (`idDiet`, `idUser`, `idMeal`, `date`) VALUES (1276, 2, 9, '2020-04-22');
INSERT INTO `softwareengineering`.`diet` (`idDiet`, `idUser`, `idMeal`, `date`) VALUES (1277, 2, 11, '2020-04-22');
INSERT INTO `softwareengineering`.`diet` (`idDiet`, `idUser`, `idMeal`, `date`) VALUES (1278, 2, 17, '2020-04-22');
INSERT INTO `softwareengineering`.`diet` (`idDiet`, `idUser`, `idMeal`, `date`) VALUES (1279, 2, 28, '2020-04-22');
INSERT INTO `softwareengineering`.`diet` (`idDiet`, `idUser`, `idMeal`, `date`) VALUES (1280, 2, 17, '2020-04-22');
INSERT INTO `softwareengineering`.`diet` (`idDiet`, `idUser`, `idMeal`, `date`) VALUES (1281, 2, 34, '2020-04-22');
INSERT INTO `softwareengineering`.`diet` (`idDiet`, `idUser`, `idMeal`, `date`) VALUES (1282, 2, 30, '2020-04-22');
INSERT INTO `softwareengineering`.`diet` (`idDiet`, `idUser`, `idMeal`, `date`) VALUES (1283, 2, 40, '2020-04-22');
INSERT INTO `softwareengineering`.`diet` (`idDiet`, `idUser`, `idMeal`, `date`) VALUES (1284, 2, 56, '2020-04-22');
INSERT INTO `softwareengineering`.`diet` (`idDiet`, `idUser`, `idMeal`, `date`) VALUES (1285, 2, 58, '2020-04-22');
INSERT INTO `softwareengineering`.`diet` (`idDiet`, `idUser`, `idMeal`, `date`) VALUES (1286, 2, 51, '2020-04-22');
INSERT INTO `softwareengineering`.`weighttracking` (`idWeightTracking`, `idUser`, `date`, `weight`) VALUES (129, 2, '2020-04-22', 91.15);
INSERT INTO `softwareengineering`.`exerciselink` (`idLink`, `idUser`, `idExerciseSession`, `date`) VALUES (137, 2, 3, '2020-04-21');
INSERT INTO `softwareengineering`.`exerciselink` (`idLink`, `idUser`, `idExerciseSession`, `date`) VALUES (138, 2, 9, '2020-04-21');
INSERT INTO `softwareengineering`.`diet` (`idDiet`, `idUser`, `idMeal`, `date`) VALUES (1287, 2, 12, '2020-04-21');
INSERT INTO `softwareengineering`.`diet` (`idDiet`, `idUser`, `idMeal`, `date`) VALUES (1288, 2, 4, '2020-04-21');
INSERT INTO `softwareengineering`.`diet` (`idDiet`, `idUser`, `idMeal`, `date`) VALUES (1289, 2, 3, '2020-04-21');
INSERT INTO `softwareengineering`.`diet` (`idDiet`, `idUser`, `idMeal`, `date`) VALUES (1290, 2, 29, '2020-04-21');
INSERT INTO `softwareengineering`.`diet` (`idDiet`, `idUser`, `idMeal`, `date`) VALUES (1291, 2, 28, '2020-04-21');
INSERT INTO `softwareengineering`.`diet` (`idDiet`, `idUser`, `idMeal`, `date`) VALUES (1292, 2, 30, '2020-04-21');
INSERT INTO `softwareengineering`.`diet` (`idDiet`, `idUser`, `idMeal`, `date`) VALUES (1293, 2, 35, '2020-04-21');
INSERT INTO `softwareengineering`.`diet` (`idDiet`, `idUser`, `idMeal`, `date`) VALUES (1294, 2, 56, '2020-04-21');
INSERT INTO `softwareengineering`.`diet` (`idDiet`, `idUser`, `idMeal`, `date`) VALUES (1295, 2, 55, '2020-04-21');
INSERT INTO `softwareengineering`.`weighttracking` (`idWeightTracking`, `idUser`, `date`, `weight`) VALUES (130, 2, '2020-04-21', 91.25);
INSERT INTO `softwareengineering`.`exerciselink` (`idLink`, `idUser`, `idExerciseSession`, `date`) VALUES (139, 2, 15, '2020-04-20');
INSERT INTO `softwareengineering`.`exerciselink` (`idLink`, `idUser`, `idExerciseSession`, `date`) VALUES (140, 2, 12, '2020-04-20');
INSERT INTO `softwareengineering`.`diet` (`idDiet`, `idUser`, `idMeal`, `date`) VALUES (1296, 2, 2, '2020-04-20');
INSERT INTO `softwareengineering`.`diet` (`idDiet`, `idUser`, `idMeal`, `date`) VALUES (1297, 2, 11, '2020-04-20');
INSERT INTO `softwareengineering`.`diet` (`idDiet`, `idUser`, `idMeal`, `date`) VALUES (1298, 2, 26, '2020-04-20');
INSERT INTO `softwareengineering`.`diet` (`idDiet`, `idUser`, `idMeal`, `date`) VALUES (1299, 2, 26, '2020-04-20');
INSERT INTO `softwareengineering`.`diet` (`idDiet`, `idUser`, `idMeal`, `date`) VALUES (1300, 2, 36, '2020-04-20');
INSERT INTO `softwareengineering`.`diet` (`idDiet`, `idUser`, `idMeal`, `date`) VALUES (1301, 2, 40, '2020-04-20');
INSERT INTO `softwareengineering`.`diet` (`idDiet`, `idUser`, `idMeal`, `date`) VALUES (1302, 2, 59, '2020-04-20');
INSERT INTO `softwareengineering`.`diet` (`idDiet`, `idUser`, `idMeal`, `date`) VALUES (1303, 2, 57, '2020-04-20');
INSERT INTO `softwareengineering`.`diet` (`idDiet`, `idUser`, `idMeal`, `date`) VALUES (1304, 2, 58, '2020-04-20');
INSERT INTO `softwareengineering`.`weighttracking` (`idWeightTracking`, `idUser`, `date`, `weight`) VALUES (131, 2, '2020-04-20', 91.25);
INSERT INTO `softwareengineering`.`exerciselink` (`idLink`, `idUser`, `idExerciseSession`, `date`) VALUES (141, 2, 14, '2020-04-19');
INSERT INTO `softwareengineering`.`diet` (`idDiet`, `idUser`, `idMeal`, `date`) VALUES (1305, 2, 5, '2020-04-19');
INSERT INTO `softwareengineering`.`diet` (`idDiet`, `idUser`, `idMeal`, `date`) VALUES (1306, 2, 1, '2020-04-19');
INSERT INTO `softwareengineering`.`diet` (`idDiet`, `idUser`, `idMeal`, `date`) VALUES (1307, 2, 7, '2020-04-19');
INSERT INTO `softwareengineering`.`diet` (`idDiet`, `idUser`, `idMeal`, `date`) VALUES (1308, 2, 22, '2020-04-19');
INSERT INTO `softwareengineering`.`diet` (`idDiet`, `idUser`, `idMeal`, `date`) VALUES (1309, 2, 18, '2020-04-19');
INSERT INTO `softwareengineering`.`diet` (`idDiet`, `idUser`, `idMeal`, `date`) VALUES (1310, 2, 24, '2020-04-19');
INSERT INTO `softwareengineering`.`diet` (`idDiet`, `idUser`, `idMeal`, `date`) VALUES (1311, 2, 39, '2020-04-19');
INSERT INTO `softwareengineering`.`diet` (`idDiet`, `idUser`, `idMeal`, `date`) VALUES (1312, 2, 34, '2020-04-19');
INSERT INTO `softwareengineering`.`diet` (`idDiet`, `idUser`, `idMeal`, `date`) VALUES (1313, 2, 36, '2020-04-19');
INSERT INTO `softwareengineering`.`diet` (`idDiet`, `idUser`, `idMeal`, `date`) VALUES (1314, 2, 48, '2020-04-19');
INSERT INTO `softwareengineering`.`diet` (`idDiet`, `idUser`, `idMeal`, `date`) VALUES (1315, 2, 50, '2020-04-19');
INSERT INTO `softwareengineering`.`diet` (`idDiet`, `idUser`, `idMeal`, `date`) VALUES (1316, 2, 47, '2020-04-19');
INSERT INTO `softwareengineering`.`weighttracking` (`idWeightTracking`, `idUser`, `date`, `weight`) VALUES (132, 2, '2020-04-19', 91.06);
INSERT INTO `softwareengineering`.`diet` (`idDiet`, `idUser`, `idMeal`, `date`) VALUES (1317, 2, 2, '2020-04-18');
INSERT INTO `softwareengineering`.`diet` (`idDiet`, `idUser`, `idMeal`, `date`) VALUES (1318, 2, 3, '2020-04-18');
INSERT INTO `softwareengineering`.`diet` (`idDiet`, `idUser`, `idMeal`, `date`) VALUES (1319, 2, 5, '2020-04-18');
INSERT INTO `softwareengineering`.`diet` (`idDiet`, `idUser`, `idMeal`, `date`) VALUES (1320, 2, 18, '2020-04-18');
INSERT INTO `softwareengineering`.`diet` (`idDiet`, `idUser`, `idMeal`, `date`) VALUES (1321, 2, 21, '2020-04-18');
INSERT INTO `softwareengineering`.`diet` (`idDiet`, `idUser`, `idMeal`, `date`) VALUES (1322, 2, 36, '2020-04-18');
INSERT INTO `softwareengineering`.`diet` (`idDiet`, `idUser`, `idMeal`, `date`) VALUES (1323, 2, 35, '2020-04-18');
INSERT INTO `softwareengineering`.`diet` (`idDiet`, `idUser`, `idMeal`, `date`) VALUES (1324, 2, 41, '2020-04-18');
INSERT INTO `softwareengineering`.`diet` (`idDiet`, `idUser`, `idMeal`, `date`) VALUES (1325, 2, 51, '2020-04-18');
INSERT INTO `softwareengineering`.`diet` (`idDiet`, `idUser`, `idMeal`, `date`) VALUES (1326, 2, 49, '2020-04-18');
INSERT INTO `softwareengineering`.`weighttracking` (`idWeightTracking`, `idUser`, `date`, `weight`) VALUES (133, 2, '2020-04-18', 91.24);
INSERT INTO `softwareengineering`.`exerciselink` (`idLink`, `idUser`, `idExerciseSession`, `date`) VALUES (142, 2, 12, '2020-04-17');
INSERT INTO `softwareengineering`.`diet` (`idDiet`, `idUser`, `idMeal`, `date`) VALUES (1327, 2, 6, '2020-04-17');
INSERT INTO `softwareengineering`.`diet` (`idDiet`, `idUser`, `idMeal`, `date`) VALUES (1328, 2, 10, '2020-04-17');
INSERT INTO `softwareengineering`.`diet` (`idDiet`, `idUser`, `idMeal`, `date`) VALUES (1329, 2, 29, '2020-04-17');
INSERT INTO `softwareengineering`.`diet` (`idDiet`, `idUser`, `idMeal`, `date`) VALUES (1330, 2, 19, '2020-04-17');
INSERT INTO `softwareengineering`.`diet` (`idDiet`, `idUser`, `idMeal`, `date`) VALUES (1331, 2, 29, '2020-04-17');
INSERT INTO `softwareengineering`.`diet` (`idDiet`, `idUser`, `idMeal`, `date`) VALUES (1332, 2, 43, '2020-04-17');
INSERT INTO `softwareengineering`.`diet` (`idDiet`, `idUser`, `idMeal`, `date`) VALUES (1333, 2, 42, '2020-04-17');
INSERT INTO `softwareengineering`.`diet` (`idDiet`, `idUser`, `idMeal`, `date`) VALUES (1334, 2, 55, '2020-04-17');
INSERT INTO `softwareengineering`.`diet` (`idDiet`, `idUser`, `idMeal`, `date`) VALUES (1335, 2, 52, '2020-04-17');
INSERT INTO `softwareengineering`.`weighttracking` (`idWeightTracking`, `idUser`, `date`, `weight`) VALUES (134, 2, '2020-04-17', 91.46);
INSERT INTO `softwareengineering`.`exerciselink` (`idLink`, `idUser`, `idExerciseSession`, `date`) VALUES (143, 2, 1, '2020-04-16');
INSERT INTO `softwareengineering`.`diet` (`idDiet`, `idUser`, `idMeal`, `date`) VALUES (1336, 2, 0, '2020-04-16');
INSERT INTO `softwareengineering`.`diet` (`idDiet`, `idUser`, `idMeal`, `date`) VALUES (1337, 2, 9, '2020-04-16');
INSERT INTO `softwareengineering`.`diet` (`idDiet`, `idUser`, `idMeal`, `date`) VALUES (1338, 2, 1, '2020-04-16');
INSERT INTO `softwareengineering`.`diet` (`idDiet`, `idUser`, `idMeal`, `date`) VALUES (1339, 2, 28, '2020-04-16');
INSERT INTO `softwareengineering`.`diet` (`idDiet`, `idUser`, `idMeal`, `date`) VALUES (1340, 2, 28, '2020-04-16');
INSERT INTO `softwareengineering`.`diet` (`idDiet`, `idUser`, `idMeal`, `date`) VALUES (1341, 2, 39, '2020-04-16');
INSERT INTO `softwareengineering`.`diet` (`idDiet`, `idUser`, `idMeal`, `date`) VALUES (1342, 2, 40, '2020-04-16');
INSERT INTO `softwareengineering`.`diet` (`idDiet`, `idUser`, `idMeal`, `date`) VALUES (1343, 2, 53, '2020-04-16');
INSERT INTO `softwareengineering`.`diet` (`idDiet`, `idUser`, `idMeal`, `date`) VALUES (1344, 2, 48, '2020-04-16');
INSERT INTO `softwareengineering`.`diet` (`idDiet`, `idUser`, `idMeal`, `date`) VALUES (1345, 2, 59, '2020-04-16');
INSERT INTO `softwareengineering`.`weighttracking` (`idWeightTracking`, `idUser`, `date`, `weight`) VALUES (135, 2, '2020-04-16', 91.55);
INSERT INTO `softwareengineering`.`exerciselink` (`idLink`, `idUser`, `idExerciseSession`, `date`) VALUES (144, 2, 0, '2020-04-15');
INSERT INTO `softwareengineering`.`diet` (`idDiet`, `idUser`, `idMeal`, `date`) VALUES (1346, 2, 5, '2020-04-15');
INSERT INTO `softwareengineering`.`diet` (`idDiet`, `idUser`, `idMeal`, `date`) VALUES (1347, 2, 4, '2020-04-15');
INSERT INTO `softwareengineering`.`diet` (`idDiet`, `idUser`, `idMeal`, `date`) VALUES (1348, 2, 20, '2020-04-15');
INSERT INTO `softwareengineering`.`diet` (`idDiet`, `idUser`, `idMeal`, `date`) VALUES (1349, 2, 22, '2020-04-15');
INSERT INTO `softwareengineering`.`diet` (`idDiet`, `idUser`, `idMeal`, `date`) VALUES (1350, 2, 42, '2020-04-15');
INSERT INTO `softwareengineering`.`diet` (`idDiet`, `idUser`, `idMeal`, `date`) VALUES (1351, 2, 39, '2020-04-15');
INSERT INTO `softwareengineering`.`diet` (`idDiet`, `idUser`, `idMeal`, `date`) VALUES (1352, 2, 42, '2020-04-15');
INSERT INTO `softwareengineering`.`diet` (`idDiet`, `idUser`, `idMeal`, `date`) VALUES (1353, 2, 56, '2020-04-15');
INSERT INTO `softwareengineering`.`diet` (`idDiet`, `idUser`, `idMeal`, `date`) VALUES (1354, 2, 49, '2020-04-15');
INSERT INTO `softwareengineering`.`diet` (`idDiet`, `idUser`, `idMeal`, `date`) VALUES (1355, 2, 49, '2020-04-15');
INSERT INTO `softwareengineering`.`weighttracking` (`idWeightTracking`, `idUser`, `date`, `weight`) VALUES (136, 2, '2020-04-15', 91.76);
INSERT INTO `softwareengineering`.`exerciselink` (`idLink`, `idUser`, `idExerciseSession`, `date`) VALUES (145, 2, 1, '2020-04-14');
INSERT INTO `softwareengineering`.`exerciselink` (`idLink`, `idUser`, `idExerciseSession`, `date`) VALUES (146, 2, 16, '2020-04-14');
INSERT INTO `softwareengineering`.`diet` (`idDiet`, `idUser`, `idMeal`, `date`) VALUES (1356, 2, 9, '2020-04-14');
INSERT INTO `softwareengineering`.`diet` (`idDiet`, `idUser`, `idMeal`, `date`) VALUES (1357, 2, 9, '2020-04-14');
INSERT INTO `softwareengineering`.`diet` (`idDiet`, `idUser`, `idMeal`, `date`) VALUES (1358, 2, 14, '2020-04-14');
INSERT INTO `softwareengineering`.`diet` (`idDiet`, `idUser`, `idMeal`, `date`) VALUES (1359, 2, 23, '2020-04-14');
INSERT INTO `softwareengineering`.`diet` (`idDiet`, `idUser`, `idMeal`, `date`) VALUES (1360, 2, 20, '2020-04-14');
INSERT INTO `softwareengineering`.`diet` (`idDiet`, `idUser`, `idMeal`, `date`) VALUES (1361, 2, 15, '2020-04-14');
INSERT INTO `softwareengineering`.`diet` (`idDiet`, `idUser`, `idMeal`, `date`) VALUES (1362, 2, 43, '2020-04-14');
INSERT INTO `softwareengineering`.`diet` (`idDiet`, `idUser`, `idMeal`, `date`) VALUES (1363, 2, 43, '2020-04-14');
INSERT INTO `softwareengineering`.`diet` (`idDiet`, `idUser`, `idMeal`, `date`) VALUES (1364, 2, 47, '2020-04-14');
INSERT INTO `softwareengineering`.`diet` (`idDiet`, `idUser`, `idMeal`, `date`) VALUES (1365, 2, 50, '2020-04-14');
INSERT INTO `softwareengineering`.`weighttracking` (`idWeightTracking`, `idUser`, `date`, `weight`) VALUES (137, 2, '2020-04-14', 91.75);
INSERT INTO `softwareengineering`.`exerciselink` (`idLink`, `idUser`, `idExerciseSession`, `date`) VALUES (147, 2, 24, '2020-04-13');
INSERT INTO `softwareengineering`.`exerciselink` (`idLink`, `idUser`, `idExerciseSession`, `date`) VALUES (148, 2, 23, '2020-04-13');
INSERT INTO `softwareengineering`.`diet` (`idDiet`, `idUser`, `idMeal`, `date`) VALUES (1366, 2, 8, '2020-04-13');
INSERT INTO `softwareengineering`.`diet` (`idDiet`, `idUser`, `idMeal`, `date`) VALUES (1367, 2, 7, '2020-04-13');
INSERT INTO `softwareengineering`.`diet` (`idDiet`, `idUser`, `idMeal`, `date`) VALUES (1368, 2, 24, '2020-04-13');
INSERT INTO `softwareengineering`.`diet` (`idDiet`, `idUser`, `idMeal`, `date`) VALUES (1369, 2, 26, '2020-04-13');
INSERT INTO `softwareengineering`.`diet` (`idDiet`, `idUser`, `idMeal`, `date`) VALUES (1370, 2, 24, '2020-04-13');
INSERT INTO `softwareengineering`.`diet` (`idDiet`, `idUser`, `idMeal`, `date`) VALUES (1371, 2, 43, '2020-04-13');
INSERT INTO `softwareengineering`.`diet` (`idDiet`, `idUser`, `idMeal`, `date`) VALUES (1372, 2, 37, '2020-04-13');
INSERT INTO `softwareengineering`.`diet` (`idDiet`, `idUser`, `idMeal`, `date`) VALUES (1373, 2, 35, '2020-04-13');
INSERT INTO `softwareengineering`.`diet` (`idDiet`, `idUser`, `idMeal`, `date`) VALUES (1374, 2, 59, '2020-04-13');
INSERT INTO `softwareengineering`.`diet` (`idDiet`, `idUser`, `idMeal`, `date`) VALUES (1375, 2, 51, '2020-04-13');
INSERT INTO `softwareengineering`.`weighttracking` (`idWeightTracking`, `idUser`, `date`, `weight`) VALUES (138, 2, '2020-04-13', 91.98);
INSERT INTO `softwareengineering`.`diet` (`idDiet`, `idUser`, `idMeal`, `date`) VALUES (1376, 2, 7, '2020-04-12');
INSERT INTO `softwareengineering`.`diet` (`idDiet`, `idUser`, `idMeal`, `date`) VALUES (1377, 2, 14, '2020-04-12');
INSERT INTO `softwareengineering`.`diet` (`idDiet`, `idUser`, `idMeal`, `date`) VALUES (1378, 2, 14, '2020-04-12');
INSERT INTO `softwareengineering`.`diet` (`idDiet`, `idUser`, `idMeal`, `date`) VALUES (1379, 2, 16, '2020-04-12');
INSERT INTO `softwareengineering`.`diet` (`idDiet`, `idUser`, `idMeal`, `date`) VALUES (1380, 2, 24, '2020-04-12');
INSERT INTO `softwareengineering`.`diet` (`idDiet`, `idUser`, `idMeal`, `date`) VALUES (1381, 2, 38, '2020-04-12');
INSERT INTO `softwareengineering`.`diet` (`idDiet`, `idUser`, `idMeal`, `date`) VALUES (1382, 2, 37, '2020-04-12');
INSERT INTO `softwareengineering`.`diet` (`idDiet`, `idUser`, `idMeal`, `date`) VALUES (1383, 2, 32, '2020-04-12');
INSERT INTO `softwareengineering`.`diet` (`idDiet`, `idUser`, `idMeal`, `date`) VALUES (1384, 2, 50, '2020-04-12');
INSERT INTO `softwareengineering`.`diet` (`idDiet`, `idUser`, `idMeal`, `date`) VALUES (1385, 2, 47, '2020-04-12');
INSERT INTO `softwareengineering`.`diet` (`idDiet`, `idUser`, `idMeal`, `date`) VALUES (1386, 2, 54, '2020-04-12');
INSERT INTO `softwareengineering`.`weighttracking` (`idWeightTracking`, `idUser`, `date`, `weight`) VALUES (139, 2, '2020-04-12', 91.96);
INSERT INTO `softwareengineering`.`exerciselink` (`idLink`, `idUser`, `idExerciseSession`, `date`) VALUES (149, 2, 21, '2020-04-11');
INSERT INTO `softwareengineering`.`exerciselink` (`idLink`, `idUser`, `idExerciseSession`, `date`) VALUES (150, 2, 23, '2020-04-11');
INSERT INTO `softwareengineering`.`diet` (`idDiet`, `idUser`, `idMeal`, `date`) VALUES (1387, 2, 5, '2020-04-11');
INSERT INTO `softwareengineering`.`diet` (`idDiet`, `idUser`, `idMeal`, `date`) VALUES (1388, 2, 10, '2020-04-11');
INSERT INTO `softwareengineering`.`diet` (`idDiet`, `idUser`, `idMeal`, `date`) VALUES (1389, 2, 9, '2020-04-11');
INSERT INTO `softwareengineering`.`diet` (`idDiet`, `idUser`, `idMeal`, `date`) VALUES (1390, 2, 28, '2020-04-11');
INSERT INTO `softwareengineering`.`diet` (`idDiet`, `idUser`, `idMeal`, `date`) VALUES (1391, 2, 22, '2020-04-11');
INSERT INTO `softwareengineering`.`diet` (`idDiet`, `idUser`, `idMeal`, `date`) VALUES (1392, 2, 38, '2020-04-11');
INSERT INTO `softwareengineering`.`diet` (`idDiet`, `idUser`, `idMeal`, `date`) VALUES (1393, 2, 37, '2020-04-11');
INSERT INTO `softwareengineering`.`diet` (`idDiet`, `idUser`, `idMeal`, `date`) VALUES (1394, 2, 35, '2020-04-11');
INSERT INTO `softwareengineering`.`diet` (`idDiet`, `idUser`, `idMeal`, `date`) VALUES (1395, 2, 46, '2020-04-11');
INSERT INTO `softwareengineering`.`diet` (`idDiet`, `idUser`, `idMeal`, `date`) VALUES (1396, 2, 51, '2020-04-11');
INSERT INTO `softwareengineering`.`diet` (`idDiet`, `idUser`, `idMeal`, `date`) VALUES (1397, 2, 55, '2020-04-11');
INSERT INTO `softwareengineering`.`weighttracking` (`idWeightTracking`, `idUser`, `date`, `weight`) VALUES (140, 2, '2020-04-11', 91.95);
INSERT INTO `softwareengineering`.`diet` (`idDiet`, `idUser`, `idMeal`, `date`) VALUES (1398, 2, 6, '2020-04-10');
INSERT INTO `softwareengineering`.`diet` (`idDiet`, `idUser`, `idMeal`, `date`) VALUES (1399, 2, 5, '2020-04-10');
INSERT INTO `softwareengineering`.`diet` (`idDiet`, `idUser`, `idMeal`, `date`) VALUES (1400, 2, 12, '2020-04-10');
INSERT INTO `softwareengineering`.`diet` (`idDiet`, `idUser`, `idMeal`, `date`) VALUES (1401, 2, 20, '2020-04-10');
INSERT INTO `softwareengineering`.`diet` (`idDiet`, `idUser`, `idMeal`, `date`) VALUES (1402, 2, 22, '2020-04-10');
INSERT INTO `softwareengineering`.`diet` (`idDiet`, `idUser`, `idMeal`, `date`) VALUES (1403, 2, 40, '2020-04-10');
INSERT INTO `softwareengineering`.`diet` (`idDiet`, `idUser`, `idMeal`, `date`) VALUES (1404, 2, 40, '2020-04-10');
INSERT INTO `softwareengineering`.`diet` (`idDiet`, `idUser`, `idMeal`, `date`) VALUES (1405, 2, 47, '2020-04-10');
INSERT INTO `softwareengineering`.`diet` (`idDiet`, `idUser`, `idMeal`, `date`) VALUES (1406, 2, 59, '2020-04-10');
INSERT INTO `softwareengineering`.`diet` (`idDiet`, `idUser`, `idMeal`, `date`) VALUES (1407, 2, 47, '2020-04-10');
INSERT INTO `softwareengineering`.`weighttracking` (`idWeightTracking`, `idUser`, `date`, `weight`) VALUES (141, 2, '2020-04-10', 92.02);
INSERT INTO `softwareengineering`.`exerciselink` (`idLink`, `idUser`, `idExerciseSession`, `date`) VALUES (151, 2, 1, '2020-04-09');
INSERT INTO `softwareengineering`.`exerciselink` (`idLink`, `idUser`, `idExerciseSession`, `date`) VALUES (152, 2, 8, '2020-04-09');
INSERT INTO `softwareengineering`.`diet` (`idDiet`, `idUser`, `idMeal`, `date`) VALUES (1408, 2, 1, '2020-04-09');
INSERT INTO `softwareengineering`.`diet` (`idDiet`, `idUser`, `idMeal`, `date`) VALUES (1409, 2, 7, '2020-04-09');
INSERT INTO `softwareengineering`.`diet` (`idDiet`, `idUser`, `idMeal`, `date`) VALUES (1410, 2, 20, '2020-04-09');
INSERT INTO `softwareengineering`.`diet` (`idDiet`, `idUser`, `idMeal`, `date`) VALUES (1411, 2, 18, '2020-04-09');
INSERT INTO `softwareengineering`.`diet` (`idDiet`, `idUser`, `idMeal`, `date`) VALUES (1412, 2, 31, '2020-04-09');
INSERT INTO `softwareengineering`.`diet` (`idDiet`, `idUser`, `idMeal`, `date`) VALUES (1413, 2, 37, '2020-04-09');
INSERT INTO `softwareengineering`.`diet` (`idDiet`, `idUser`, `idMeal`, `date`) VALUES (1414, 2, 41, '2020-04-09');
INSERT INTO `softwareengineering`.`diet` (`idDiet`, `idUser`, `idMeal`, `date`) VALUES (1415, 2, 47, '2020-04-09');
INSERT INTO `softwareengineering`.`diet` (`idDiet`, `idUser`, `idMeal`, `date`) VALUES (1416, 2, 59, '2020-04-09');
INSERT INTO `softwareengineering`.`diet` (`idDiet`, `idUser`, `idMeal`, `date`) VALUES (1417, 2, 53, '2020-04-09');
INSERT INTO `softwareengineering`.`weighttracking` (`idWeightTracking`, `idUser`, `date`, `weight`) VALUES (142, 2, '2020-04-09', 91.86);
INSERT INTO `softwareengineering`.`diet` (`idDiet`, `idUser`, `idMeal`, `date`) VALUES (1418, 2, 10, '2020-04-08');
INSERT INTO `softwareengineering`.`diet` (`idDiet`, `idUser`, `idMeal`, `date`) VALUES (1419, 2, 11, '2020-04-08');
INSERT INTO `softwareengineering`.`diet` (`idDiet`, `idUser`, `idMeal`, `date`) VALUES (1420, 2, 23, '2020-04-08');
INSERT INTO `softwareengineering`.`diet` (`idDiet`, `idUser`, `idMeal`, `date`) VALUES (1421, 2, 25, '2020-04-08');
INSERT INTO `softwareengineering`.`diet` (`idDiet`, `idUser`, `idMeal`, `date`) VALUES (1422, 2, 40, '2020-04-08');
INSERT INTO `softwareengineering`.`diet` (`idDiet`, `idUser`, `idMeal`, `date`) VALUES (1423, 2, 43, '2020-04-08');
INSERT INTO `softwareengineering`.`diet` (`idDiet`, `idUser`, `idMeal`, `date`) VALUES (1424, 2, 47, '2020-04-08');
INSERT INTO `softwareengineering`.`diet` (`idDiet`, `idUser`, `idMeal`, `date`) VALUES (1425, 2, 47, '2020-04-08');
INSERT INTO `softwareengineering`.`diet` (`idDiet`, `idUser`, `idMeal`, `date`) VALUES (1426, 2, 50, '2020-04-08');
INSERT INTO `softwareengineering`.`weighttracking` (`idWeightTracking`, `idUser`, `date`, `weight`) VALUES (143, 2, '2020-04-08', 91.83);
INSERT INTO `softwareengineering`.`diet` (`idDiet`, `idUser`, `idMeal`, `date`) VALUES (1427, 2, 11, '2020-04-07');
INSERT INTO `softwareengineering`.`diet` (`idDiet`, `idUser`, `idMeal`, `date`) VALUES (1428, 2, 9, '2020-04-07');
INSERT INTO `softwareengineering`.`diet` (`idDiet`, `idUser`, `idMeal`, `date`) VALUES (1429, 2, 6, '2020-04-07');
INSERT INTO `softwareengineering`.`diet` (`idDiet`, `idUser`, `idMeal`, `date`) VALUES (1430, 2, 22, '2020-04-07');
INSERT INTO `softwareengineering`.`diet` (`idDiet`, `idUser`, `idMeal`, `date`) VALUES (1431, 2, 18, '2020-04-07');
INSERT INTO `softwareengineering`.`diet` (`idDiet`, `idUser`, `idMeal`, `date`) VALUES (1432, 2, 23, '2020-04-07');
INSERT INTO `softwareengineering`.`diet` (`idDiet`, `idUser`, `idMeal`, `date`) VALUES (1433, 2, 34, '2020-04-07');
INSERT INTO `softwareengineering`.`diet` (`idDiet`, `idUser`, `idMeal`, `date`) VALUES (1434, 2, 42, '2020-04-07');
INSERT INTO `softwareengineering`.`diet` (`idDiet`, `idUser`, `idMeal`, `date`) VALUES (1435, 2, 39, '2020-04-07');
INSERT INTO `softwareengineering`.`diet` (`idDiet`, `idUser`, `idMeal`, `date`) VALUES (1436, 2, 51, '2020-04-07');
INSERT INTO `softwareengineering`.`diet` (`idDiet`, `idUser`, `idMeal`, `date`) VALUES (1437, 2, 57, '2020-04-07');
INSERT INTO `softwareengineering`.`weighttracking` (`idWeightTracking`, `idUser`, `date`, `weight`) VALUES (144, 2, '2020-04-07', 91.66);
INSERT INTO `softwareengineering`.`diet` (`idDiet`, `idUser`, `idMeal`, `date`) VALUES (1438, 2, 3, '2020-04-06');
INSERT INTO `softwareengineering`.`diet` (`idDiet`, `idUser`, `idMeal`, `date`) VALUES (1439, 2, 0, '2020-04-06');
INSERT INTO `softwareengineering`.`diet` (`idDiet`, `idUser`, `idMeal`, `date`) VALUES (1440, 2, 4, '2020-04-06');
INSERT INTO `softwareengineering`.`diet` (`idDiet`, `idUser`, `idMeal`, `date`) VALUES (1441, 2, 15, '2020-04-06');
INSERT INTO `softwareengineering`.`diet` (`idDiet`, `idUser`, `idMeal`, `date`) VALUES (1442, 2, 17, '2020-04-06');
INSERT INTO `softwareengineering`.`diet` (`idDiet`, `idUser`, `idMeal`, `date`) VALUES (1443, 2, 42, '2020-04-06');
INSERT INTO `softwareengineering`.`diet` (`idDiet`, `idUser`, `idMeal`, `date`) VALUES (1444, 2, 30, '2020-04-06');
INSERT INTO `softwareengineering`.`diet` (`idDiet`, `idUser`, `idMeal`, `date`) VALUES (1445, 2, 57, '2020-04-06');
INSERT INTO `softwareengineering`.`diet` (`idDiet`, `idUser`, `idMeal`, `date`) VALUES (1446, 2, 45, '2020-04-06');
INSERT INTO `softwareengineering`.`weighttracking` (`idWeightTracking`, `idUser`, `date`, `weight`) VALUES (145, 2, '2020-04-06', 91.83);
INSERT INTO `softwareengineering`.`exerciselink` (`idLink`, `idUser`, `idExerciseSession`, `date`) VALUES (153, 2, 22, '2020-04-05');
INSERT INTO `softwareengineering`.`diet` (`idDiet`, `idUser`, `idMeal`, `date`) VALUES (1447, 2, 12, '2020-04-05');
INSERT INTO `softwareengineering`.`diet` (`idDiet`, `idUser`, `idMeal`, `date`) VALUES (1448, 2, 9, '2020-04-05');
INSERT INTO `softwareengineering`.`diet` (`idDiet`, `idUser`, `idMeal`, `date`) VALUES (1449, 2, 20, '2020-04-05');
INSERT INTO `softwareengineering`.`diet` (`idDiet`, `idUser`, `idMeal`, `date`) VALUES (1450, 2, 16, '2020-04-05');
INSERT INTO `softwareengineering`.`diet` (`idDiet`, `idUser`, `idMeal`, `date`) VALUES (1451, 2, 22, '2020-04-05');
INSERT INTO `softwareengineering`.`diet` (`idDiet`, `idUser`, `idMeal`, `date`) VALUES (1452, 2, 33, '2020-04-05');
INSERT INTO `softwareengineering`.`diet` (`idDiet`, `idUser`, `idMeal`, `date`) VALUES (1453, 2, 44, '2020-04-05');
INSERT INTO `softwareengineering`.`diet` (`idDiet`, `idUser`, `idMeal`, `date`) VALUES (1454, 2, 49, '2020-04-05');
INSERT INTO `softwareengineering`.`diet` (`idDiet`, `idUser`, `idMeal`, `date`) VALUES (1455, 2, 57, '2020-04-05');
INSERT INTO `softwareengineering`.`weighttracking` (`idWeightTracking`, `idUser`, `date`, `weight`) VALUES (146, 2, '2020-04-05', 91.68);
INSERT INTO `softwareengineering`.`exerciselink` (`idLink`, `idUser`, `idExerciseSession`, `date`) VALUES (154, 2, 7, '2020-04-04');
INSERT INTO `softwareengineering`.`exerciselink` (`idLink`, `idUser`, `idExerciseSession`, `date`) VALUES (155, 2, 11, '2020-04-04');
INSERT INTO `softwareengineering`.`diet` (`idDiet`, `idUser`, `idMeal`, `date`) VALUES (1456, 2, 9, '2020-04-04');
INSERT INTO `softwareengineering`.`diet` (`idDiet`, `idUser`, `idMeal`, `date`) VALUES (1457, 2, 13, '2020-04-04');
INSERT INTO `softwareengineering`.`diet` (`idDiet`, `idUser`, `idMeal`, `date`) VALUES (1458, 2, 26, '2020-04-04');
INSERT INTO `softwareengineering`.`diet` (`idDiet`, `idUser`, `idMeal`, `date`) VALUES (1459, 2, 23, '2020-04-04');
INSERT INTO `softwareengineering`.`diet` (`idDiet`, `idUser`, `idMeal`, `date`) VALUES (1460, 2, 25, '2020-04-04');
INSERT INTO `softwareengineering`.`diet` (`idDiet`, `idUser`, `idMeal`, `date`) VALUES (1461, 2, 34, '2020-04-04');
INSERT INTO `softwareengineering`.`diet` (`idDiet`, `idUser`, `idMeal`, `date`) VALUES (1462, 2, 41, '2020-04-04');
INSERT INTO `softwareengineering`.`diet` (`idDiet`, `idUser`, `idMeal`, `date`) VALUES (1463, 2, 36, '2020-04-04');
INSERT INTO `softwareengineering`.`diet` (`idDiet`, `idUser`, `idMeal`, `date`) VALUES (1464, 2, 52, '2020-04-04');
INSERT INTO `softwareengineering`.`diet` (`idDiet`, `idUser`, `idMeal`, `date`) VALUES (1465, 2, 49, '2020-04-04');
INSERT INTO `softwareengineering`.`diet` (`idDiet`, `idUser`, `idMeal`, `date`) VALUES (1466, 2, 59, '2020-04-04');
INSERT INTO `softwareengineering`.`weighttracking` (`idWeightTracking`, `idUser`, `date`, `weight`) VALUES (147, 2, '2020-04-04', 91.95);
INSERT INTO `softwareengineering`.`diet` (`idDiet`, `idUser`, `idMeal`, `date`) VALUES (1467, 2, 5, '2020-04-03');
INSERT INTO `softwareengineering`.`diet` (`idDiet`, `idUser`, `idMeal`, `date`) VALUES (1468, 2, 3, '2020-04-03');
INSERT INTO `softwareengineering`.`diet` (`idDiet`, `idUser`, `idMeal`, `date`) VALUES (1469, 2, 26, '2020-04-03');
INSERT INTO `softwareengineering`.`diet` (`idDiet`, `idUser`, `idMeal`, `date`) VALUES (1470, 2, 29, '2020-04-03');
INSERT INTO `softwareengineering`.`diet` (`idDiet`, `idUser`, `idMeal`, `date`) VALUES (1471, 2, 20, '2020-04-03');
INSERT INTO `softwareengineering`.`diet` (`idDiet`, `idUser`, `idMeal`, `date`) VALUES (1472, 2, 33, '2020-04-03');
INSERT INTO `softwareengineering`.`diet` (`idDiet`, `idUser`, `idMeal`, `date`) VALUES (1473, 2, 34, '2020-04-03');
INSERT INTO `softwareengineering`.`diet` (`idDiet`, `idUser`, `idMeal`, `date`) VALUES (1474, 2, 50, '2020-04-03');
INSERT INTO `softwareengineering`.`diet` (`idDiet`, `idUser`, `idMeal`, `date`) VALUES (1475, 2, 51, '2020-04-03');
INSERT INTO `softwareengineering`.`weighttracking` (`idWeightTracking`, `idUser`, `date`, `weight`) VALUES (148, 2, '2020-04-03', 92.22);
INSERT INTO `softwareengineering`.`exerciselink` (`idLink`, `idUser`, `idExerciseSession`, `date`) VALUES (156, 2, 20, '2020-04-02');
INSERT INTO `softwareengineering`.`exerciselink` (`idLink`, `idUser`, `idExerciseSession`, `date`) VALUES (157, 2, 5, '2020-04-02');
INSERT INTO `softwareengineering`.`diet` (`idDiet`, `idUser`, `idMeal`, `date`) VALUES (1476, 2, 2, '2020-04-02');
INSERT INTO `softwareengineering`.`diet` (`idDiet`, `idUser`, `idMeal`, `date`) VALUES (1477, 2, 1, '2020-04-02');
INSERT INTO `softwareengineering`.`diet` (`idDiet`, `idUser`, `idMeal`, `date`) VALUES (1478, 2, 9, '2020-04-02');
INSERT INTO `softwareengineering`.`diet` (`idDiet`, `idUser`, `idMeal`, `date`) VALUES (1479, 2, 19, '2020-04-02');
INSERT INTO `softwareengineering`.`diet` (`idDiet`, `idUser`, `idMeal`, `date`) VALUES (1480, 2, 21, '2020-04-02');
INSERT INTO `softwareengineering`.`diet` (`idDiet`, `idUser`, `idMeal`, `date`) VALUES (1481, 2, 25, '2020-04-02');
INSERT INTO `softwareengineering`.`diet` (`idDiet`, `idUser`, `idMeal`, `date`) VALUES (1482, 2, 43, '2020-04-02');
INSERT INTO `softwareengineering`.`diet` (`idDiet`, `idUser`, `idMeal`, `date`) VALUES (1483, 2, 31, '2020-04-02');
INSERT INTO `softwareengineering`.`diet` (`idDiet`, `idUser`, `idMeal`, `date`) VALUES (1484, 2, 45, '2020-04-02');
INSERT INTO `softwareengineering`.`diet` (`idDiet`, `idUser`, `idMeal`, `date`) VALUES (1485, 2, 53, '2020-04-02');
INSERT INTO `softwareengineering`.`diet` (`idDiet`, `idUser`, `idMeal`, `date`) VALUES (1486, 2, 55, '2020-04-02');
INSERT INTO `softwareengineering`.`weighttracking` (`idWeightTracking`, `idUser`, `date`, `weight`) VALUES (149, 2, '2020-04-02', 92.06);
INSERT INTO `softwareengineering`.`exerciselink` (`idLink`, `idUser`, `idExerciseSession`, `date`) VALUES (158, 2, 20, '2020-04-01');
INSERT INTO `softwareengineering`.`exerciselink` (`idLink`, `idUser`, `idExerciseSession`, `date`) VALUES (159, 2, 22, '2020-04-01');
INSERT INTO `softwareengineering`.`diet` (`idDiet`, `idUser`, `idMeal`, `date`) VALUES (1487, 2, 0, '2020-04-01');
INSERT INTO `softwareengineering`.`diet` (`idDiet`, `idUser`, `idMeal`, `date`) VALUES (1488, 2, 4, '2020-04-01');
INSERT INTO `softwareengineering`.`diet` (`idDiet`, `idUser`, `idMeal`, `date`) VALUES (1489, 2, 18, '2020-04-01');
INSERT INTO `softwareengineering`.`diet` (`idDiet`, `idUser`, `idMeal`, `date`) VALUES (1490, 2, 26, '2020-04-01');
INSERT INTO `softwareengineering`.`diet` (`idDiet`, `idUser`, `idMeal`, `date`) VALUES (1491, 2, 17, '2020-04-01');
INSERT INTO `softwareengineering`.`diet` (`idDiet`, `idUser`, `idMeal`, `date`) VALUES (1492, 2, 44, '2020-04-01');
INSERT INTO `softwareengineering`.`diet` (`idDiet`, `idUser`, `idMeal`, `date`) VALUES (1493, 2, 38, '2020-04-01');
INSERT INTO `softwareengineering`.`diet` (`idDiet`, `idUser`, `idMeal`, `date`) VALUES (1494, 2, 54, '2020-04-01');
INSERT INTO `softwareengineering`.`diet` (`idDiet`, `idUser`, `idMeal`, `date`) VALUES (1495, 2, 55, '2020-04-01');
INSERT INTO `softwareengineering`.`weighttracking` (`idWeightTracking`, `idUser`, `date`, `weight`) VALUES (150, 2, '2020-04-01', 92.16);
INSERT INTO `softwareengineering`.`diet` (`idDiet`, `idUser`, `idMeal`, `date`) VALUES (1496, 2, 8, '2020-03-31');
INSERT INTO `softwareengineering`.`diet` (`idDiet`, `idUser`, `idMeal`, `date`) VALUES (1497, 2, 7, '2020-03-31');
INSERT INTO `softwareengineering`.`diet` (`idDiet`, `idUser`, `idMeal`, `date`) VALUES (1498, 2, 7, '2020-03-31');
INSERT INTO `softwareengineering`.`diet` (`idDiet`, `idUser`, `idMeal`, `date`) VALUES (1499, 2, 27, '2020-03-31');
INSERT INTO `softwareengineering`.`diet` (`idDiet`, `idUser`, `idMeal`, `date`) VALUES (1500, 2, 21, '2020-03-31');
INSERT INTO `softwareengineering`.`diet` (`idDiet`, `idUser`, `idMeal`, `date`) VALUES (1501, 2, 43, '2020-03-31');
INSERT INTO `softwareengineering`.`diet` (`idDiet`, `idUser`, `idMeal`, `date`) VALUES (1502, 2, 35, '2020-03-31');
INSERT INTO `softwareengineering`.`diet` (`idDiet`, `idUser`, `idMeal`, `date`) VALUES (1503, 2, 40, '2020-03-31');
INSERT INTO `softwareengineering`.`diet` (`idDiet`, `idUser`, `idMeal`, `date`) VALUES (1504, 2, 53, '2020-03-31');
INSERT INTO `softwareengineering`.`diet` (`idDiet`, `idUser`, `idMeal`, `date`) VALUES (1505, 2, 53, '2020-03-31');
INSERT INTO `softwareengineering`.`diet` (`idDiet`, `idUser`, `idMeal`, `date`) VALUES (1506, 2, 47, '2020-03-31');
INSERT INTO `softwareengineering`.`weighttracking` (`idWeightTracking`, `idUser`, `date`, `weight`) VALUES (151, 2, '2020-03-31', 92.36);
INSERT INTO `softwareengineering`.`exerciselink` (`idLink`, `idUser`, `idExerciseSession`, `date`) VALUES (160, 2, 5, '2020-03-30');
INSERT INTO `softwareengineering`.`diet` (`idDiet`, `idUser`, `idMeal`, `date`) VALUES (1507, 2, 12, '2020-03-30');
INSERT INTO `softwareengineering`.`diet` (`idDiet`, `idUser`, `idMeal`, `date`) VALUES (1508, 2, 7, '2020-03-30');
INSERT INTO `softwareengineering`.`diet` (`idDiet`, `idUser`, `idMeal`, `date`) VALUES (1509, 2, 24, '2020-03-30');
INSERT INTO `softwareengineering`.`diet` (`idDiet`, `idUser`, `idMeal`, `date`) VALUES (1510, 2, 17, '2020-03-30');
INSERT INTO `softwareengineering`.`diet` (`idDiet`, `idUser`, `idMeal`, `date`) VALUES (1511, 2, 40, '2020-03-30');
INSERT INTO `softwareengineering`.`diet` (`idDiet`, `idUser`, `idMeal`, `date`) VALUES (1512, 2, 42, '2020-03-30');
INSERT INTO `softwareengineering`.`diet` (`idDiet`, `idUser`, `idMeal`, `date`) VALUES (1513, 2, 38, '2020-03-30');
INSERT INTO `softwareengineering`.`diet` (`idDiet`, `idUser`, `idMeal`, `date`) VALUES (1514, 2, 57, '2020-03-30');
INSERT INTO `softwareengineering`.`diet` (`idDiet`, `idUser`, `idMeal`, `date`) VALUES (1515, 2, 52, '2020-03-30');
INSERT INTO `softwareengineering`.`diet` (`idDiet`, `idUser`, `idMeal`, `date`) VALUES (1516, 2, 55, '2020-03-30');
INSERT INTO `softwareengineering`.`weighttracking` (`idWeightTracking`, `idUser`, `date`, `weight`) VALUES (152, 2, '2020-03-30', 92.39);
INSERT INTO `softwareengineering`.`exerciselink` (`idLink`, `idUser`, `idExerciseSession`, `date`) VALUES (161, 2, 2, '2020-03-29');
INSERT INTO `softwareengineering`.`diet` (`idDiet`, `idUser`, `idMeal`, `date`) VALUES (1517, 2, 7, '2020-03-29');
INSERT INTO `softwareengineering`.`diet` (`idDiet`, `idUser`, `idMeal`, `date`) VALUES (1518, 2, 4, '2020-03-29');
INSERT INTO `softwareengineering`.`diet` (`idDiet`, `idUser`, `idMeal`, `date`) VALUES (1519, 2, 18, '2020-03-29');
INSERT INTO `softwareengineering`.`diet` (`idDiet`, `idUser`, `idMeal`, `date`) VALUES (1520, 2, 28, '2020-03-29');
INSERT INTO `softwareengineering`.`diet` (`idDiet`, `idUser`, `idMeal`, `date`) VALUES (1521, 2, 35, '2020-03-29');
INSERT INTO `softwareengineering`.`diet` (`idDiet`, `idUser`, `idMeal`, `date`) VALUES (1522, 2, 34, '2020-03-29');
INSERT INTO `softwareengineering`.`diet` (`idDiet`, `idUser`, `idMeal`, `date`) VALUES (1523, 2, 48, '2020-03-29');
INSERT INTO `softwareengineering`.`diet` (`idDiet`, `idUser`, `idMeal`, `date`) VALUES (1524, 2, 55, '2020-03-29');
INSERT INTO `softwareengineering`.`diet` (`idDiet`, `idUser`, `idMeal`, `date`) VALUES (1525, 2, 57, '2020-03-29');
INSERT INTO `softwareengineering`.`weighttracking` (`idWeightTracking`, `idUser`, `date`, `weight`) VALUES (153, 2, '2020-03-29', 92.38);
INSERT INTO `softwareengineering`.`diet` (`idDiet`, `idUser`, `idMeal`, `date`) VALUES (1526, 2, 1, '2020-03-28');
INSERT INTO `softwareengineering`.`diet` (`idDiet`, `idUser`, `idMeal`, `date`) VALUES (1527, 2, 10, '2020-03-28');
INSERT INTO `softwareengineering`.`diet` (`idDiet`, `idUser`, `idMeal`, `date`) VALUES (1528, 2, 14, '2020-03-28');
INSERT INTO `softwareengineering`.`diet` (`idDiet`, `idUser`, `idMeal`, `date`) VALUES (1529, 2, 19, '2020-03-28');
INSERT INTO `softwareengineering`.`diet` (`idDiet`, `idUser`, `idMeal`, `date`) VALUES (1530, 2, 20, '2020-03-28');
INSERT INTO `softwareengineering`.`diet` (`idDiet`, `idUser`, `idMeal`, `date`) VALUES (1531, 2, 37, '2020-03-28');
INSERT INTO `softwareengineering`.`diet` (`idDiet`, `idUser`, `idMeal`, `date`) VALUES (1532, 2, 44, '2020-03-28');
INSERT INTO `softwareengineering`.`diet` (`idDiet`, `idUser`, `idMeal`, `date`) VALUES (1533, 2, 39, '2020-03-28');
INSERT INTO `softwareengineering`.`diet` (`idDiet`, `idUser`, `idMeal`, `date`) VALUES (1534, 2, 58, '2020-03-28');
INSERT INTO `softwareengineering`.`diet` (`idDiet`, `idUser`, `idMeal`, `date`) VALUES (1535, 2, 51, '2020-03-28');
INSERT INTO `softwareengineering`.`weighttracking` (`idWeightTracking`, `idUser`, `date`, `weight`) VALUES (154, 2, '2020-03-28', 92.3);
INSERT INTO `softwareengineering`.`exerciselink` (`idLink`, `idUser`, `idExerciseSession`, `date`) VALUES (162, 2, 21, '2020-03-27');
INSERT INTO `softwareengineering`.`exerciselink` (`idLink`, `idUser`, `idExerciseSession`, `date`) VALUES (163, 2, 4, '2020-03-27');
INSERT INTO `softwareengineering`.`diet` (`idDiet`, `idUser`, `idMeal`, `date`) VALUES (1536, 2, 0, '2020-03-27');
INSERT INTO `softwareengineering`.`diet` (`idDiet`, `idUser`, `idMeal`, `date`) VALUES (1537, 2, 8, '2020-03-27');
INSERT INTO `softwareengineering`.`diet` (`idDiet`, `idUser`, `idMeal`, `date`) VALUES (1538, 2, 9, '2020-03-27');
INSERT INTO `softwareengineering`.`diet` (`idDiet`, `idUser`, `idMeal`, `date`) VALUES (1539, 2, 15, '2020-03-27');
INSERT INTO `softwareengineering`.`diet` (`idDiet`, `idUser`, `idMeal`, `date`) VALUES (1540, 2, 22, '2020-03-27');
INSERT INTO `softwareengineering`.`diet` (`idDiet`, `idUser`, `idMeal`, `date`) VALUES (1541, 2, 34, '2020-03-27');
INSERT INTO `softwareengineering`.`diet` (`idDiet`, `idUser`, `idMeal`, `date`) VALUES (1542, 2, 38, '2020-03-27');
INSERT INTO `softwareengineering`.`diet` (`idDiet`, `idUser`, `idMeal`, `date`) VALUES (1543, 2, 56, '2020-03-27');
INSERT INTO `softwareengineering`.`diet` (`idDiet`, `idUser`, `idMeal`, `date`) VALUES (1544, 2, 59, '2020-03-27');
INSERT INTO `softwareengineering`.`diet` (`idDiet`, `idUser`, `idMeal`, `date`) VALUES (1545, 2, 57, '2020-03-27');
INSERT INTO `softwareengineering`.`weighttracking` (`idWeightTracking`, `idUser`, `date`, `weight`) VALUES (155, 2, '2020-03-27', 92.12);
INSERT INTO `softwareengineering`.`exerciselink` (`idLink`, `idUser`, `idExerciseSession`, `date`) VALUES (164, 2, 1, '2020-03-26');
INSERT INTO `softwareengineering`.`diet` (`idDiet`, `idUser`, `idMeal`, `date`) VALUES (1546, 2, 6, '2020-03-26');
INSERT INTO `softwareengineering`.`diet` (`idDiet`, `idUser`, `idMeal`, `date`) VALUES (1547, 2, 7, '2020-03-26');
INSERT INTO `softwareengineering`.`diet` (`idDiet`, `idUser`, `idMeal`, `date`) VALUES (1548, 2, 6, '2020-03-26');
INSERT INTO `softwareengineering`.`diet` (`idDiet`, `idUser`, `idMeal`, `date`) VALUES (1549, 2, 17, '2020-03-26');
INSERT INTO `softwareengineering`.`diet` (`idDiet`, `idUser`, `idMeal`, `date`) VALUES (1550, 2, 18, '2020-03-26');
INSERT INTO `softwareengineering`.`diet` (`idDiet`, `idUser`, `idMeal`, `date`) VALUES (1551, 2, 30, '2020-03-26');
INSERT INTO `softwareengineering`.`diet` (`idDiet`, `idUser`, `idMeal`, `date`) VALUES (1552, 2, 37, '2020-03-26');
INSERT INTO `softwareengineering`.`diet` (`idDiet`, `idUser`, `idMeal`, `date`) VALUES (1553, 2, 39, '2020-03-26');
INSERT INTO `softwareengineering`.`diet` (`idDiet`, `idUser`, `idMeal`, `date`) VALUES (1554, 2, 57, '2020-03-26');
INSERT INTO `softwareengineering`.`diet` (`idDiet`, `idUser`, `idMeal`, `date`) VALUES (1555, 2, 53, '2020-03-26');
INSERT INTO `softwareengineering`.`diet` (`idDiet`, `idUser`, `idMeal`, `date`) VALUES (1556, 2, 57, '2020-03-26');
INSERT INTO `softwareengineering`.`weighttracking` (`idWeightTracking`, `idUser`, `date`, `weight`) VALUES (156, 2, '2020-03-26', 92.28);
INSERT INTO `softwareengineering`.`diet` (`idDiet`, `idUser`, `idMeal`, `date`) VALUES (1557, 2, 4, '2020-03-25');
INSERT INTO `softwareengineering`.`diet` (`idDiet`, `idUser`, `idMeal`, `date`) VALUES (1558, 2, 7, '2020-03-25');
INSERT INTO `softwareengineering`.`diet` (`idDiet`, `idUser`, `idMeal`, `date`) VALUES (1559, 2, 9, '2020-03-25');
INSERT INTO `softwareengineering`.`diet` (`idDiet`, `idUser`, `idMeal`, `date`) VALUES (1560, 2, 28, '2020-03-25');
INSERT INTO `softwareengineering`.`diet` (`idDiet`, `idUser`, `idMeal`, `date`) VALUES (1561, 2, 22, '2020-03-25');
INSERT INTO `softwareengineering`.`diet` (`idDiet`, `idUser`, `idMeal`, `date`) VALUES (1562, 2, 21, '2020-03-25');
INSERT INTO `softwareengineering`.`diet` (`idDiet`, `idUser`, `idMeal`, `date`) VALUES (1563, 2, 36, '2020-03-25');
INSERT INTO `softwareengineering`.`diet` (`idDiet`, `idUser`, `idMeal`, `date`) VALUES (1564, 2, 30, '2020-03-25');
INSERT INTO `softwareengineering`.`diet` (`idDiet`, `idUser`, `idMeal`, `date`) VALUES (1565, 2, 51, '2020-03-25');
INSERT INTO `softwareengineering`.`diet` (`idDiet`, `idUser`, `idMeal`, `date`) VALUES (1566, 2, 49, '2020-03-25');
INSERT INTO `softwareengineering`.`diet` (`idDiet`, `idUser`, `idMeal`, `date`) VALUES (1567, 2, 57, '2020-03-25');
INSERT INTO `softwareengineering`.`weighttracking` (`idWeightTracking`, `idUser`, `date`, `weight`) VALUES (157, 2, '2020-03-25', 92.18);
INSERT INTO `softwareengineering`.`diet` (`idDiet`, `idUser`, `idMeal`, `date`) VALUES (1568, 2, 1, '2020-03-24');
INSERT INTO `softwareengineering`.`diet` (`idDiet`, `idUser`, `idMeal`, `date`) VALUES (1569, 2, 5, '2020-03-24');
INSERT INTO `softwareengineering`.`diet` (`idDiet`, `idUser`, `idMeal`, `date`) VALUES (1570, 2, 25, '2020-03-24');
INSERT INTO `softwareengineering`.`diet` (`idDiet`, `idUser`, `idMeal`, `date`) VALUES (1571, 2, 27, '2020-03-24');
INSERT INTO `softwareengineering`.`diet` (`idDiet`, `idUser`, `idMeal`, `date`) VALUES (1572, 2, 25, '2020-03-24');
INSERT INTO `softwareengineering`.`diet` (`idDiet`, `idUser`, `idMeal`, `date`) VALUES (1573, 2, 32, '2020-03-24');
INSERT INTO `softwareengineering`.`diet` (`idDiet`, `idUser`, `idMeal`, `date`) VALUES (1574, 2, 32, '2020-03-24');
INSERT INTO `softwareengineering`.`diet` (`idDiet`, `idUser`, `idMeal`, `date`) VALUES (1575, 2, 56, '2020-03-24');
INSERT INTO `softwareengineering`.`diet` (`idDiet`, `idUser`, `idMeal`, `date`) VALUES (1576, 2, 59, '2020-03-24');
INSERT INTO `softwareengineering`.`diet` (`idDiet`, `idUser`, `idMeal`, `date`) VALUES (1577, 2, 48, '2020-03-24');
INSERT INTO `softwareengineering`.`weighttracking` (`idWeightTracking`, `idUser`, `date`, `weight`) VALUES (158, 2, '2020-03-24', 91.99);
INSERT INTO `softwareengineering`.`exerciselink` (`idLink`, `idUser`, `idExerciseSession`, `date`) VALUES (165, 2, 18, '2020-03-23');
INSERT INTO `softwareengineering`.`exerciselink` (`idLink`, `idUser`, `idExerciseSession`, `date`) VALUES (166, 2, 0, '2020-03-23');
INSERT INTO `softwareengineering`.`diet` (`idDiet`, `idUser`, `idMeal`, `date`) VALUES (1578, 2, 9, '2020-03-23');
INSERT INTO `softwareengineering`.`diet` (`idDiet`, `idUser`, `idMeal`, `date`) VALUES (1579, 2, 8, '2020-03-23');
INSERT INTO `softwareengineering`.`diet` (`idDiet`, `idUser`, `idMeal`, `date`) VALUES (1580, 2, 21, '2020-03-23');
INSERT INTO `softwareengineering`.`diet` (`idDiet`, `idUser`, `idMeal`, `date`) VALUES (1581, 2, 27, '2020-03-23');
INSERT INTO `softwareengineering`.`diet` (`idDiet`, `idUser`, `idMeal`, `date`) VALUES (1582, 2, 31, '2020-03-23');
INSERT INTO `softwareengineering`.`diet` (`idDiet`, `idUser`, `idMeal`, `date`) VALUES (1583, 2, 31, '2020-03-23');
INSERT INTO `softwareengineering`.`diet` (`idDiet`, `idUser`, `idMeal`, `date`) VALUES (1584, 2, 48, '2020-03-23');
INSERT INTO `softwareengineering`.`diet` (`idDiet`, `idUser`, `idMeal`, `date`) VALUES (1585, 2, 53, '2020-03-23');
INSERT INTO `softwareengineering`.`weighttracking` (`idWeightTracking`, `idUser`, `date`, `weight`) VALUES (159, 2, '2020-03-23', 91.99);
INSERT INTO `softwareengineering`.`exerciselink` (`idLink`, `idUser`, `idExerciseSession`, `date`) VALUES (167, 2, 1, '2020-03-22');
INSERT INTO `softwareengineering`.`diet` (`idDiet`, `idUser`, `idMeal`, `date`) VALUES (1586, 2, 1, '2020-03-22');
INSERT INTO `softwareengineering`.`diet` (`idDiet`, `idUser`, `idMeal`, `date`) VALUES (1587, 2, 4, '2020-03-22');
INSERT INTO `softwareengineering`.`diet` (`idDiet`, `idUser`, `idMeal`, `date`) VALUES (1588, 2, 21, '2020-03-22');
INSERT INTO `softwareengineering`.`diet` (`idDiet`, `idUser`, `idMeal`, `date`) VALUES (1589, 2, 16, '2020-03-22');
INSERT INTO `softwareengineering`.`diet` (`idDiet`, `idUser`, `idMeal`, `date`) VALUES (1590, 2, 30, '2020-03-22');
INSERT INTO `softwareengineering`.`diet` (`idDiet`, `idUser`, `idMeal`, `date`) VALUES (1591, 2, 36, '2020-03-22');
INSERT INTO `softwareengineering`.`diet` (`idDiet`, `idUser`, `idMeal`, `date`) VALUES (1592, 2, 35, '2020-03-22');
INSERT INTO `softwareengineering`.`diet` (`idDiet`, `idUser`, `idMeal`, `date`) VALUES (1593, 2, 54, '2020-03-22');
INSERT INTO `softwareengineering`.`diet` (`idDiet`, `idUser`, `idMeal`, `date`) VALUES (1594, 2, 45, '2020-03-22');
INSERT INTO `softwareengineering`.`diet` (`idDiet`, `idUser`, `idMeal`, `date`) VALUES (1595, 2, 53, '2020-03-22');
INSERT INTO `softwareengineering`.`weighttracking` (`idWeightTracking`, `idUser`, `date`, `weight`) VALUES (160, 2, '2020-03-22', 91.86);
INSERT INTO `softwareengineering`.`diet` (`idDiet`, `idUser`, `idMeal`, `date`) VALUES (1596, 2, 9, '2020-03-21');
INSERT INTO `softwareengineering`.`diet` (`idDiet`, `idUser`, `idMeal`, `date`) VALUES (1597, 2, 10, '2020-03-21');
INSERT INTO `softwareengineering`.`diet` (`idDiet`, `idUser`, `idMeal`, `date`) VALUES (1598, 2, 8, '2020-03-21');
INSERT INTO `softwareengineering`.`diet` (`idDiet`, `idUser`, `idMeal`, `date`) VALUES (1599, 2, 23, '2020-03-21');
INSERT INTO `softwareengineering`.`diet` (`idDiet`, `idUser`, `idMeal`, `date`) VALUES (1600, 2, 16, '2020-03-21');
INSERT INTO `softwareengineering`.`diet` (`idDiet`, `idUser`, `idMeal`, `date`) VALUES (1601, 2, 40, '2020-03-21');
INSERT INTO `softwareengineering`.`diet` (`idDiet`, `idUser`, `idMeal`, `date`) VALUES (1602, 2, 32, '2020-03-21');
INSERT INTO `softwareengineering`.`diet` (`idDiet`, `idUser`, `idMeal`, `date`) VALUES (1603, 2, 37, '2020-03-21');
INSERT INTO `softwareengineering`.`diet` (`idDiet`, `idUser`, `idMeal`, `date`) VALUES (1604, 2, 52, '2020-03-21');
INSERT INTO `softwareengineering`.`diet` (`idDiet`, `idUser`, `idMeal`, `date`) VALUES (1605, 2, 56, '2020-03-21');
INSERT INTO `softwareengineering`.`weighttracking` (`idWeightTracking`, `idUser`, `date`, `weight`) VALUES (161, 2, '2020-03-21', 91.67);
INSERT INTO `softwareengineering`.`exerciselink` (`idLink`, `idUser`, `idExerciseSession`, `date`) VALUES (168, 2, 17, '2020-03-20');
INSERT INTO `softwareengineering`.`diet` (`idDiet`, `idUser`, `idMeal`, `date`) VALUES (1606, 2, 8, '2020-03-20');
INSERT INTO `softwareengineering`.`diet` (`idDiet`, `idUser`, `idMeal`, `date`) VALUES (1607, 2, 10, '2020-03-20');
INSERT INTO `softwareengineering`.`diet` (`idDiet`, `idUser`, `idMeal`, `date`) VALUES (1608, 2, 10, '2020-03-20');
INSERT INTO `softwareengineering`.`diet` (`idDiet`, `idUser`, `idMeal`, `date`) VALUES (1609, 2, 20, '2020-03-20');
INSERT INTO `softwareengineering`.`diet` (`idDiet`, `idUser`, `idMeal`, `date`) VALUES (1610, 2, 19, '2020-03-20');
INSERT INTO `softwareengineering`.`diet` (`idDiet`, `idUser`, `idMeal`, `date`) VALUES (1611, 2, 27, '2020-03-20');
INSERT INTO `softwareengineering`.`diet` (`idDiet`, `idUser`, `idMeal`, `date`) VALUES (1612, 2, 39, '2020-03-20');
INSERT INTO `softwareengineering`.`diet` (`idDiet`, `idUser`, `idMeal`, `date`) VALUES (1613, 2, 38, '2020-03-20');
INSERT INTO `softwareengineering`.`diet` (`idDiet`, `idUser`, `idMeal`, `date`) VALUES (1614, 2, 41, '2020-03-20');
INSERT INTO `softwareengineering`.`diet` (`idDiet`, `idUser`, `idMeal`, `date`) VALUES (1615, 2, 59, '2020-03-20');
INSERT INTO `softwareengineering`.`diet` (`idDiet`, `idUser`, `idMeal`, `date`) VALUES (1616, 2, 55, '2020-03-20');
INSERT INTO `softwareengineering`.`diet` (`idDiet`, `idUser`, `idMeal`, `date`) VALUES (1617, 2, 45, '2020-03-20');
INSERT INTO `softwareengineering`.`weighttracking` (`idWeightTracking`, `idUser`, `date`, `weight`) VALUES (162, 2, '2020-03-20', 91.49);
INSERT INTO `softwareengineering`.`diet` (`idDiet`, `idUser`, `idMeal`, `date`) VALUES (1618, 2, 5, '2020-03-19');
INSERT INTO `softwareengineering`.`diet` (`idDiet`, `idUser`, `idMeal`, `date`) VALUES (1619, 2, 13, '2020-03-19');
INSERT INTO `softwareengineering`.`diet` (`idDiet`, `idUser`, `idMeal`, `date`) VALUES (1620, 2, 25, '2020-03-19');
INSERT INTO `softwareengineering`.`diet` (`idDiet`, `idUser`, `idMeal`, `date`) VALUES (1621, 2, 24, '2020-03-19');
INSERT INTO `softwareengineering`.`diet` (`idDiet`, `idUser`, `idMeal`, `date`) VALUES (1622, 2, 33, '2020-03-19');
INSERT INTO `softwareengineering`.`diet` (`idDiet`, `idUser`, `idMeal`, `date`) VALUES (1623, 2, 30, '2020-03-19');
INSERT INTO `softwareengineering`.`diet` (`idDiet`, `idUser`, `idMeal`, `date`) VALUES (1624, 2, 52, '2020-03-19');
INSERT INTO `softwareengineering`.`diet` (`idDiet`, `idUser`, `idMeal`, `date`) VALUES (1625, 2, 59, '2020-03-19');
INSERT INTO `softwareengineering`.`weighttracking` (`idWeightTracking`, `idUser`, `date`, `weight`) VALUES (163, 2, '2020-03-19', 91.46);
INSERT INTO `softwareengineering`.`exerciselink` (`idLink`, `idUser`, `idExerciseSession`, `date`) VALUES (169, 2, 11, '2020-03-18');
INSERT INTO `softwareengineering`.`exerciselink` (`idLink`, `idUser`, `idExerciseSession`, `date`) VALUES (170, 2, 23, '2020-03-18');
INSERT INTO `softwareengineering`.`diet` (`idDiet`, `idUser`, `idMeal`, `date`) VALUES (1626, 2, 10, '2020-03-18');
INSERT INTO `softwareengineering`.`diet` (`idDiet`, `idUser`, `idMeal`, `date`) VALUES (1627, 2, 8, '2020-03-18');
INSERT INTO `softwareengineering`.`diet` (`idDiet`, `idUser`, `idMeal`, `date`) VALUES (1628, 2, 9, '2020-03-18');
INSERT INTO `softwareengineering`.`diet` (`idDiet`, `idUser`, `idMeal`, `date`) VALUES (1629, 2, 15, '2020-03-18');
INSERT INTO `softwareengineering`.`diet` (`idDiet`, `idUser`, `idMeal`, `date`) VALUES (1630, 2, 23, '2020-03-18');
INSERT INTO `softwareengineering`.`diet` (`idDiet`, `idUser`, `idMeal`, `date`) VALUES (1631, 2, 32, '2020-03-18');
INSERT INTO `softwareengineering`.`diet` (`idDiet`, `idUser`, `idMeal`, `date`) VALUES (1632, 2, 31, '2020-03-18');
INSERT INTO `softwareengineering`.`diet` (`idDiet`, `idUser`, `idMeal`, `date`) VALUES (1633, 2, 30, '2020-03-18');
INSERT INTO `softwareengineering`.`diet` (`idDiet`, `idUser`, `idMeal`, `date`) VALUES (1634, 2, 58, '2020-03-18');
INSERT INTO `softwareengineering`.`diet` (`idDiet`, `idUser`, `idMeal`, `date`) VALUES (1635, 2, 59, '2020-03-18');
INSERT INTO `softwareengineering`.`diet` (`idDiet`, `idUser`, `idMeal`, `date`) VALUES (1636, 2, 52, '2020-03-18');
INSERT INTO `softwareengineering`.`weighttracking` (`idWeightTracking`, `idUser`, `date`, `weight`) VALUES (164, 2, '2020-03-18', 91.34);
INSERT INTO `softwareengineering`.`exerciselink` (`idLink`, `idUser`, `idExerciseSession`, `date`) VALUES (171, 2, 13, '2020-03-17');
INSERT INTO `softwareengineering`.`exerciselink` (`idLink`, `idUser`, `idExerciseSession`, `date`) VALUES (172, 2, 10, '2020-03-17');
INSERT INTO `softwareengineering`.`diet` (`idDiet`, `idUser`, `idMeal`, `date`) VALUES (1637, 2, 9, '2020-03-17');
INSERT INTO `softwareengineering`.`diet` (`idDiet`, `idUser`, `idMeal`, `date`) VALUES (1638, 2, 6, '2020-03-17');
INSERT INTO `softwareengineering`.`diet` (`idDiet`, `idUser`, `idMeal`, `date`) VALUES (1639, 2, 26, '2020-03-17');
INSERT INTO `softwareengineering`.`diet` (`idDiet`, `idUser`, `idMeal`, `date`) VALUES (1640, 2, 25, '2020-03-17');
INSERT INTO `softwareengineering`.`diet` (`idDiet`, `idUser`, `idMeal`, `date`) VALUES (1641, 2, 18, '2020-03-17');
INSERT INTO `softwareengineering`.`diet` (`idDiet`, `idUser`, `idMeal`, `date`) VALUES (1642, 2, 37, '2020-03-17');
INSERT INTO `softwareengineering`.`diet` (`idDiet`, `idUser`, `idMeal`, `date`) VALUES (1643, 2, 30, '2020-03-17');
INSERT INTO `softwareengineering`.`diet` (`idDiet`, `idUser`, `idMeal`, `date`) VALUES (1644, 2, 42, '2020-03-17');
INSERT INTO `softwareengineering`.`diet` (`idDiet`, `idUser`, `idMeal`, `date`) VALUES (1645, 2, 47, '2020-03-17');
INSERT INTO `softwareengineering`.`diet` (`idDiet`, `idUser`, `idMeal`, `date`) VALUES (1646, 2, 45, '2020-03-17');
INSERT INTO `softwareengineering`.`weighttracking` (`idWeightTracking`, `idUser`, `date`, `weight`) VALUES (165, 2, '2020-03-17', 91.62);
INSERT INTO `softwareengineering`.`diet` (`idDiet`, `idUser`, `idMeal`, `date`) VALUES (1647, 2, 6, '2020-03-16');
INSERT INTO `softwareengineering`.`diet` (`idDiet`, `idUser`, `idMeal`, `date`) VALUES (1648, 2, 8, '2020-03-16');
INSERT INTO `softwareengineering`.`diet` (`idDiet`, `idUser`, `idMeal`, `date`) VALUES (1649, 2, 2, '2020-03-16');
INSERT INTO `softwareengineering`.`diet` (`idDiet`, `idUser`, `idMeal`, `date`) VALUES (1650, 2, 18, '2020-03-16');
INSERT INTO `softwareengineering`.`diet` (`idDiet`, `idUser`, `idMeal`, `date`) VALUES (1651, 2, 25, '2020-03-16');
INSERT INTO `softwareengineering`.`diet` (`idDiet`, `idUser`, `idMeal`, `date`) VALUES (1652, 2, 23, '2020-03-16');
INSERT INTO `softwareengineering`.`diet` (`idDiet`, `idUser`, `idMeal`, `date`) VALUES (1653, 2, 44, '2020-03-16');
INSERT INTO `softwareengineering`.`diet` (`idDiet`, `idUser`, `idMeal`, `date`) VALUES (1654, 2, 37, '2020-03-16');
INSERT INTO `softwareengineering`.`diet` (`idDiet`, `idUser`, `idMeal`, `date`) VALUES (1655, 2, 42, '2020-03-16');
INSERT INTO `softwareengineering`.`diet` (`idDiet`, `idUser`, `idMeal`, `date`) VALUES (1656, 2, 48, '2020-03-16');
INSERT INTO `softwareengineering`.`diet` (`idDiet`, `idUser`, `idMeal`, `date`) VALUES (1657, 2, 46, '2020-03-16');
INSERT INTO `softwareengineering`.`diet` (`idDiet`, `idUser`, `idMeal`, `date`) VALUES (1658, 2, 52, '2020-03-16');
INSERT INTO `softwareengineering`.`weighttracking` (`idWeightTracking`, `idUser`, `date`, `weight`) VALUES (166, 2, '2020-03-16', 91.64);
INSERT INTO `softwareengineering`.`exerciselink` (`idLink`, `idUser`, `idExerciseSession`, `date`) VALUES (173, 2, 13, '2020-03-15');
INSERT INTO `softwareengineering`.`exerciselink` (`idLink`, `idUser`, `idExerciseSession`, `date`) VALUES (174, 2, 6, '2020-03-15');
INSERT INTO `softwareengineering`.`diet` (`idDiet`, `idUser`, `idMeal`, `date`) VALUES (1659, 2, 6, '2020-03-15');
INSERT INTO `softwareengineering`.`diet` (`idDiet`, `idUser`, `idMeal`, `date`) VALUES (1660, 2, 1, '2020-03-15');
INSERT INTO `softwareengineering`.`diet` (`idDiet`, `idUser`, `idMeal`, `date`) VALUES (1661, 2, 2, '2020-03-15');
INSERT INTO `softwareengineering`.`diet` (`idDiet`, `idUser`, `idMeal`, `date`) VALUES (1662, 2, 23, '2020-03-15');
INSERT INTO `softwareengineering`.`diet` (`idDiet`, `idUser`, `idMeal`, `date`) VALUES (1663, 2, 20, '2020-03-15');
INSERT INTO `softwareengineering`.`diet` (`idDiet`, `idUser`, `idMeal`, `date`) VALUES (1664, 2, 21, '2020-03-15');
INSERT INTO `softwareengineering`.`diet` (`idDiet`, `idUser`, `idMeal`, `date`) VALUES (1665, 2, 35, '2020-03-15');
INSERT INTO `softwareengineering`.`diet` (`idDiet`, `idUser`, `idMeal`, `date`) VALUES (1666, 2, 38, '2020-03-15');
INSERT INTO `softwareengineering`.`diet` (`idDiet`, `idUser`, `idMeal`, `date`) VALUES (1667, 2, 55, '2020-03-15');
INSERT INTO `softwareengineering`.`diet` (`idDiet`, `idUser`, `idMeal`, `date`) VALUES (1668, 2, 46, '2020-03-15');
INSERT INTO `softwareengineering`.`diet` (`idDiet`, `idUser`, `idMeal`, `date`) VALUES (1669, 2, 47, '2020-03-15');
INSERT INTO `softwareengineering`.`weighttracking` (`idWeightTracking`, `idUser`, `date`, `weight`) VALUES (167, 2, '2020-03-15', 91.66);
INSERT INTO `softwareengineering`.`user` (`idUser`, `forename`, `surname`, `email`, `username`, `password`, `DOB`, `height`, `gender`, `weight`, `calories`) VALUES (3, 'Vergil', 'Persie', 'Vergil.Persie@gmail.com', 'VergilPersie', 'oSKNbOB01TqxA7frTVPMvg==', '2001-03-28' , 190, 'M', 97.04, 2067);
INSERT INTO `softwareengineering`.`diet` (`idDiet`, `idUser`, `idMeal`, `date`) VALUES (1670, 3, 10, '2020-05-09');
INSERT INTO `softwareengineering`.`diet` (`idDiet`, `idUser`, `idMeal`, `date`) VALUES (1671, 3, 9, '2020-05-09');
INSERT INTO `softwareengineering`.`diet` (`idDiet`, `idUser`, `idMeal`, `date`) VALUES (1672, 3, 6, '2020-05-09');
INSERT INTO `softwareengineering`.`diet` (`idDiet`, `idUser`, `idMeal`, `date`) VALUES (1673, 3, 29, '2020-05-09');
INSERT INTO `softwareengineering`.`diet` (`idDiet`, `idUser`, `idMeal`, `date`) VALUES (1674, 3, 17, '2020-05-09');
INSERT INTO `softwareengineering`.`diet` (`idDiet`, `idUser`, `idMeal`, `date`) VALUES (1675, 3, 34, '2020-05-09');
INSERT INTO `softwareengineering`.`diet` (`idDiet`, `idUser`, `idMeal`, `date`) VALUES (1676, 3, 38, '2020-05-09');
INSERT INTO `softwareengineering`.`diet` (`idDiet`, `idUser`, `idMeal`, `date`) VALUES (1677, 3, 40, '2020-05-09');
INSERT INTO `softwareengineering`.`diet` (`idDiet`, `idUser`, `idMeal`, `date`) VALUES (1678, 3, 52, '2020-05-09');
INSERT INTO `softwareengineering`.`diet` (`idDiet`, `idUser`, `idMeal`, `date`) VALUES (1679, 3, 58, '2020-05-09');
INSERT INTO `softwareengineering`.`weighttracking` (`idWeightTracking`, `idUser`, `date`, `weight`) VALUES (168, 3, '2020-05-09', 97.16);
INSERT INTO `softwareengineering`.`diet` (`idDiet`, `idUser`, `idMeal`, `date`) VALUES (1680, 3, 4, '2020-05-08');
INSERT INTO `softwareengineering`.`diet` (`idDiet`, `idUser`, `idMeal`, `date`) VALUES (1681, 3, 10, '2020-05-08');
INSERT INTO `softwareengineering`.`diet` (`idDiet`, `idUser`, `idMeal`, `date`) VALUES (1682, 3, 6, '2020-05-08');
INSERT INTO `softwareengineering`.`diet` (`idDiet`, `idUser`, `idMeal`, `date`) VALUES (1683, 3, 17, '2020-05-08');
INSERT INTO `softwareengineering`.`diet` (`idDiet`, `idUser`, `idMeal`, `date`) VALUES (1684, 3, 28, '2020-05-08');
INSERT INTO `softwareengineering`.`diet` (`idDiet`, `idUser`, `idMeal`, `date`) VALUES (1685, 3, 30, '2020-05-08');
INSERT INTO `softwareengineering`.`diet` (`idDiet`, `idUser`, `idMeal`, `date`) VALUES (1686, 3, 40, '2020-05-08');
INSERT INTO `softwareengineering`.`diet` (`idDiet`, `idUser`, `idMeal`, `date`) VALUES (1687, 3, 47, '2020-05-08');
INSERT INTO `softwareengineering`.`diet` (`idDiet`, `idUser`, `idMeal`, `date`) VALUES (1688, 3, 53, '2020-05-08');
INSERT INTO `softwareengineering`.`diet` (`idDiet`, `idUser`, `idMeal`, `date`) VALUES (1689, 3, 57, '2020-05-08');
INSERT INTO `softwareengineering`.`weighttracking` (`idWeightTracking`, `idUser`, `date`, `weight`) VALUES (169, 3, '2020-05-08', 97.36);
INSERT INTO `softwareengineering`.`diet` (`idDiet`, `idUser`, `idMeal`, `date`) VALUES (1690, 3, 11, '2020-05-07');
INSERT INTO `softwareengineering`.`diet` (`idDiet`, `idUser`, `idMeal`, `date`) VALUES (1691, 3, 5, '2020-05-07');
INSERT INTO `softwareengineering`.`diet` (`idDiet`, `idUser`, `idMeal`, `date`) VALUES (1692, 3, 11, '2020-05-07');
INSERT INTO `softwareengineering`.`diet` (`idDiet`, `idUser`, `idMeal`, `date`) VALUES (1693, 3, 21, '2020-05-07');
INSERT INTO `softwareengineering`.`diet` (`idDiet`, `idUser`, `idMeal`, `date`) VALUES (1694, 3, 28, '2020-05-07');
INSERT INTO `softwareengineering`.`diet` (`idDiet`, `idUser`, `idMeal`, `date`) VALUES (1695, 3, 35, '2020-05-07');
INSERT INTO `softwareengineering`.`diet` (`idDiet`, `idUser`, `idMeal`, `date`) VALUES (1696, 3, 40, '2020-05-07');
INSERT INTO `softwareengineering`.`diet` (`idDiet`, `idUser`, `idMeal`, `date`) VALUES (1697, 3, 34, '2020-05-07');
INSERT INTO `softwareengineering`.`diet` (`idDiet`, `idUser`, `idMeal`, `date`) VALUES (1698, 3, 53, '2020-05-07');
INSERT INTO `softwareengineering`.`diet` (`idDiet`, `idUser`, `idMeal`, `date`) VALUES (1699, 3, 59, '2020-05-07');
INSERT INTO `softwareengineering`.`diet` (`idDiet`, `idUser`, `idMeal`, `date`) VALUES (1700, 3, 59, '2020-05-07');
INSERT INTO `softwareengineering`.`weighttracking` (`idWeightTracking`, `idUser`, `date`, `weight`) VALUES (170, 3, '2020-05-07', 97.48);
INSERT INTO `softwareengineering`.`exerciselink` (`idLink`, `idUser`, `idExerciseSession`, `date`) VALUES (175, 3, 17, '2020-05-06');
INSERT INTO `softwareengineering`.`exerciselink` (`idLink`, `idUser`, `idExerciseSession`, `date`) VALUES (176, 3, 12, '2020-05-06');
INSERT INTO `softwareengineering`.`diet` (`idDiet`, `idUser`, `idMeal`, `date`) VALUES (1701, 3, 12, '2020-05-06');
INSERT INTO `softwareengineering`.`diet` (`idDiet`, `idUser`, `idMeal`, `date`) VALUES (1702, 3, 0, '2020-05-06');
INSERT INTO `softwareengineering`.`diet` (`idDiet`, `idUser`, `idMeal`, `date`) VALUES (1703, 3, 16, '2020-05-06');
INSERT INTO `softwareengineering`.`diet` (`idDiet`, `idUser`, `idMeal`, `date`) VALUES (1704, 3, 20, '2020-05-06');
INSERT INTO `softwareengineering`.`diet` (`idDiet`, `idUser`, `idMeal`, `date`) VALUES (1705, 3, 17, '2020-05-06');
INSERT INTO `softwareengineering`.`diet` (`idDiet`, `idUser`, `idMeal`, `date`) VALUES (1706, 3, 38, '2020-05-06');
INSERT INTO `softwareengineering`.`diet` (`idDiet`, `idUser`, `idMeal`, `date`) VALUES (1707, 3, 41, '2020-05-06');
INSERT INTO `softwareengineering`.`diet` (`idDiet`, `idUser`, `idMeal`, `date`) VALUES (1708, 3, 31, '2020-05-06');
INSERT INTO `softwareengineering`.`diet` (`idDiet`, `idUser`, `idMeal`, `date`) VALUES (1709, 3, 53, '2020-05-06');
INSERT INTO `softwareengineering`.`diet` (`idDiet`, `idUser`, `idMeal`, `date`) VALUES (1710, 3, 47, '2020-05-06');
INSERT INTO `softwareengineering`.`diet` (`idDiet`, `idUser`, `idMeal`, `date`) VALUES (1711, 3, 53, '2020-05-06');
INSERT INTO `softwareengineering`.`weighttracking` (`idWeightTracking`, `idUser`, `date`, `weight`) VALUES (171, 3, '2020-05-06', 97.54);
INSERT INTO `softwareengineering`.`exerciselink` (`idLink`, `idUser`, `idExerciseSession`, `date`) VALUES (177, 3, 18, '2020-05-05');
INSERT INTO `softwareengineering`.`exerciselink` (`idLink`, `idUser`, `idExerciseSession`, `date`) VALUES (178, 3, 7, '2020-05-05');
INSERT INTO `softwareengineering`.`diet` (`idDiet`, `idUser`, `idMeal`, `date`) VALUES (1712, 3, 1, '2020-05-05');
INSERT INTO `softwareengineering`.`diet` (`idDiet`, `idUser`, `idMeal`, `date`) VALUES (1713, 3, 8, '2020-05-05');
INSERT INTO `softwareengineering`.`diet` (`idDiet`, `idUser`, `idMeal`, `date`) VALUES (1714, 3, 8, '2020-05-05');
INSERT INTO `softwareengineering`.`diet` (`idDiet`, `idUser`, `idMeal`, `date`) VALUES (1715, 3, 29, '2020-05-05');
INSERT INTO `softwareengineering`.`diet` (`idDiet`, `idUser`, `idMeal`, `date`) VALUES (1716, 3, 19, '2020-05-05');
INSERT INTO `softwareengineering`.`diet` (`idDiet`, `idUser`, `idMeal`, `date`) VALUES (1717, 3, 16, '2020-05-05');
INSERT INTO `softwareengineering`.`diet` (`idDiet`, `idUser`, `idMeal`, `date`) VALUES (1718, 3, 39, '2020-05-05');
INSERT INTO `softwareengineering`.`diet` (`idDiet`, `idUser`, `idMeal`, `date`) VALUES (1719, 3, 43, '2020-05-05');
INSERT INTO `softwareengineering`.`diet` (`idDiet`, `idUser`, `idMeal`, `date`) VALUES (1720, 3, 52, '2020-05-05');
INSERT INTO `softwareengineering`.`diet` (`idDiet`, `idUser`, `idMeal`, `date`) VALUES (1721, 3, 50, '2020-05-05');
INSERT INTO `softwareengineering`.`diet` (`idDiet`, `idUser`, `idMeal`, `date`) VALUES (1722, 3, 57, '2020-05-05');
INSERT INTO `softwareengineering`.`weighttracking` (`idWeightTracking`, `idUser`, `date`, `weight`) VALUES (172, 3, '2020-05-05', 97.81);
INSERT INTO `softwareengineering`.`diet` (`idDiet`, `idUser`, `idMeal`, `date`) VALUES (1723, 3, 6, '2020-05-04');
INSERT INTO `softwareengineering`.`diet` (`idDiet`, `idUser`, `idMeal`, `date`) VALUES (1724, 3, 10, '2020-05-04');
INSERT INTO `softwareengineering`.`diet` (`idDiet`, `idUser`, `idMeal`, `date`) VALUES (1725, 3, 8, '2020-05-04');
INSERT INTO `softwareengineering`.`diet` (`idDiet`, `idUser`, `idMeal`, `date`) VALUES (1726, 3, 17, '2020-05-04');
INSERT INTO `softwareengineering`.`diet` (`idDiet`, `idUser`, `idMeal`, `date`) VALUES (1727, 3, 21, '2020-05-04');
INSERT INTO `softwareengineering`.`diet` (`idDiet`, `idUser`, `idMeal`, `date`) VALUES (1728, 3, 38, '2020-05-04');
INSERT INTO `softwareengineering`.`diet` (`idDiet`, `idUser`, `idMeal`, `date`) VALUES (1729, 3, 34, '2020-05-04');
INSERT INTO `softwareengineering`.`diet` (`idDiet`, `idUser`, `idMeal`, `date`) VALUES (1730, 3, 32, '2020-05-04');
INSERT INTO `softwareengineering`.`diet` (`idDiet`, `idUser`, `idMeal`, `date`) VALUES (1731, 3, 45, '2020-05-04');
INSERT INTO `softwareengineering`.`diet` (`idDiet`, `idUser`, `idMeal`, `date`) VALUES (1732, 3, 48, '2020-05-04');
INSERT INTO `softwareengineering`.`weighttracking` (`idWeightTracking`, `idUser`, `date`, `weight`) VALUES (173, 3, '2020-05-04', 98.06);
INSERT INTO `softwareengineering`.`diet` (`idDiet`, `idUser`, `idMeal`, `date`) VALUES (1733, 3, 5, '2020-05-03');
INSERT INTO `softwareengineering`.`diet` (`idDiet`, `idUser`, `idMeal`, `date`) VALUES (1734, 3, 13, '2020-05-03');
INSERT INTO `softwareengineering`.`diet` (`idDiet`, `idUser`, `idMeal`, `date`) VALUES (1735, 3, 7, '2020-05-03');
INSERT INTO `softwareengineering`.`diet` (`idDiet`, `idUser`, `idMeal`, `date`) VALUES (1736, 3, 29, '2020-05-03');
INSERT INTO `softwareengineering`.`diet` (`idDiet`, `idUser`, `idMeal`, `date`) VALUES (1737, 3, 29, '2020-05-03');
INSERT INTO `softwareengineering`.`diet` (`idDiet`, `idUser`, `idMeal`, `date`) VALUES (1738, 3, 15, '2020-05-03');
INSERT INTO `softwareengineering`.`diet` (`idDiet`, `idUser`, `idMeal`, `date`) VALUES (1739, 3, 34, '2020-05-03');
INSERT INTO `softwareengineering`.`diet` (`idDiet`, `idUser`, `idMeal`, `date`) VALUES (1740, 3, 39, '2020-05-03');
INSERT INTO `softwareengineering`.`diet` (`idDiet`, `idUser`, `idMeal`, `date`) VALUES (1741, 3, 53, '2020-05-03');
INSERT INTO `softwareengineering`.`diet` (`idDiet`, `idUser`, `idMeal`, `date`) VALUES (1742, 3, 48, '2020-05-03');
INSERT INTO `softwareengineering`.`weighttracking` (`idWeightTracking`, `idUser`, `date`, `weight`) VALUES (174, 3, '2020-05-03', 98.05);
INSERT INTO `softwareengineering`.`exerciselink` (`idLink`, `idUser`, `idExerciseSession`, `date`) VALUES (179, 3, 23, '2020-05-02');
INSERT INTO `softwareengineering`.`exerciselink` (`idLink`, `idUser`, `idExerciseSession`, `date`) VALUES (180, 3, 18, '2020-05-02');
INSERT INTO `softwareengineering`.`diet` (`idDiet`, `idUser`, `idMeal`, `date`) VALUES (1743, 3, 10, '2020-05-02');
INSERT INTO `softwareengineering`.`diet` (`idDiet`, `idUser`, `idMeal`, `date`) VALUES (1744, 3, 9, '2020-05-02');
INSERT INTO `softwareengineering`.`diet` (`idDiet`, `idUser`, `idMeal`, `date`) VALUES (1745, 3, 13, '2020-05-02');
INSERT INTO `softwareengineering`.`diet` (`idDiet`, `idUser`, `idMeal`, `date`) VALUES (1746, 3, 24, '2020-05-02');
INSERT INTO `softwareengineering`.`diet` (`idDiet`, `idUser`, `idMeal`, `date`) VALUES (1747, 3, 18, '2020-05-02');
INSERT INTO `softwareengineering`.`diet` (`idDiet`, `idUser`, `idMeal`, `date`) VALUES (1748, 3, 16, '2020-05-02');
INSERT INTO `softwareengineering`.`diet` (`idDiet`, `idUser`, `idMeal`, `date`) VALUES (1749, 3, 36, '2020-05-02');
INSERT INTO `softwareengineering`.`diet` (`idDiet`, `idUser`, `idMeal`, `date`) VALUES (1750, 3, 31, '2020-05-02');
INSERT INTO `softwareengineering`.`diet` (`idDiet`, `idUser`, `idMeal`, `date`) VALUES (1751, 3, 52, '2020-05-02');
INSERT INTO `softwareengineering`.`diet` (`idDiet`, `idUser`, `idMeal`, `date`) VALUES (1752, 3, 54, '2020-05-02');
INSERT INTO `softwareengineering`.`weighttracking` (`idWeightTracking`, `idUser`, `date`, `weight`) VALUES (175, 3, '2020-05-02', 98.05);
INSERT INTO `softwareengineering`.`exerciselink` (`idLink`, `idUser`, `idExerciseSession`, `date`) VALUES (181, 3, 18, '2020-05-01');
INSERT INTO `softwareengineering`.`diet` (`idDiet`, `idUser`, `idMeal`, `date`) VALUES (1753, 3, 9, '2020-05-01');
INSERT INTO `softwareengineering`.`diet` (`idDiet`, `idUser`, `idMeal`, `date`) VALUES (1754, 3, 10, '2020-05-01');
INSERT INTO `softwareengineering`.`diet` (`idDiet`, `idUser`, `idMeal`, `date`) VALUES (1755, 3, 3, '2020-05-01');
INSERT INTO `softwareengineering`.`diet` (`idDiet`, `idUser`, `idMeal`, `date`) VALUES (1756, 3, 15, '2020-05-01');
INSERT INTO `softwareengineering`.`diet` (`idDiet`, `idUser`, `idMeal`, `date`) VALUES (1757, 3, 18, '2020-05-01');
INSERT INTO `softwareengineering`.`diet` (`idDiet`, `idUser`, `idMeal`, `date`) VALUES (1758, 3, 28, '2020-05-01');
INSERT INTO `softwareengineering`.`diet` (`idDiet`, `idUser`, `idMeal`, `date`) VALUES (1759, 3, 33, '2020-05-01');
INSERT INTO `softwareengineering`.`diet` (`idDiet`, `idUser`, `idMeal`, `date`) VALUES (1760, 3, 30, '2020-05-01');
INSERT INTO `softwareengineering`.`diet` (`idDiet`, `idUser`, `idMeal`, `date`) VALUES (1761, 3, 33, '2020-05-01');
INSERT INTO `softwareengineering`.`diet` (`idDiet`, `idUser`, `idMeal`, `date`) VALUES (1762, 3, 51, '2020-05-01');
INSERT INTO `softwareengineering`.`diet` (`idDiet`, `idUser`, `idMeal`, `date`) VALUES (1763, 3, 50, '2020-05-01');
INSERT INTO `softwareengineering`.`weighttracking` (`idWeightTracking`, `idUser`, `date`, `weight`) VALUES (176, 3, '2020-05-01', 98.01);
INSERT INTO `softwareengineering`.`exerciselink` (`idLink`, `idUser`, `idExerciseSession`, `date`) VALUES (182, 3, 3, '2020-04-30');
INSERT INTO `softwareengineering`.`exerciselink` (`idLink`, `idUser`, `idExerciseSession`, `date`) VALUES (183, 3, 17, '2020-04-30');
INSERT INTO `softwareengineering`.`diet` (`idDiet`, `idUser`, `idMeal`, `date`) VALUES (1764, 3, 12, '2020-04-30');
INSERT INTO `softwareengineering`.`diet` (`idDiet`, `idUser`, `idMeal`, `date`) VALUES (1765, 3, 10, '2020-04-30');
INSERT INTO `softwareengineering`.`diet` (`idDiet`, `idUser`, `idMeal`, `date`) VALUES (1766, 3, 19, '2020-04-30');
INSERT INTO `softwareengineering`.`diet` (`idDiet`, `idUser`, `idMeal`, `date`) VALUES (1767, 3, 25, '2020-04-30');
INSERT INTO `softwareengineering`.`diet` (`idDiet`, `idUser`, `idMeal`, `date`) VALUES (1768, 3, 41, '2020-04-30');
INSERT INTO `softwareengineering`.`diet` (`idDiet`, `idUser`, `idMeal`, `date`) VALUES (1769, 3, 38, '2020-04-30');
INSERT INTO `softwareengineering`.`diet` (`idDiet`, `idUser`, `idMeal`, `date`) VALUES (1770, 3, 33, '2020-04-30');
INSERT INTO `softwareengineering`.`diet` (`idDiet`, `idUser`, `idMeal`, `date`) VALUES (1771, 3, 54, '2020-04-30');
INSERT INTO `softwareengineering`.`diet` (`idDiet`, `idUser`, `idMeal`, `date`) VALUES (1772, 3, 53, '2020-04-30');
INSERT INTO `softwareengineering`.`diet` (`idDiet`, `idUser`, `idMeal`, `date`) VALUES (1773, 3, 54, '2020-04-30');
INSERT INTO `softwareengineering`.`weighttracking` (`idWeightTracking`, `idUser`, `date`, `weight`) VALUES (177, 3, '2020-04-30', 98.14);
INSERT INTO `softwareengineering`.`diet` (`idDiet`, `idUser`, `idMeal`, `date`) VALUES (1774, 3, 13, '2020-04-29');
INSERT INTO `softwareengineering`.`diet` (`idDiet`, `idUser`, `idMeal`, `date`) VALUES (1775, 3, 12, '2020-04-29');
INSERT INTO `softwareengineering`.`diet` (`idDiet`, `idUser`, `idMeal`, `date`) VALUES (1776, 3, 29, '2020-04-29');
INSERT INTO `softwareengineering`.`diet` (`idDiet`, `idUser`, `idMeal`, `date`) VALUES (1777, 3, 23, '2020-04-29');
INSERT INTO `softwareengineering`.`diet` (`idDiet`, `idUser`, `idMeal`, `date`) VALUES (1778, 3, 23, '2020-04-29');
INSERT INTO `softwareengineering`.`diet` (`idDiet`, `idUser`, `idMeal`, `date`) VALUES (1779, 3, 36, '2020-04-29');
INSERT INTO `softwareengineering`.`diet` (`idDiet`, `idUser`, `idMeal`, `date`) VALUES (1780, 3, 34, '2020-04-29');
INSERT INTO `softwareengineering`.`diet` (`idDiet`, `idUser`, `idMeal`, `date`) VALUES (1781, 3, 36, '2020-04-29');
INSERT INTO `softwareengineering`.`diet` (`idDiet`, `idUser`, `idMeal`, `date`) VALUES (1782, 3, 49, '2020-04-29');
INSERT INTO `softwareengineering`.`diet` (`idDiet`, `idUser`, `idMeal`, `date`) VALUES (1783, 3, 50, '2020-04-29');
INSERT INTO `softwareengineering`.`weighttracking` (`idWeightTracking`, `idUser`, `date`, `weight`) VALUES (178, 3, '2020-04-29', 98.4);
INSERT INTO `softwareengineering`.`diet` (`idDiet`, `idUser`, `idMeal`, `date`) VALUES (1784, 3, 12, '2020-04-28');
INSERT INTO `softwareengineering`.`diet` (`idDiet`, `idUser`, `idMeal`, `date`) VALUES (1785, 3, 10, '2020-04-28');
INSERT INTO `softwareengineering`.`diet` (`idDiet`, `idUser`, `idMeal`, `date`) VALUES (1786, 3, 14, '2020-04-28');
INSERT INTO `softwareengineering`.`diet` (`idDiet`, `idUser`, `idMeal`, `date`) VALUES (1787, 3, 27, '2020-04-28');
INSERT INTO `softwareengineering`.`diet` (`idDiet`, `idUser`, `idMeal`, `date`) VALUES (1788, 3, 28, '2020-04-28');
INSERT INTO `softwareengineering`.`diet` (`idDiet`, `idUser`, `idMeal`, `date`) VALUES (1789, 3, 16, '2020-04-28');
INSERT INTO `softwareengineering`.`diet` (`idDiet`, `idUser`, `idMeal`, `date`) VALUES (1790, 3, 41, '2020-04-28');
INSERT INTO `softwareengineering`.`diet` (`idDiet`, `idUser`, `idMeal`, `date`) VALUES (1791, 3, 37, '2020-04-28');
INSERT INTO `softwareengineering`.`diet` (`idDiet`, `idUser`, `idMeal`, `date`) VALUES (1792, 3, 39, '2020-04-28');
INSERT INTO `softwareengineering`.`diet` (`idDiet`, `idUser`, `idMeal`, `date`) VALUES (1793, 3, 54, '2020-04-28');
INSERT INTO `softwareengineering`.`diet` (`idDiet`, `idUser`, `idMeal`, `date`) VALUES (1794, 3, 48, '2020-04-28');
INSERT INTO `softwareengineering`.`weighttracking` (`idWeightTracking`, `idUser`, `date`, `weight`) VALUES (179, 3, '2020-04-28', 98.59);
INSERT INTO `softwareengineering`.`diet` (`idDiet`, `idUser`, `idMeal`, `date`) VALUES (1795, 3, 7, '2020-04-27');
INSERT INTO `softwareengineering`.`diet` (`idDiet`, `idUser`, `idMeal`, `date`) VALUES (1796, 3, 4, '2020-04-27');
INSERT INTO `softwareengineering`.`diet` (`idDiet`, `idUser`, `idMeal`, `date`) VALUES (1797, 3, 4, '2020-04-27');
INSERT INTO `softwareengineering`.`diet` (`idDiet`, `idUser`, `idMeal`, `date`) VALUES (1798, 3, 25, '2020-04-27');
INSERT INTO `softwareengineering`.`diet` (`idDiet`, `idUser`, `idMeal`, `date`) VALUES (1799, 3, 29, '2020-04-27');
INSERT INTO `softwareengineering`.`diet` (`idDiet`, `idUser`, `idMeal`, `date`) VALUES (1800, 3, 15, '2020-04-27');
INSERT INTO `softwareengineering`.`diet` (`idDiet`, `idUser`, `idMeal`, `date`) VALUES (1801, 3, 43, '2020-04-27');
INSERT INTO `softwareengineering`.`diet` (`idDiet`, `idUser`, `idMeal`, `date`) VALUES (1802, 3, 32, '2020-04-27');
INSERT INTO `softwareengineering`.`diet` (`idDiet`, `idUser`, `idMeal`, `date`) VALUES (1803, 3, 47, '2020-04-27');
INSERT INTO `softwareengineering`.`diet` (`idDiet`, `idUser`, `idMeal`, `date`) VALUES (1804, 3, 45, '2020-04-27');
INSERT INTO `softwareengineering`.`weighttracking` (`idWeightTracking`, `idUser`, `date`, `weight`) VALUES (180, 3, '2020-04-27', 98.4);
INSERT INTO `softwareengineering`.`exerciselink` (`idLink`, `idUser`, `idExerciseSession`, `date`) VALUES (184, 3, 5, '2020-04-26');
INSERT INTO `softwareengineering`.`diet` (`idDiet`, `idUser`, `idMeal`, `date`) VALUES (1805, 3, 1, '2020-04-26');
INSERT INTO `softwareengineering`.`diet` (`idDiet`, `idUser`, `idMeal`, `date`) VALUES (1806, 3, 11, '2020-04-26');
INSERT INTO `softwareengineering`.`diet` (`idDiet`, `idUser`, `idMeal`, `date`) VALUES (1807, 3, 8, '2020-04-26');
INSERT INTO `softwareengineering`.`diet` (`idDiet`, `idUser`, `idMeal`, `date`) VALUES (1808, 3, 27, '2020-04-26');
INSERT INTO `softwareengineering`.`diet` (`idDiet`, `idUser`, `idMeal`, `date`) VALUES (1809, 3, 27, '2020-04-26');
INSERT INTO `softwareengineering`.`diet` (`idDiet`, `idUser`, `idMeal`, `date`) VALUES (1810, 3, 17, '2020-04-26');
INSERT INTO `softwareengineering`.`diet` (`idDiet`, `idUser`, `idMeal`, `date`) VALUES (1811, 3, 34, '2020-04-26');
INSERT INTO `softwareengineering`.`diet` (`idDiet`, `idUser`, `idMeal`, `date`) VALUES (1812, 3, 36, '2020-04-26');
INSERT INTO `softwareengineering`.`diet` (`idDiet`, `idUser`, `idMeal`, `date`) VALUES (1813, 3, 56, '2020-04-26');
INSERT INTO `softwareengineering`.`diet` (`idDiet`, `idUser`, `idMeal`, `date`) VALUES (1814, 3, 52, '2020-04-26');
INSERT INTO `softwareengineering`.`diet` (`idDiet`, `idUser`, `idMeal`, `date`) VALUES (1815, 3, 48, '2020-04-26');
INSERT INTO `softwareengineering`.`weighttracking` (`idWeightTracking`, `idUser`, `date`, `weight`) VALUES (181, 3, '2020-04-26', 98.25);
INSERT INTO `softwareengineering`.`diet` (`idDiet`, `idUser`, `idMeal`, `date`) VALUES (1816, 3, 4, '2020-04-25');
INSERT INTO `softwareengineering`.`diet` (`idDiet`, `idUser`, `idMeal`, `date`) VALUES (1817, 3, 11, '2020-04-25');
INSERT INTO `softwareengineering`.`diet` (`idDiet`, `idUser`, `idMeal`, `date`) VALUES (1818, 3, 11, '2020-04-25');
INSERT INTO `softwareengineering`.`diet` (`idDiet`, `idUser`, `idMeal`, `date`) VALUES (1819, 3, 24, '2020-04-25');
INSERT INTO `softwareengineering`.`diet` (`idDiet`, `idUser`, `idMeal`, `date`) VALUES (1820, 3, 16, '2020-04-25');
INSERT INTO `softwareengineering`.`diet` (`idDiet`, `idUser`, `idMeal`, `date`) VALUES (1821, 3, 34, '2020-04-25');
INSERT INTO `softwareengineering`.`diet` (`idDiet`, `idUser`, `idMeal`, `date`) VALUES (1822, 3, 36, '2020-04-25');
INSERT INTO `softwareengineering`.`diet` (`idDiet`, `idUser`, `idMeal`, `date`) VALUES (1823, 3, 58, '2020-04-25');
INSERT INTO `softwareengineering`.`diet` (`idDiet`, `idUser`, `idMeal`, `date`) VALUES (1824, 3, 59, '2020-04-25');
INSERT INTO `softwareengineering`.`weighttracking` (`idWeightTracking`, `idUser`, `date`, `weight`) VALUES (182, 3, '2020-04-25', 98.51);
INSERT INTO `softwareengineering`.`diet` (`idDiet`, `idUser`, `idMeal`, `date`) VALUES (1825, 3, 14, '2020-04-24');
INSERT INTO `softwareengineering`.`diet` (`idDiet`, `idUser`, `idMeal`, `date`) VALUES (1826, 3, 9, '2020-04-24');
INSERT INTO `softwareengineering`.`diet` (`idDiet`, `idUser`, `idMeal`, `date`) VALUES (1827, 3, 20, '2020-04-24');
INSERT INTO `softwareengineering`.`diet` (`idDiet`, `idUser`, `idMeal`, `date`) VALUES (1828, 3, 28, '2020-04-24');
INSERT INTO `softwareengineering`.`diet` (`idDiet`, `idUser`, `idMeal`, `date`) VALUES (1829, 3, 22, '2020-04-24');
INSERT INTO `softwareengineering`.`diet` (`idDiet`, `idUser`, `idMeal`, `date`) VALUES (1830, 3, 39, '2020-04-24');
INSERT INTO `softwareengineering`.`diet` (`idDiet`, `idUser`, `idMeal`, `date`) VALUES (1831, 3, 34, '2020-04-24');
INSERT INTO `softwareengineering`.`diet` (`idDiet`, `idUser`, `idMeal`, `date`) VALUES (1832, 3, 57, '2020-04-24');
INSERT INTO `softwareengineering`.`diet` (`idDiet`, `idUser`, `idMeal`, `date`) VALUES (1833, 3, 55, '2020-04-24');
INSERT INTO `softwareengineering`.`weighttracking` (`idWeightTracking`, `idUser`, `date`, `weight`) VALUES (183, 3, '2020-04-24', 98.41);
INSERT INTO `softwareengineering`.`exerciselink` (`idLink`, `idUser`, `idExerciseSession`, `date`) VALUES (185, 3, 0, '2020-04-23');
INSERT INTO `softwareengineering`.`diet` (`idDiet`, `idUser`, `idMeal`, `date`) VALUES (1834, 3, 2, '2020-04-23');
INSERT INTO `softwareengineering`.`diet` (`idDiet`, `idUser`, `idMeal`, `date`) VALUES (1835, 3, 7, '2020-04-23');
INSERT INTO `softwareengineering`.`diet` (`idDiet`, `idUser`, `idMeal`, `date`) VALUES (1836, 3, 17, '2020-04-23');
INSERT INTO `softwareengineering`.`diet` (`idDiet`, `idUser`, `idMeal`, `date`) VALUES (1837, 3, 26, '2020-04-23');
INSERT INTO `softwareengineering`.`diet` (`idDiet`, `idUser`, `idMeal`, `date`) VALUES (1838, 3, 21, '2020-04-23');
INSERT INTO `softwareengineering`.`diet` (`idDiet`, `idUser`, `idMeal`, `date`) VALUES (1839, 3, 44, '2020-04-23');
INSERT INTO `softwareengineering`.`diet` (`idDiet`, `idUser`, `idMeal`, `date`) VALUES (1840, 3, 35, '2020-04-23');
INSERT INTO `softwareengineering`.`diet` (`idDiet`, `idUser`, `idMeal`, `date`) VALUES (1841, 3, 41, '2020-04-23');
INSERT INTO `softwareengineering`.`diet` (`idDiet`, `idUser`, `idMeal`, `date`) VALUES (1842, 3, 58, '2020-04-23');
INSERT INTO `softwareengineering`.`diet` (`idDiet`, `idUser`, `idMeal`, `date`) VALUES (1843, 3, 56, '2020-04-23');
INSERT INTO `softwareengineering`.`weighttracking` (`idWeightTracking`, `idUser`, `date`, `weight`) VALUES (184, 3, '2020-04-23', 98.65);
INSERT INTO `softwareengineering`.`exerciselink` (`idLink`, `idUser`, `idExerciseSession`, `date`) VALUES (186, 3, 12, '2020-04-22');
INSERT INTO `softwareengineering`.`diet` (`idDiet`, `idUser`, `idMeal`, `date`) VALUES (1844, 3, 3, '2020-04-22');
INSERT INTO `softwareengineering`.`diet` (`idDiet`, `idUser`, `idMeal`, `date`) VALUES (1845, 3, 13, '2020-04-22');
INSERT INTO `softwareengineering`.`diet` (`idDiet`, `idUser`, `idMeal`, `date`) VALUES (1846, 3, 21, '2020-04-22');
INSERT INTO `softwareengineering`.`diet` (`idDiet`, `idUser`, `idMeal`, `date`) VALUES (1847, 3, 19, '2020-04-22');
INSERT INTO `softwareengineering`.`diet` (`idDiet`, `idUser`, `idMeal`, `date`) VALUES (1848, 3, 41, '2020-04-22');
INSERT INTO `softwareengineering`.`diet` (`idDiet`, `idUser`, `idMeal`, `date`) VALUES (1849, 3, 39, '2020-04-22');
INSERT INTO `softwareengineering`.`diet` (`idDiet`, `idUser`, `idMeal`, `date`) VALUES (1850, 3, 36, '2020-04-22');
INSERT INTO `softwareengineering`.`diet` (`idDiet`, `idUser`, `idMeal`, `date`) VALUES (1851, 3, 48, '2020-04-22');
INSERT INTO `softwareengineering`.`diet` (`idDiet`, `idUser`, `idMeal`, `date`) VALUES (1852, 3, 45, '2020-04-22');
INSERT INTO `softwareengineering`.`weighttracking` (`idWeightTracking`, `idUser`, `date`, `weight`) VALUES (185, 3, '2020-04-22', 98.74);
INSERT INTO `softwareengineering`.`diet` (`idDiet`, `idUser`, `idMeal`, `date`) VALUES (1853, 3, 3, '2020-04-21');
INSERT INTO `softwareengineering`.`diet` (`idDiet`, `idUser`, `idMeal`, `date`) VALUES (1854, 3, 0, '2020-04-21');
INSERT INTO `softwareengineering`.`diet` (`idDiet`, `idUser`, `idMeal`, `date`) VALUES (1855, 3, 23, '2020-04-21');
INSERT INTO `softwareengineering`.`diet` (`idDiet`, `idUser`, `idMeal`, `date`) VALUES (1856, 3, 15, '2020-04-21');
INSERT INTO `softwareengineering`.`diet` (`idDiet`, `idUser`, `idMeal`, `date`) VALUES (1857, 3, 33, '2020-04-21');
INSERT INTO `softwareengineering`.`diet` (`idDiet`, `idUser`, `idMeal`, `date`) VALUES (1858, 3, 30, '2020-04-21');
INSERT INTO `softwareengineering`.`diet` (`idDiet`, `idUser`, `idMeal`, `date`) VALUES (1859, 3, 52, '2020-04-21');
INSERT INTO `softwareengineering`.`diet` (`idDiet`, `idUser`, `idMeal`, `date`) VALUES (1860, 3, 58, '2020-04-21');
INSERT INTO `softwareengineering`.`weighttracking` (`idWeightTracking`, `idUser`, `date`, `weight`) VALUES (186, 3, '2020-04-21', 98.99);
INSERT INTO `softwareengineering`.`exerciselink` (`idLink`, `idUser`, `idExerciseSession`, `date`) VALUES (187, 3, 13, '2020-04-20');
INSERT INTO `softwareengineering`.`exerciselink` (`idLink`, `idUser`, `idExerciseSession`, `date`) VALUES (188, 3, 14, '2020-04-20');
INSERT INTO `softwareengineering`.`diet` (`idDiet`, `idUser`, `idMeal`, `date`) VALUES (1861, 3, 11, '2020-04-20');
INSERT INTO `softwareengineering`.`diet` (`idDiet`, `idUser`, `idMeal`, `date`) VALUES (1862, 3, 14, '2020-04-20');
INSERT INTO `softwareengineering`.`diet` (`idDiet`, `idUser`, `idMeal`, `date`) VALUES (1863, 3, 0, '2020-04-20');
INSERT INTO `softwareengineering`.`diet` (`idDiet`, `idUser`, `idMeal`, `date`) VALUES (1864, 3, 25, '2020-04-20');
INSERT INTO `softwareengineering`.`diet` (`idDiet`, `idUser`, `idMeal`, `date`) VALUES (1865, 3, 23, '2020-04-20');
INSERT INTO `softwareengineering`.`diet` (`idDiet`, `idUser`, `idMeal`, `date`) VALUES (1866, 3, 44, '2020-04-20');
INSERT INTO `softwareengineering`.`diet` (`idDiet`, `idUser`, `idMeal`, `date`) VALUES (1867, 3, 43, '2020-04-20');
INSERT INTO `softwareengineering`.`diet` (`idDiet`, `idUser`, `idMeal`, `date`) VALUES (1868, 3, 47, '2020-04-20');
INSERT INTO `softwareengineering`.`diet` (`idDiet`, `idUser`, `idMeal`, `date`) VALUES (1869, 3, 55, '2020-04-20');
INSERT INTO `softwareengineering`.`diet` (`idDiet`, `idUser`, `idMeal`, `date`) VALUES (1870, 3, 49, '2020-04-20');
INSERT INTO `softwareengineering`.`weighttracking` (`idWeightTracking`, `idUser`, `date`, `weight`) VALUES (187, 3, '2020-04-20', 99.27);
INSERT INTO `softwareengineering`.`diet` (`idDiet`, `idUser`, `idMeal`, `date`) VALUES (1871, 3, 1, '2020-04-19');
INSERT INTO `softwareengineering`.`diet` (`idDiet`, `idUser`, `idMeal`, `date`) VALUES (1872, 3, 12, '2020-04-19');
INSERT INTO `softwareengineering`.`diet` (`idDiet`, `idUser`, `idMeal`, `date`) VALUES (1873, 3, 28, '2020-04-19');
INSERT INTO `softwareengineering`.`diet` (`idDiet`, `idUser`, `idMeal`, `date`) VALUES (1874, 3, 24, '2020-04-19');
INSERT INTO `softwareengineering`.`diet` (`idDiet`, `idUser`, `idMeal`, `date`) VALUES (1875, 3, 19, '2020-04-19');
INSERT INTO `softwareengineering`.`diet` (`idDiet`, `idUser`, `idMeal`, `date`) VALUES (1876, 3, 39, '2020-04-19');
INSERT INTO `softwareengineering`.`diet` (`idDiet`, `idUser`, `idMeal`, `date`) VALUES (1877, 3, 41, '2020-04-19');
INSERT INTO `softwareengineering`.`diet` (`idDiet`, `idUser`, `idMeal`, `date`) VALUES (1878, 3, 58, '2020-04-19');
INSERT INTO `softwareengineering`.`diet` (`idDiet`, `idUser`, `idMeal`, `date`) VALUES (1879, 3, 56, '2020-04-19');
INSERT INTO `softwareengineering`.`weighttracking` (`idWeightTracking`, `idUser`, `date`, `weight`) VALUES (188, 3, '2020-04-19', 99.19);
INSERT INTO `softwareengineering`.`diet` (`idDiet`, `idUser`, `idMeal`, `date`) VALUES (1880, 3, 13, '2020-04-18');
INSERT INTO `softwareengineering`.`diet` (`idDiet`, `idUser`, `idMeal`, `date`) VALUES (1881, 3, 6, '2020-04-18');
INSERT INTO `softwareengineering`.`diet` (`idDiet`, `idUser`, `idMeal`, `date`) VALUES (1882, 3, 9, '2020-04-18');
INSERT INTO `softwareengineering`.`diet` (`idDiet`, `idUser`, `idMeal`, `date`) VALUES (1883, 3, 15, '2020-04-18');
INSERT INTO `softwareengineering`.`diet` (`idDiet`, `idUser`, `idMeal`, `date`) VALUES (1884, 3, 20, '2020-04-18');
INSERT INTO `softwareengineering`.`diet` (`idDiet`, `idUser`, `idMeal`, `date`) VALUES (1885, 3, 29, '2020-04-18');
INSERT INTO `softwareengineering`.`diet` (`idDiet`, `idUser`, `idMeal`, `date`) VALUES (1886, 3, 37, '2020-04-18');
INSERT INTO `softwareengineering`.`diet` (`idDiet`, `idUser`, `idMeal`, `date`) VALUES (1887, 3, 41, '2020-04-18');
INSERT INTO `softwareengineering`.`diet` (`idDiet`, `idUser`, `idMeal`, `date`) VALUES (1888, 3, 39, '2020-04-18');
INSERT INTO `softwareengineering`.`diet` (`idDiet`, `idUser`, `idMeal`, `date`) VALUES (1889, 3, 48, '2020-04-18');
INSERT INTO `softwareengineering`.`diet` (`idDiet`, `idUser`, `idMeal`, `date`) VALUES (1890, 3, 57, '2020-04-18');
INSERT INTO `softwareengineering`.`diet` (`idDiet`, `idUser`, `idMeal`, `date`) VALUES (1891, 3, 45, '2020-04-18');
INSERT INTO `softwareengineering`.`weighttracking` (`idWeightTracking`, `idUser`, `date`, `weight`) VALUES (189, 3, '2020-04-18', 99.08);
INSERT INTO `softwareengineering`.`exerciselink` (`idLink`, `idUser`, `idExerciseSession`, `date`) VALUES (189, 3, 24, '2020-04-17');
INSERT INTO `softwareengineering`.`exerciselink` (`idLink`, `idUser`, `idExerciseSession`, `date`) VALUES (190, 3, 18, '2020-04-17');
INSERT INTO `softwareengineering`.`diet` (`idDiet`, `idUser`, `idMeal`, `date`) VALUES (1892, 3, 11, '2020-04-17');
INSERT INTO `softwareengineering`.`diet` (`idDiet`, `idUser`, `idMeal`, `date`) VALUES (1893, 3, 7, '2020-04-17');
INSERT INTO `softwareengineering`.`diet` (`idDiet`, `idUser`, `idMeal`, `date`) VALUES (1894, 3, 23, '2020-04-17');
INSERT INTO `softwareengineering`.`diet` (`idDiet`, `idUser`, `idMeal`, `date`) VALUES (1895, 3, 18, '2020-04-17');
INSERT INTO `softwareengineering`.`diet` (`idDiet`, `idUser`, `idMeal`, `date`) VALUES (1896, 3, 36, '2020-04-17');
INSERT INTO `softwareengineering`.`diet` (`idDiet`, `idUser`, `idMeal`, `date`) VALUES (1897, 3, 44, '2020-04-17');
INSERT INTO `softwareengineering`.`diet` (`idDiet`, `idUser`, `idMeal`, `date`) VALUES (1898, 3, 48, '2020-04-17');
INSERT INTO `softwareengineering`.`diet` (`idDiet`, `idUser`, `idMeal`, `date`) VALUES (1899, 3, 51, '2020-04-17');
INSERT INTO `softwareengineering`.`weighttracking` (`idWeightTracking`, `idUser`, `date`, `weight`) VALUES (190, 3, '2020-04-17', 99.21);
INSERT INTO `softwareengineering`.`exerciselink` (`idLink`, `idUser`, `idExerciseSession`, `date`) VALUES (191, 3, 9, '2020-04-16');
INSERT INTO `softwareengineering`.`diet` (`idDiet`, `idUser`, `idMeal`, `date`) VALUES (1900, 3, 14, '2020-04-16');
INSERT INTO `softwareengineering`.`diet` (`idDiet`, `idUser`, `idMeal`, `date`) VALUES (1901, 3, 10, '2020-04-16');
INSERT INTO `softwareengineering`.`diet` (`idDiet`, `idUser`, `idMeal`, `date`) VALUES (1902, 3, 24, '2020-04-16');
INSERT INTO `softwareengineering`.`diet` (`idDiet`, `idUser`, `idMeal`, `date`) VALUES (1903, 3, 15, '2020-04-16');
INSERT INTO `softwareengineering`.`diet` (`idDiet`, `idUser`, `idMeal`, `date`) VALUES (1904, 3, 25, '2020-04-16');
INSERT INTO `softwareengineering`.`diet` (`idDiet`, `idUser`, `idMeal`, `date`) VALUES (1905, 3, 30, '2020-04-16');
INSERT INTO `softwareengineering`.`diet` (`idDiet`, `idUser`, `idMeal`, `date`) VALUES (1906, 3, 30, '2020-04-16');
INSERT INTO `softwareengineering`.`diet` (`idDiet`, `idUser`, `idMeal`, `date`) VALUES (1907, 3, 46, '2020-04-16');
INSERT INTO `softwareengineering`.`diet` (`idDiet`, `idUser`, `idMeal`, `date`) VALUES (1908, 3, 58, '2020-04-16');
INSERT INTO `softwareengineering`.`weighttracking` (`idWeightTracking`, `idUser`, `date`, `weight`) VALUES (191, 3, '2020-04-16', 99.25);
INSERT INTO `softwareengineering`.`diet` (`idDiet`, `idUser`, `idMeal`, `date`) VALUES (1909, 3, 10, '2020-04-15');
INSERT INTO `softwareengineering`.`diet` (`idDiet`, `idUser`, `idMeal`, `date`) VALUES (1910, 3, 12, '2020-04-15');
INSERT INTO `softwareengineering`.`diet` (`idDiet`, `idUser`, `idMeal`, `date`) VALUES (1911, 3, 22, '2020-04-15');
INSERT INTO `softwareengineering`.`diet` (`idDiet`, `idUser`, `idMeal`, `date`) VALUES (1912, 3, 20, '2020-04-15');
INSERT INTO `softwareengineering`.`diet` (`idDiet`, `idUser`, `idMeal`, `date`) VALUES (1913, 3, 26, '2020-04-15');
INSERT INTO `softwareengineering`.`diet` (`idDiet`, `idUser`, `idMeal`, `date`) VALUES (1914, 3, 30, '2020-04-15');
INSERT INTO `softwareengineering`.`diet` (`idDiet`, `idUser`, `idMeal`, `date`) VALUES (1915, 3, 40, '2020-04-15');
INSERT INTO `softwareengineering`.`diet` (`idDiet`, `idUser`, `idMeal`, `date`) VALUES (1916, 3, 42, '2020-04-15');
INSERT INTO `softwareengineering`.`diet` (`idDiet`, `idUser`, `idMeal`, `date`) VALUES (1917, 3, 52, '2020-04-15');
INSERT INTO `softwareengineering`.`diet` (`idDiet`, `idUser`, `idMeal`, `date`) VALUES (1918, 3, 57, '2020-04-15');
INSERT INTO `softwareengineering`.`diet` (`idDiet`, `idUser`, `idMeal`, `date`) VALUES (1919, 3, 46, '2020-04-15');
INSERT INTO `softwareengineering`.`weighttracking` (`idWeightTracking`, `idUser`, `date`, `weight`) VALUES (192, 3, '2020-04-15', 99.44);
INSERT INTO `softwareengineering`.`diet` (`idDiet`, `idUser`, `idMeal`, `date`) VALUES (1920, 3, 13, '2020-04-14');
INSERT INTO `softwareengineering`.`diet` (`idDiet`, `idUser`, `idMeal`, `date`) VALUES (1921, 3, 5, '2020-04-14');
INSERT INTO `softwareengineering`.`diet` (`idDiet`, `idUser`, `idMeal`, `date`) VALUES (1922, 3, 18, '2020-04-14');
INSERT INTO `softwareengineering`.`diet` (`idDiet`, `idUser`, `idMeal`, `date`) VALUES (1923, 3, 16, '2020-04-14');
INSERT INTO `softwareengineering`.`diet` (`idDiet`, `idUser`, `idMeal`, `date`) VALUES (1924, 3, 36, '2020-04-14');
INSERT INTO `softwareengineering`.`diet` (`idDiet`, `idUser`, `idMeal`, `date`) VALUES (1925, 3, 43, '2020-04-14');
INSERT INTO `softwareengineering`.`diet` (`idDiet`, `idUser`, `idMeal`, `date`) VALUES (1926, 3, 48, '2020-04-14');
INSERT INTO `softwareengineering`.`diet` (`idDiet`, `idUser`, `idMeal`, `date`) VALUES (1927, 3, 53, '2020-04-14');
INSERT INTO `softwareengineering`.`diet` (`idDiet`, `idUser`, `idMeal`, `date`) VALUES (1928, 3, 59, '2020-04-14');
INSERT INTO `softwareengineering`.`weighttracking` (`idWeightTracking`, `idUser`, `date`, `weight`) VALUES (193, 3, '2020-04-14', 99.32);
INSERT INTO `softwareengineering`.`exerciselink` (`idLink`, `idUser`, `idExerciseSession`, `date`) VALUES (192, 3, 15, '2020-04-13');
INSERT INTO `softwareengineering`.`exerciselink` (`idLink`, `idUser`, `idExerciseSession`, `date`) VALUES (193, 3, 12, '2020-04-13');
INSERT INTO `softwareengineering`.`diet` (`idDiet`, `idUser`, `idMeal`, `date`) VALUES (1929, 3, 0, '2020-04-13');
INSERT INTO `softwareengineering`.`diet` (`idDiet`, `idUser`, `idMeal`, `date`) VALUES (1930, 3, 13, '2020-04-13');
INSERT INTO `softwareengineering`.`diet` (`idDiet`, `idUser`, `idMeal`, `date`) VALUES (1931, 3, 2, '2020-04-13');
INSERT INTO `softwareengineering`.`diet` (`idDiet`, `idUser`, `idMeal`, `date`) VALUES (1932, 3, 16, '2020-04-13');
INSERT INTO `softwareengineering`.`diet` (`idDiet`, `idUser`, `idMeal`, `date`) VALUES (1933, 3, 27, '2020-04-13');
INSERT INTO `softwareengineering`.`diet` (`idDiet`, `idUser`, `idMeal`, `date`) VALUES (1934, 3, 31, '2020-04-13');
INSERT INTO `softwareengineering`.`diet` (`idDiet`, `idUser`, `idMeal`, `date`) VALUES (1935, 3, 43, '2020-04-13');
INSERT INTO `softwareengineering`.`diet` (`idDiet`, `idUser`, `idMeal`, `date`) VALUES (1936, 3, 51, '2020-04-13');
INSERT INTO `softwareengineering`.`diet` (`idDiet`, `idUser`, `idMeal`, `date`) VALUES (1937, 3, 59, '2020-04-13');
INSERT INTO `softwareengineering`.`diet` (`idDiet`, `idUser`, `idMeal`, `date`) VALUES (1938, 3, 55, '2020-04-13');
INSERT INTO `softwareengineering`.`weighttracking` (`idWeightTracking`, `idUser`, `date`, `weight`) VALUES (194, 3, '2020-04-13', 99.21);
INSERT INTO `softwareengineering`.`exerciselink` (`idLink`, `idUser`, `idExerciseSession`, `date`) VALUES (194, 3, 16, '2020-04-12');
INSERT INTO `softwareengineering`.`exerciselink` (`idLink`, `idUser`, `idExerciseSession`, `date`) VALUES (195, 3, 17, '2020-04-12');
INSERT INTO `softwareengineering`.`diet` (`idDiet`, `idUser`, `idMeal`, `date`) VALUES (1939, 3, 14, '2020-04-12');
INSERT INTO `softwareengineering`.`diet` (`idDiet`, `idUser`, `idMeal`, `date`) VALUES (1940, 3, 10, '2020-04-12');
INSERT INTO `softwareengineering`.`diet` (`idDiet`, `idUser`, `idMeal`, `date`) VALUES (1941, 3, 11, '2020-04-12');
INSERT INTO `softwareengineering`.`diet` (`idDiet`, `idUser`, `idMeal`, `date`) VALUES (1942, 3, 21, '2020-04-12');
INSERT INTO `softwareengineering`.`diet` (`idDiet`, `idUser`, `idMeal`, `date`) VALUES (1943, 3, 16, '2020-04-12');
INSERT INTO `softwareengineering`.`diet` (`idDiet`, `idUser`, `idMeal`, `date`) VALUES (1944, 3, 24, '2020-04-12');
INSERT INTO `softwareengineering`.`diet` (`idDiet`, `idUser`, `idMeal`, `date`) VALUES (1945, 3, 33, '2020-04-12');
INSERT INTO `softwareengineering`.`diet` (`idDiet`, `idUser`, `idMeal`, `date`) VALUES (1946, 3, 42, '2020-04-12');
INSERT INTO `softwareengineering`.`diet` (`idDiet`, `idUser`, `idMeal`, `date`) VALUES (1947, 3, 55, '2020-04-12');
INSERT INTO `softwareengineering`.`diet` (`idDiet`, `idUser`, `idMeal`, `date`) VALUES (1948, 3, 59, '2020-04-12');
INSERT INTO `softwareengineering`.`weighttracking` (`idWeightTracking`, `idUser`, `date`, `weight`) VALUES (195, 3, '2020-04-12', 99.45);
INSERT INTO `softwareengineering`.`exerciselink` (`idLink`, `idUser`, `idExerciseSession`, `date`) VALUES (196, 3, 13, '2020-04-11');
INSERT INTO `softwareengineering`.`diet` (`idDiet`, `idUser`, `idMeal`, `date`) VALUES (1949, 3, 5, '2020-04-11');
INSERT INTO `softwareengineering`.`diet` (`idDiet`, `idUser`, `idMeal`, `date`) VALUES (1950, 3, 3, '2020-04-11');
INSERT INTO `softwareengineering`.`diet` (`idDiet`, `idUser`, `idMeal`, `date`) VALUES (1951, 3, 22, '2020-04-11');
INSERT INTO `softwareengineering`.`diet` (`idDiet`, `idUser`, `idMeal`, `date`) VALUES (1952, 3, 23, '2020-04-11');
INSERT INTO `softwareengineering`.`diet` (`idDiet`, `idUser`, `idMeal`, `date`) VALUES (1953, 3, 40, '2020-04-11');
INSERT INTO `softwareengineering`.`diet` (`idDiet`, `idUser`, `idMeal`, `date`) VALUES (1954, 3, 38, '2020-04-11');
INSERT INTO `softwareengineering`.`diet` (`idDiet`, `idUser`, `idMeal`, `date`) VALUES (1955, 3, 34, '2020-04-11');
INSERT INTO `softwareengineering`.`diet` (`idDiet`, `idUser`, `idMeal`, `date`) VALUES (1956, 3, 46, '2020-04-11');
INSERT INTO `softwareengineering`.`diet` (`idDiet`, `idUser`, `idMeal`, `date`) VALUES (1957, 3, 48, '2020-04-11');
INSERT INTO `softwareengineering`.`weighttracking` (`idWeightTracking`, `idUser`, `date`, `weight`) VALUES (196, 3, '2020-04-11', 99.26);
INSERT INTO `softwareengineering`.`diet` (`idDiet`, `idUser`, `idMeal`, `date`) VALUES (1958, 3, 13, '2020-04-10');
INSERT INTO `softwareengineering`.`diet` (`idDiet`, `idUser`, `idMeal`, `date`) VALUES (1959, 3, 12, '2020-04-10');
INSERT INTO `softwareengineering`.`diet` (`idDiet`, `idUser`, `idMeal`, `date`) VALUES (1960, 3, 5, '2020-04-10');
INSERT INTO `softwareengineering`.`diet` (`idDiet`, `idUser`, `idMeal`, `date`) VALUES (1961, 3, 15, '2020-04-10');
INSERT INTO `softwareengineering`.`diet` (`idDiet`, `idUser`, `idMeal`, `date`) VALUES (1962, 3, 22, '2020-04-10');
INSERT INTO `softwareengineering`.`diet` (`idDiet`, `idUser`, `idMeal`, `date`) VALUES (1963, 3, 29, '2020-04-10');
INSERT INTO `softwareengineering`.`diet` (`idDiet`, `idUser`, `idMeal`, `date`) VALUES (1964, 3, 40, '2020-04-10');
INSERT INTO `softwareengineering`.`diet` (`idDiet`, `idUser`, `idMeal`, `date`) VALUES (1965, 3, 35, '2020-04-10');
INSERT INTO `softwareengineering`.`diet` (`idDiet`, `idUser`, `idMeal`, `date`) VALUES (1966, 3, 32, '2020-04-10');
INSERT INTO `softwareengineering`.`diet` (`idDiet`, `idUser`, `idMeal`, `date`) VALUES (1967, 3, 55, '2020-04-10');
INSERT INTO `softwareengineering`.`diet` (`idDiet`, `idUser`, `idMeal`, `date`) VALUES (1968, 3, 59, '2020-04-10');
INSERT INTO `softwareengineering`.`weighttracking` (`idWeightTracking`, `idUser`, `date`, `weight`) VALUES (197, 3, '2020-04-10', 99.11);
INSERT INTO `softwareengineering`.`exerciselink` (`idLink`, `idUser`, `idExerciseSession`, `date`) VALUES (197, 3, 14, '2020-04-09');
INSERT INTO `softwareengineering`.`exerciselink` (`idLink`, `idUser`, `idExerciseSession`, `date`) VALUES (198, 3, 14, '2020-04-09');
INSERT INTO `softwareengineering`.`diet` (`idDiet`, `idUser`, `idMeal`, `date`) VALUES (1969, 3, 5, '2020-04-09');
INSERT INTO `softwareengineering`.`diet` (`idDiet`, `idUser`, `idMeal`, `date`) VALUES (1970, 3, 12, '2020-04-09');
INSERT INTO `softwareengineering`.`diet` (`idDiet`, `idUser`, `idMeal`, `date`) VALUES (1971, 3, 16, '2020-04-09');
INSERT INTO `softwareengineering`.`diet` (`idDiet`, `idUser`, `idMeal`, `date`) VALUES (1972, 3, 18, '2020-04-09');
INSERT INTO `softwareengineering`.`diet` (`idDiet`, `idUser`, `idMeal`, `date`) VALUES (1973, 3, 39, '2020-04-09');
INSERT INTO `softwareengineering`.`diet` (`idDiet`, `idUser`, `idMeal`, `date`) VALUES (1974, 3, 39, '2020-04-09');
INSERT INTO `softwareengineering`.`diet` (`idDiet`, `idUser`, `idMeal`, `date`) VALUES (1975, 3, 50, '2020-04-09');
INSERT INTO `softwareengineering`.`diet` (`idDiet`, `idUser`, `idMeal`, `date`) VALUES (1976, 3, 51, '2020-04-09');
INSERT INTO `softwareengineering`.`diet` (`idDiet`, `idUser`, `idMeal`, `date`) VALUES (1977, 3, 46, '2020-04-09');
INSERT INTO `softwareengineering`.`weighttracking` (`idWeightTracking`, `idUser`, `date`, `weight`) VALUES (198, 3, '2020-04-09', 99.26);
INSERT INTO `softwareengineering`.`exerciselink` (`idLink`, `idUser`, `idExerciseSession`, `date`) VALUES (199, 3, 18, '2020-04-08');
INSERT INTO `softwareengineering`.`diet` (`idDiet`, `idUser`, `idMeal`, `date`) VALUES (1978, 3, 0, '2020-04-08');
INSERT INTO `softwareengineering`.`diet` (`idDiet`, `idUser`, `idMeal`, `date`) VALUES (1979, 3, 8, '2020-04-08');
INSERT INTO `softwareengineering`.`diet` (`idDiet`, `idUser`, `idMeal`, `date`) VALUES (1980, 3, 13, '2020-04-08');
INSERT INTO `softwareengineering`.`diet` (`idDiet`, `idUser`, `idMeal`, `date`) VALUES (1981, 3, 23, '2020-04-08');
INSERT INTO `softwareengineering`.`diet` (`idDiet`, `idUser`, `idMeal`, `date`) VALUES (1982, 3, 16, '2020-04-08');
INSERT INTO `softwareengineering`.`diet` (`idDiet`, `idUser`, `idMeal`, `date`) VALUES (1983, 3, 35, '2020-04-08');
INSERT INTO `softwareengineering`.`diet` (`idDiet`, `idUser`, `idMeal`, `date`) VALUES (1984, 3, 32, '2020-04-08');
INSERT INTO `softwareengineering`.`diet` (`idDiet`, `idUser`, `idMeal`, `date`) VALUES (1985, 3, 42, '2020-04-08');
INSERT INTO `softwareengineering`.`diet` (`idDiet`, `idUser`, `idMeal`, `date`) VALUES (1986, 3, 47, '2020-04-08');
INSERT INTO `softwareengineering`.`diet` (`idDiet`, `idUser`, `idMeal`, `date`) VALUES (1987, 3, 55, '2020-04-08');
INSERT INTO `softwareengineering`.`weighttracking` (`idWeightTracking`, `idUser`, `date`, `weight`) VALUES (199, 3, '2020-04-08', 99.38);
INSERT INTO `softwareengineering`.`exerciselink` (`idLink`, `idUser`, `idExerciseSession`, `date`) VALUES (200, 3, 22, '2020-04-07');
INSERT INTO `softwareengineering`.`exerciselink` (`idLink`, `idUser`, `idExerciseSession`, `date`) VALUES (201, 3, 16, '2020-04-07');
INSERT INTO `softwareengineering`.`diet` (`idDiet`, `idUser`, `idMeal`, `date`) VALUES (1988, 3, 8, '2020-04-07');
INSERT INTO `softwareengineering`.`diet` (`idDiet`, `idUser`, `idMeal`, `date`) VALUES (1989, 3, 12, '2020-04-07');
INSERT INTO `softwareengineering`.`diet` (`idDiet`, `idUser`, `idMeal`, `date`) VALUES (1990, 3, 5, '2020-04-07');
INSERT INTO `softwareengineering`.`diet` (`idDiet`, `idUser`, `idMeal`, `date`) VALUES (1991, 3, 23, '2020-04-07');
INSERT INTO `softwareengineering`.`diet` (`idDiet`, `idUser`, `idMeal`, `date`) VALUES (1992, 3, 17, '2020-04-07');
INSERT INTO `softwareengineering`.`diet` (`idDiet`, `idUser`, `idMeal`, `date`) VALUES (1993, 3, 41, '2020-04-07');
INSERT INTO `softwareengineering`.`diet` (`idDiet`, `idUser`, `idMeal`, `date`) VALUES (1994, 3, 30, '2020-04-07');
INSERT INTO `softwareengineering`.`diet` (`idDiet`, `idUser`, `idMeal`, `date`) VALUES (1995, 3, 37, '2020-04-07');
INSERT INTO `softwareengineering`.`diet` (`idDiet`, `idUser`, `idMeal`, `date`) VALUES (1996, 3, 57, '2020-04-07');
INSERT INTO `softwareengineering`.`diet` (`idDiet`, `idUser`, `idMeal`, `date`) VALUES (1997, 3, 50, '2020-04-07');
INSERT INTO `softwareengineering`.`diet` (`idDiet`, `idUser`, `idMeal`, `date`) VALUES (1998, 3, 57, '2020-04-07');
INSERT INTO `softwareengineering`.`weighttracking` (`idWeightTracking`, `idUser`, `date`, `weight`) VALUES (200, 3, '2020-04-07', 99.32);
INSERT INTO `softwareengineering`.`exerciselink` (`idLink`, `idUser`, `idExerciseSession`, `date`) VALUES (202, 3, 24, '2020-04-06');
INSERT INTO `softwareengineering`.`exerciselink` (`idLink`, `idUser`, `idExerciseSession`, `date`) VALUES (203, 3, 13, '2020-04-06');
INSERT INTO `softwareengineering`.`diet` (`idDiet`, `idUser`, `idMeal`, `date`) VALUES (1999, 3, 10, '2020-04-06');
INSERT INTO `softwareengineering`.`diet` (`idDiet`, `idUser`, `idMeal`, `date`) VALUES (2000, 3, 7, '2020-04-06');
INSERT INTO `softwareengineering`.`diet` (`idDiet`, `idUser`, `idMeal`, `date`) VALUES (2001, 3, 5, '2020-04-06');
INSERT INTO `softwareengineering`.`diet` (`idDiet`, `idUser`, `idMeal`, `date`) VALUES (2002, 3, 17, '2020-04-06');
INSERT INTO `softwareengineering`.`diet` (`idDiet`, `idUser`, `idMeal`, `date`) VALUES (2003, 3, 28, '2020-04-06');
INSERT INTO `softwareengineering`.`diet` (`idDiet`, `idUser`, `idMeal`, `date`) VALUES (2004, 3, 34, '2020-04-06');
INSERT INTO `softwareengineering`.`diet` (`idDiet`, `idUser`, `idMeal`, `date`) VALUES (2005, 3, 40, '2020-04-06');
INSERT INTO `softwareengineering`.`diet` (`idDiet`, `idUser`, `idMeal`, `date`) VALUES (2006, 3, 30, '2020-04-06');
INSERT INTO `softwareengineering`.`diet` (`idDiet`, `idUser`, `idMeal`, `date`) VALUES (2007, 3, 54, '2020-04-06');
INSERT INTO `softwareengineering`.`diet` (`idDiet`, `idUser`, `idMeal`, `date`) VALUES (2008, 3, 45, '2020-04-06');
INSERT INTO `softwareengineering`.`diet` (`idDiet`, `idUser`, `idMeal`, `date`) VALUES (2009, 3, 46, '2020-04-06');
INSERT INTO `softwareengineering`.`weighttracking` (`idWeightTracking`, `idUser`, `date`, `weight`) VALUES (201, 3, '2020-04-06', 99.35);
INSERT INTO `softwareengineering`.`exerciselink` (`idLink`, `idUser`, `idExerciseSession`, `date`) VALUES (204, 3, 21, '2020-04-05');
INSERT INTO `softwareengineering`.`diet` (`idDiet`, `idUser`, `idMeal`, `date`) VALUES (2010, 3, 13, '2020-04-05');
INSERT INTO `softwareengineering`.`diet` (`idDiet`, `idUser`, `idMeal`, `date`) VALUES (2011, 3, 7, '2020-04-05');
INSERT INTO `softwareengineering`.`diet` (`idDiet`, `idUser`, `idMeal`, `date`) VALUES (2012, 3, 13, '2020-04-05');
INSERT INTO `softwareengineering`.`diet` (`idDiet`, `idUser`, `idMeal`, `date`) VALUES (2013, 3, 21, '2020-04-05');
INSERT INTO `softwareengineering`.`diet` (`idDiet`, `idUser`, `idMeal`, `date`) VALUES (2014, 3, 20, '2020-04-05');
INSERT INTO `softwareengineering`.`diet` (`idDiet`, `idUser`, `idMeal`, `date`) VALUES (2015, 3, 20, '2020-04-05');
INSERT INTO `softwareengineering`.`diet` (`idDiet`, `idUser`, `idMeal`, `date`) VALUES (2016, 3, 40, '2020-04-05');
INSERT INTO `softwareengineering`.`diet` (`idDiet`, `idUser`, `idMeal`, `date`) VALUES (2017, 3, 41, '2020-04-05');
INSERT INTO `softwareengineering`.`diet` (`idDiet`, `idUser`, `idMeal`, `date`) VALUES (2018, 3, 40, '2020-04-05');
INSERT INTO `softwareengineering`.`diet` (`idDiet`, `idUser`, `idMeal`, `date`) VALUES (2019, 3, 57, '2020-04-05');
INSERT INTO `softwareengineering`.`diet` (`idDiet`, `idUser`, `idMeal`, `date`) VALUES (2020, 3, 50, '2020-04-05');
INSERT INTO `softwareengineering`.`weighttracking` (`idWeightTracking`, `idUser`, `date`, `weight`) VALUES (202, 3, '2020-04-05', 99.34);
INSERT INTO `softwareengineering`.`exerciselink` (`idLink`, `idUser`, `idExerciseSession`, `date`) VALUES (205, 3, 18, '2020-04-04');
INSERT INTO `softwareengineering`.`exerciselink` (`idLink`, `idUser`, `idExerciseSession`, `date`) VALUES (206, 3, 11, '2020-04-04');
INSERT INTO `softwareengineering`.`diet` (`idDiet`, `idUser`, `idMeal`, `date`) VALUES (2021, 3, 9, '2020-04-04');
INSERT INTO `softwareengineering`.`diet` (`idDiet`, `idUser`, `idMeal`, `date`) VALUES (2022, 3, 10, '2020-04-04');
INSERT INTO `softwareengineering`.`diet` (`idDiet`, `idUser`, `idMeal`, `date`) VALUES (2023, 3, 23, '2020-04-04');
INSERT INTO `softwareengineering`.`diet` (`idDiet`, `idUser`, `idMeal`, `date`) VALUES (2024, 3, 17, '2020-04-04');
INSERT INTO `softwareengineering`.`diet` (`idDiet`, `idUser`, `idMeal`, `date`) VALUES (2025, 3, 25, '2020-04-04');
INSERT INTO `softwareengineering`.`diet` (`idDiet`, `idUser`, `idMeal`, `date`) VALUES (2026, 3, 30, '2020-04-04');
INSERT INTO `softwareengineering`.`diet` (`idDiet`, `idUser`, `idMeal`, `date`) VALUES (2027, 3, 31, '2020-04-04');
INSERT INTO `softwareengineering`.`diet` (`idDiet`, `idUser`, `idMeal`, `date`) VALUES (2028, 3, 54, '2020-04-04');
INSERT INTO `softwareengineering`.`diet` (`idDiet`, `idUser`, `idMeal`, `date`) VALUES (2029, 3, 55, '2020-04-04');
INSERT INTO `softwareengineering`.`weighttracking` (`idWeightTracking`, `idUser`, `date`, `weight`) VALUES (203, 3, '2020-04-04', 99.18);
INSERT INTO `softwareengineering`.`exerciselink` (`idLink`, `idUser`, `idExerciseSession`, `date`) VALUES (207, 3, 4, '2020-04-03');
INSERT INTO `softwareengineering`.`diet` (`idDiet`, `idUser`, `idMeal`, `date`) VALUES (2030, 3, 6, '2020-04-03');
INSERT INTO `softwareengineering`.`diet` (`idDiet`, `idUser`, `idMeal`, `date`) VALUES (2031, 3, 10, '2020-04-03');
INSERT INTO `softwareengineering`.`diet` (`idDiet`, `idUser`, `idMeal`, `date`) VALUES (2032, 3, 27, '2020-04-03');
INSERT INTO `softwareengineering`.`diet` (`idDiet`, `idUser`, `idMeal`, `date`) VALUES (2033, 3, 15, '2020-04-03');
INSERT INTO `softwareengineering`.`diet` (`idDiet`, `idUser`, `idMeal`, `date`) VALUES (2034, 3, 35, '2020-04-03');
INSERT INTO `softwareengineering`.`diet` (`idDiet`, `idUser`, `idMeal`, `date`) VALUES (2035, 3, 37, '2020-04-03');
INSERT INTO `softwareengineering`.`diet` (`idDiet`, `idUser`, `idMeal`, `date`) VALUES (2036, 3, 49, '2020-04-03');
INSERT INTO `softwareengineering`.`diet` (`idDiet`, `idUser`, `idMeal`, `date`) VALUES (2037, 3, 57, '2020-04-03');
INSERT INTO `softwareengineering`.`diet` (`idDiet`, `idUser`, `idMeal`, `date`) VALUES (2038, 3, 54, '2020-04-03');
INSERT INTO `softwareengineering`.`weighttracking` (`idWeightTracking`, `idUser`, `date`, `weight`) VALUES (204, 3, '2020-04-03', 99.11);
INSERT INTO `softwareengineering`.`exerciselink` (`idLink`, `idUser`, `idExerciseSession`, `date`) VALUES (208, 3, 1, '2020-04-02');
INSERT INTO `softwareengineering`.`diet` (`idDiet`, `idUser`, `idMeal`, `date`) VALUES (2039, 3, 13, '2020-04-02');
INSERT INTO `softwareengineering`.`diet` (`idDiet`, `idUser`, `idMeal`, `date`) VALUES (2040, 3, 11, '2020-04-02');
INSERT INTO `softwareengineering`.`diet` (`idDiet`, `idUser`, `idMeal`, `date`) VALUES (2041, 3, 4, '2020-04-02');
INSERT INTO `softwareengineering`.`diet` (`idDiet`, `idUser`, `idMeal`, `date`) VALUES (2042, 3, 21, '2020-04-02');
INSERT INTO `softwareengineering`.`diet` (`idDiet`, `idUser`, `idMeal`, `date`) VALUES (2043, 3, 28, '2020-04-02');
INSERT INTO `softwareengineering`.`diet` (`idDiet`, `idUser`, `idMeal`, `date`) VALUES (2044, 3, 18, '2020-04-02');
INSERT INTO `softwareengineering`.`diet` (`idDiet`, `idUser`, `idMeal`, `date`) VALUES (2045, 3, 33, '2020-04-02');
INSERT INTO `softwareengineering`.`diet` (`idDiet`, `idUser`, `idMeal`, `date`) VALUES (2046, 3, 39, '2020-04-02');
INSERT INTO `softwareengineering`.`diet` (`idDiet`, `idUser`, `idMeal`, `date`) VALUES (2047, 3, 36, '2020-04-02');
INSERT INTO `softwareengineering`.`diet` (`idDiet`, `idUser`, `idMeal`, `date`) VALUES (2048, 3, 52, '2020-04-02');
INSERT INTO `softwareengineering`.`diet` (`idDiet`, `idUser`, `idMeal`, `date`) VALUES (2049, 3, 48, '2020-04-02');
INSERT INTO `softwareengineering`.`weighttracking` (`idWeightTracking`, `idUser`, `date`, `weight`) VALUES (205, 3, '2020-04-02', 99.34);
INSERT INTO `softwareengineering`.`exerciselink` (`idLink`, `idUser`, `idExerciseSession`, `date`) VALUES (209, 3, 2, '2020-04-01');
INSERT INTO `softwareengineering`.`diet` (`idDiet`, `idUser`, `idMeal`, `date`) VALUES (2050, 3, 10, '2020-04-01');
INSERT INTO `softwareengineering`.`diet` (`idDiet`, `idUser`, `idMeal`, `date`) VALUES (2051, 3, 2, '2020-04-01');
INSERT INTO `softwareengineering`.`diet` (`idDiet`, `idUser`, `idMeal`, `date`) VALUES (2052, 3, 14, '2020-04-01');
INSERT INTO `softwareengineering`.`diet` (`idDiet`, `idUser`, `idMeal`, `date`) VALUES (2053, 3, 16, '2020-04-01');
INSERT INTO `softwareengineering`.`diet` (`idDiet`, `idUser`, `idMeal`, `date`) VALUES (2054, 3, 26, '2020-04-01');
INSERT INTO `softwareengineering`.`diet` (`idDiet`, `idUser`, `idMeal`, `date`) VALUES (2055, 3, 35, '2020-04-01');
INSERT INTO `softwareengineering`.`diet` (`idDiet`, `idUser`, `idMeal`, `date`) VALUES (2056, 3, 32, '2020-04-01');
INSERT INTO `softwareengineering`.`diet` (`idDiet`, `idUser`, `idMeal`, `date`) VALUES (2057, 3, 34, '2020-04-01');
INSERT INTO `softwareengineering`.`diet` (`idDiet`, `idUser`, `idMeal`, `date`) VALUES (2058, 3, 59, '2020-04-01');
INSERT INTO `softwareengineering`.`diet` (`idDiet`, `idUser`, `idMeal`, `date`) VALUES (2059, 3, 55, '2020-04-01');
INSERT INTO `softwareengineering`.`diet` (`idDiet`, `idUser`, `idMeal`, `date`) VALUES (2060, 3, 52, '2020-04-01');
INSERT INTO `softwareengineering`.`weighttracking` (`idWeightTracking`, `idUser`, `date`, `weight`) VALUES (206, 3, '2020-04-01', 99.34);
INSERT INTO `softwareengineering`.`exerciselink` (`idLink`, `idUser`, `idExerciseSession`, `date`) VALUES (210, 3, 19, '2020-03-31');
INSERT INTO `softwareengineering`.`diet` (`idDiet`, `idUser`, `idMeal`, `date`) VALUES (2061, 3, 14, '2020-03-31');
INSERT INTO `softwareengineering`.`diet` (`idDiet`, `idUser`, `idMeal`, `date`) VALUES (2062, 3, 6, '2020-03-31');
INSERT INTO `softwareengineering`.`diet` (`idDiet`, `idUser`, `idMeal`, `date`) VALUES (2063, 3, 3, '2020-03-31');
INSERT INTO `softwareengineering`.`diet` (`idDiet`, `idUser`, `idMeal`, `date`) VALUES (2064, 3, 26, '2020-03-31');
INSERT INTO `softwareengineering`.`diet` (`idDiet`, `idUser`, `idMeal`, `date`) VALUES (2065, 3, 28, '2020-03-31');
INSERT INTO `softwareengineering`.`diet` (`idDiet`, `idUser`, `idMeal`, `date`) VALUES (2066, 3, 22, '2020-03-31');
INSERT INTO `softwareengineering`.`diet` (`idDiet`, `idUser`, `idMeal`, `date`) VALUES (2067, 3, 30, '2020-03-31');
INSERT INTO `softwareengineering`.`diet` (`idDiet`, `idUser`, `idMeal`, `date`) VALUES (2068, 3, 44, '2020-03-31');
INSERT INTO `softwareengineering`.`diet` (`idDiet`, `idUser`, `idMeal`, `date`) VALUES (2069, 3, 46, '2020-03-31');
INSERT INTO `softwareengineering`.`diet` (`idDiet`, `idUser`, `idMeal`, `date`) VALUES (2070, 3, 53, '2020-03-31');
INSERT INTO `softwareengineering`.`weighttracking` (`idWeightTracking`, `idUser`, `date`, `weight`) VALUES (207, 3, '2020-03-31', 99.41);
INSERT INTO `softwareengineering`.`diet` (`idDiet`, `idUser`, `idMeal`, `date`) VALUES (2071, 3, 14, '2020-03-30');
INSERT INTO `softwareengineering`.`diet` (`idDiet`, `idUser`, `idMeal`, `date`) VALUES (2072, 3, 3, '2020-03-30');
INSERT INTO `softwareengineering`.`diet` (`idDiet`, `idUser`, `idMeal`, `date`) VALUES (2073, 3, 4, '2020-03-30');
INSERT INTO `softwareengineering`.`diet` (`idDiet`, `idUser`, `idMeal`, `date`) VALUES (2074, 3, 17, '2020-03-30');
INSERT INTO `softwareengineering`.`diet` (`idDiet`, `idUser`, `idMeal`, `date`) VALUES (2075, 3, 29, '2020-03-30');
INSERT INTO `softwareengineering`.`diet` (`idDiet`, `idUser`, `idMeal`, `date`) VALUES (2076, 3, 41, '2020-03-30');
INSERT INTO `softwareengineering`.`diet` (`idDiet`, `idUser`, `idMeal`, `date`) VALUES (2077, 3, 38, '2020-03-30');
INSERT INTO `softwareengineering`.`diet` (`idDiet`, `idUser`, `idMeal`, `date`) VALUES (2078, 3, 41, '2020-03-30');
INSERT INTO `softwareengineering`.`diet` (`idDiet`, `idUser`, `idMeal`, `date`) VALUES (2079, 3, 45, '2020-03-30');
INSERT INTO `softwareengineering`.`diet` (`idDiet`, `idUser`, `idMeal`, `date`) VALUES (2080, 3, 48, '2020-03-30');
INSERT INTO `softwareengineering`.`weighttracking` (`idWeightTracking`, `idUser`, `date`, `weight`) VALUES (208, 3, '2020-03-30', 99.58);
INSERT INTO `softwareengineering`.`exerciselink` (`idLink`, `idUser`, `idExerciseSession`, `date`) VALUES (211, 3, 7, '2020-03-29');
INSERT INTO `softwareengineering`.`exerciselink` (`idLink`, `idUser`, `idExerciseSession`, `date`) VALUES (212, 3, 5, '2020-03-29');
INSERT INTO `softwareengineering`.`diet` (`idDiet`, `idUser`, `idMeal`, `date`) VALUES (2081, 3, 11, '2020-03-29');
INSERT INTO `softwareengineering`.`diet` (`idDiet`, `idUser`, `idMeal`, `date`) VALUES (2082, 3, 6, '2020-03-29');
INSERT INTO `softwareengineering`.`diet` (`idDiet`, `idUser`, `idMeal`, `date`) VALUES (2083, 3, 6, '2020-03-29');
INSERT INTO `softwareengineering`.`diet` (`idDiet`, `idUser`, `idMeal`, `date`) VALUES (2084, 3, 18, '2020-03-29');
INSERT INTO `softwareengineering`.`diet` (`idDiet`, `idUser`, `idMeal`, `date`) VALUES (2085, 3, 18, '2020-03-29');
INSERT INTO `softwareengineering`.`diet` (`idDiet`, `idUser`, `idMeal`, `date`) VALUES (2086, 3, 22, '2020-03-29');
INSERT INTO `softwareengineering`.`diet` (`idDiet`, `idUser`, `idMeal`, `date`) VALUES (2087, 3, 31, '2020-03-29');
INSERT INTO `softwareengineering`.`diet` (`idDiet`, `idUser`, `idMeal`, `date`) VALUES (2088, 3, 41, '2020-03-29');
INSERT INTO `softwareengineering`.`diet` (`idDiet`, `idUser`, `idMeal`, `date`) VALUES (2089, 3, 35, '2020-03-29');
INSERT INTO `softwareengineering`.`diet` (`idDiet`, `idUser`, `idMeal`, `date`) VALUES (2090, 3, 56, '2020-03-29');
INSERT INTO `softwareengineering`.`diet` (`idDiet`, `idUser`, `idMeal`, `date`) VALUES (2091, 3, 56, '2020-03-29');
INSERT INTO `softwareengineering`.`weighttracking` (`idWeightTracking`, `idUser`, `date`, `weight`) VALUES (209, 3, '2020-03-29', 99.43);
INSERT INTO `softwareengineering`.`diet` (`idDiet`, `idUser`, `idMeal`, `date`) VALUES (2092, 3, 6, '2020-03-28');
INSERT INTO `softwareengineering`.`diet` (`idDiet`, `idUser`, `idMeal`, `date`) VALUES (2093, 3, 14, '2020-03-28');
INSERT INTO `softwareengineering`.`diet` (`idDiet`, `idUser`, `idMeal`, `date`) VALUES (2094, 3, 13, '2020-03-28');
INSERT INTO `softwareengineering`.`diet` (`idDiet`, `idUser`, `idMeal`, `date`) VALUES (2095, 3, 24, '2020-03-28');
INSERT INTO `softwareengineering`.`diet` (`idDiet`, `idUser`, `idMeal`, `date`) VALUES (2096, 3, 20, '2020-03-28');
INSERT INTO `softwareengineering`.`diet` (`idDiet`, `idUser`, `idMeal`, `date`) VALUES (2097, 3, 26, '2020-03-28');
INSERT INTO `softwareengineering`.`diet` (`idDiet`, `idUser`, `idMeal`, `date`) VALUES (2098, 3, 33, '2020-03-28');
INSERT INTO `softwareengineering`.`diet` (`idDiet`, `idUser`, `idMeal`, `date`) VALUES (2099, 3, 43, '2020-03-28');
INSERT INTO `softwareengineering`.`diet` (`idDiet`, `idUser`, `idMeal`, `date`) VALUES (2100, 3, 55, '2020-03-28');
INSERT INTO `softwareengineering`.`diet` (`idDiet`, `idUser`, `idMeal`, `date`) VALUES (2101, 3, 57, '2020-03-28');
INSERT INTO `softwareengineering`.`weighttracking` (`idWeightTracking`, `idUser`, `date`, `weight`) VALUES (210, 3, '2020-03-28', 99.35);
INSERT INTO `softwareengineering`.`exerciselink` (`idLink`, `idUser`, `idExerciseSession`, `date`) VALUES (213, 3, 18, '2020-03-27');
INSERT INTO `softwareengineering`.`exerciselink` (`idLink`, `idUser`, `idExerciseSession`, `date`) VALUES (214, 3, 16, '2020-03-27');
INSERT INTO `softwareengineering`.`diet` (`idDiet`, `idUser`, `idMeal`, `date`) VALUES (2102, 3, 0, '2020-03-27');
INSERT INTO `softwareengineering`.`diet` (`idDiet`, `idUser`, `idMeal`, `date`) VALUES (2103, 3, 10, '2020-03-27');
INSERT INTO `softwareengineering`.`diet` (`idDiet`, `idUser`, `idMeal`, `date`) VALUES (2104, 3, 26, '2020-03-27');
INSERT INTO `softwareengineering`.`diet` (`idDiet`, `idUser`, `idMeal`, `date`) VALUES (2105, 3, 22, '2020-03-27');
INSERT INTO `softwareengineering`.`diet` (`idDiet`, `idUser`, `idMeal`, `date`) VALUES (2106, 3, 23, '2020-03-27');
INSERT INTO `softwareengineering`.`diet` (`idDiet`, `idUser`, `idMeal`, `date`) VALUES (2107, 3, 33, '2020-03-27');
INSERT INTO `softwareengineering`.`diet` (`idDiet`, `idUser`, `idMeal`, `date`) VALUES (2108, 3, 30, '2020-03-27');
INSERT INTO `softwareengineering`.`diet` (`idDiet`, `idUser`, `idMeal`, `date`) VALUES (2109, 3, 40, '2020-03-27');
INSERT INTO `softwareengineering`.`diet` (`idDiet`, `idUser`, `idMeal`, `date`) VALUES (2110, 3, 58, '2020-03-27');
INSERT INTO `softwareengineering`.`diet` (`idDiet`, `idUser`, `idMeal`, `date`) VALUES (2111, 3, 55, '2020-03-27');
INSERT INTO `softwareengineering`.`weighttracking` (`idWeightTracking`, `idUser`, `date`, `weight`) VALUES (211, 3, '2020-03-27', 99.26);
INSERT INTO `softwareengineering`.`exerciselink` (`idLink`, `idUser`, `idExerciseSession`, `date`) VALUES (215, 3, 10, '2020-03-26');
INSERT INTO `softwareengineering`.`diet` (`idDiet`, `idUser`, `idMeal`, `date`) VALUES (2112, 3, 6, '2020-03-26');
INSERT INTO `softwareengineering`.`diet` (`idDiet`, `idUser`, `idMeal`, `date`) VALUES (2113, 3, 14, '2020-03-26');
INSERT INTO `softwareengineering`.`diet` (`idDiet`, `idUser`, `idMeal`, `date`) VALUES (2114, 3, 2, '2020-03-26');
INSERT INTO `softwareengineering`.`diet` (`idDiet`, `idUser`, `idMeal`, `date`) VALUES (2115, 3, 23, '2020-03-26');
INSERT INTO `softwareengineering`.`diet` (`idDiet`, `idUser`, `idMeal`, `date`) VALUES (2116, 3, 23, '2020-03-26');
INSERT INTO `softwareengineering`.`diet` (`idDiet`, `idUser`, `idMeal`, `date`) VALUES (2117, 3, 21, '2020-03-26');
INSERT INTO `softwareengineering`.`diet` (`idDiet`, `idUser`, `idMeal`, `date`) VALUES (2118, 3, 44, '2020-03-26');
INSERT INTO `softwareengineering`.`diet` (`idDiet`, `idUser`, `idMeal`, `date`) VALUES (2119, 3, 32, '2020-03-26');
INSERT INTO `softwareengineering`.`diet` (`idDiet`, `idUser`, `idMeal`, `date`) VALUES (2120, 3, 49, '2020-03-26');
INSERT INTO `softwareengineering`.`diet` (`idDiet`, `idUser`, `idMeal`, `date`) VALUES (2121, 3, 47, '2020-03-26');
INSERT INTO `softwareengineering`.`weighttracking` (`idWeightTracking`, `idUser`, `date`, `weight`) VALUES (212, 3, '2020-03-26', 99.07);
INSERT INTO `softwareengineering`.`exerciselink` (`idLink`, `idUser`, `idExerciseSession`, `date`) VALUES (216, 3, 0, '2020-03-25');
INSERT INTO `softwareengineering`.`diet` (`idDiet`, `idUser`, `idMeal`, `date`) VALUES (2122, 3, 13, '2020-03-25');
INSERT INTO `softwareengineering`.`diet` (`idDiet`, `idUser`, `idMeal`, `date`) VALUES (2123, 3, 7, '2020-03-25');
INSERT INTO `softwareengineering`.`diet` (`idDiet`, `idUser`, `idMeal`, `date`) VALUES (2124, 3, 22, '2020-03-25');
INSERT INTO `softwareengineering`.`diet` (`idDiet`, `idUser`, `idMeal`, `date`) VALUES (2125, 3, 18, '2020-03-25');
INSERT INTO `softwareengineering`.`diet` (`idDiet`, `idUser`, `idMeal`, `date`) VALUES (2126, 3, 31, '2020-03-25');
INSERT INTO `softwareengineering`.`diet` (`idDiet`, `idUser`, `idMeal`, `date`) VALUES (2127, 3, 37, '2020-03-25');
INSERT INTO `softwareengineering`.`diet` (`idDiet`, `idUser`, `idMeal`, `date`) VALUES (2128, 3, 55, '2020-03-25');
INSERT INTO `softwareengineering`.`diet` (`idDiet`, `idUser`, `idMeal`, `date`) VALUES (2129, 3, 50, '2020-03-25');
INSERT INTO `softwareengineering`.`weighttracking` (`idWeightTracking`, `idUser`, `date`, `weight`) VALUES (213, 3, '2020-03-25', 99.29);
INSERT INTO `softwareengineering`.`exerciselink` (`idLink`, `idUser`, `idExerciseSession`, `date`) VALUES (217, 3, 3, '2020-03-24');
INSERT INTO `softwareengineering`.`exerciselink` (`idLink`, `idUser`, `idExerciseSession`, `date`) VALUES (218, 3, 10, '2020-03-24');
INSERT INTO `softwareengineering`.`diet` (`idDiet`, `idUser`, `idMeal`, `date`) VALUES (2130, 3, 11, '2020-03-24');
INSERT INTO `softwareengineering`.`diet` (`idDiet`, `idUser`, `idMeal`, `date`) VALUES (2131, 3, 13, '2020-03-24');
INSERT INTO `softwareengineering`.`diet` (`idDiet`, `idUser`, `idMeal`, `date`) VALUES (2132, 3, 13, '2020-03-24');
INSERT INTO `softwareengineering`.`diet` (`idDiet`, `idUser`, `idMeal`, `date`) VALUES (2133, 3, 21, '2020-03-24');
INSERT INTO `softwareengineering`.`diet` (`idDiet`, `idUser`, `idMeal`, `date`) VALUES (2134, 3, 24, '2020-03-24');
INSERT INTO `softwareengineering`.`diet` (`idDiet`, `idUser`, `idMeal`, `date`) VALUES (2135, 3, 42, '2020-03-24');
INSERT INTO `softwareengineering`.`diet` (`idDiet`, `idUser`, `idMeal`, `date`) VALUES (2136, 3, 34, '2020-03-24');
INSERT INTO `softwareengineering`.`diet` (`idDiet`, `idUser`, `idMeal`, `date`) VALUES (2137, 3, 46, '2020-03-24');
INSERT INTO `softwareengineering`.`diet` (`idDiet`, `idUser`, `idMeal`, `date`) VALUES (2138, 3, 49, '2020-03-24');
INSERT INTO `softwareengineering`.`weighttracking` (`idWeightTracking`, `idUser`, `date`, `weight`) VALUES (214, 3, '2020-03-24', 99.12);
INSERT INTO `softwareengineering`.`diet` (`idDiet`, `idUser`, `idMeal`, `date`) VALUES (2139, 3, 3, '2020-03-23');
INSERT INTO `softwareengineering`.`diet` (`idDiet`, `idUser`, `idMeal`, `date`) VALUES (2140, 3, 8, '2020-03-23');
INSERT INTO `softwareengineering`.`diet` (`idDiet`, `idUser`, `idMeal`, `date`) VALUES (2141, 3, 12, '2020-03-23');
INSERT INTO `softwareengineering`.`diet` (`idDiet`, `idUser`, `idMeal`, `date`) VALUES (2142, 3, 25, '2020-03-23');
INSERT INTO `softwareengineering`.`diet` (`idDiet`, `idUser`, `idMeal`, `date`) VALUES (2143, 3, 20, '2020-03-23');
INSERT INTO `softwareengineering`.`diet` (`idDiet`, `idUser`, `idMeal`, `date`) VALUES (2144, 3, 41, '2020-03-23');
INSERT INTO `softwareengineering`.`diet` (`idDiet`, `idUser`, `idMeal`, `date`) VALUES (2145, 3, 41, '2020-03-23');
INSERT INTO `softwareengineering`.`diet` (`idDiet`, `idUser`, `idMeal`, `date`) VALUES (2146, 3, 55, '2020-03-23');
INSERT INTO `softwareengineering`.`diet` (`idDiet`, `idUser`, `idMeal`, `date`) VALUES (2147, 3, 55, '2020-03-23');
INSERT INTO `softwareengineering`.`weighttracking` (`idWeightTracking`, `idUser`, `date`, `weight`) VALUES (215, 3, '2020-03-23', 99.04);
INSERT INTO `softwareengineering`.`diet` (`idDiet`, `idUser`, `idMeal`, `date`) VALUES (2148, 3, 4, '2020-03-22');
INSERT INTO `softwareengineering`.`diet` (`idDiet`, `idUser`, `idMeal`, `date`) VALUES (2149, 3, 10, '2020-03-22');
INSERT INTO `softwareengineering`.`diet` (`idDiet`, `idUser`, `idMeal`, `date`) VALUES (2150, 3, 17, '2020-03-22');
INSERT INTO `softwareengineering`.`diet` (`idDiet`, `idUser`, `idMeal`, `date`) VALUES (2151, 3, 21, '2020-03-22');
INSERT INTO `softwareengineering`.`diet` (`idDiet`, `idUser`, `idMeal`, `date`) VALUES (2152, 3, 37, '2020-03-22');
INSERT INTO `softwareengineering`.`diet` (`idDiet`, `idUser`, `idMeal`, `date`) VALUES (2153, 3, 32, '2020-03-22');
INSERT INTO `softwareengineering`.`diet` (`idDiet`, `idUser`, `idMeal`, `date`) VALUES (2154, 3, 36, '2020-03-22');
INSERT INTO `softwareengineering`.`diet` (`idDiet`, `idUser`, `idMeal`, `date`) VALUES (2155, 3, 48, '2020-03-22');
INSERT INTO `softwareengineering`.`diet` (`idDiet`, `idUser`, `idMeal`, `date`) VALUES (2156, 3, 57, '2020-03-22');
INSERT INTO `softwareengineering`.`diet` (`idDiet`, `idUser`, `idMeal`, `date`) VALUES (2157, 3, 45, '2020-03-22');
INSERT INTO `softwareengineering`.`weighttracking` (`idWeightTracking`, `idUser`, `date`, `weight`) VALUES (216, 3, '2020-03-22', 99.12);
INSERT INTO `softwareengineering`.`diet` (`idDiet`, `idUser`, `idMeal`, `date`) VALUES (2158, 3, 10, '2020-03-21');
INSERT INTO `softwareengineering`.`diet` (`idDiet`, `idUser`, `idMeal`, `date`) VALUES (2159, 3, 6, '2020-03-21');
INSERT INTO `softwareengineering`.`diet` (`idDiet`, `idUser`, `idMeal`, `date`) VALUES (2160, 3, 26, '2020-03-21');
INSERT INTO `softwareengineering`.`diet` (`idDiet`, `idUser`, `idMeal`, `date`) VALUES (2161, 3, 19, '2020-03-21');
INSERT INTO `softwareengineering`.`diet` (`idDiet`, `idUser`, `idMeal`, `date`) VALUES (2162, 3, 25, '2020-03-21');
INSERT INTO `softwareengineering`.`diet` (`idDiet`, `idUser`, `idMeal`, `date`) VALUES (2163, 3, 39, '2020-03-21');
INSERT INTO `softwareengineering`.`diet` (`idDiet`, `idUser`, `idMeal`, `date`) VALUES (2164, 3, 39, '2020-03-21');
INSERT INTO `softwareengineering`.`diet` (`idDiet`, `idUser`, `idMeal`, `date`) VALUES (2165, 3, 37, '2020-03-21');
INSERT INTO `softwareengineering`.`diet` (`idDiet`, `idUser`, `idMeal`, `date`) VALUES (2166, 3, 48, '2020-03-21');
INSERT INTO `softwareengineering`.`diet` (`idDiet`, `idUser`, `idMeal`, `date`) VALUES (2167, 3, 55, '2020-03-21');
INSERT INTO `softwareengineering`.`weighttracking` (`idWeightTracking`, `idUser`, `date`, `weight`) VALUES (217, 3, '2020-03-21', 99.01);
INSERT INTO `softwareengineering`.`exerciselink` (`idLink`, `idUser`, `idExerciseSession`, `date`) VALUES (219, 3, 11, '2020-03-20');
INSERT INTO `softwareengineering`.`exerciselink` (`idLink`, `idUser`, `idExerciseSession`, `date`) VALUES (220, 3, 24, '2020-03-20');
INSERT INTO `softwareengineering`.`diet` (`idDiet`, `idUser`, `idMeal`, `date`) VALUES (2168, 3, 0, '2020-03-20');
INSERT INTO `softwareengineering`.`diet` (`idDiet`, `idUser`, `idMeal`, `date`) VALUES (2169, 3, 11, '2020-03-20');
INSERT INTO `softwareengineering`.`diet` (`idDiet`, `idUser`, `idMeal`, `date`) VALUES (2170, 3, 16, '2020-03-20');
INSERT INTO `softwareengineering`.`diet` (`idDiet`, `idUser`, `idMeal`, `date`) VALUES (2171, 3, 20, '2020-03-20');
INSERT INTO `softwareengineering`.`diet` (`idDiet`, `idUser`, `idMeal`, `date`) VALUES (2172, 3, 35, '2020-03-20');
INSERT INTO `softwareengineering`.`diet` (`idDiet`, `idUser`, `idMeal`, `date`) VALUES (2173, 3, 42, '2020-03-20');
INSERT INTO `softwareengineering`.`diet` (`idDiet`, `idUser`, `idMeal`, `date`) VALUES (2174, 3, 43, '2020-03-20');
INSERT INTO `softwareengineering`.`diet` (`idDiet`, `idUser`, `idMeal`, `date`) VALUES (2175, 3, 59, '2020-03-20');
INSERT INTO `softwareengineering`.`diet` (`idDiet`, `idUser`, `idMeal`, `date`) VALUES (2176, 3, 58, '2020-03-20');
INSERT INTO `softwareengineering`.`weighttracking` (`idWeightTracking`, `idUser`, `date`, `weight`) VALUES (218, 3, '2020-03-20', 99.07);
INSERT INTO `softwareengineering`.`diet` (`idDiet`, `idUser`, `idMeal`, `date`) VALUES (2177, 3, 8, '2020-03-19');
INSERT INTO `softwareengineering`.`diet` (`idDiet`, `idUser`, `idMeal`, `date`) VALUES (2178, 3, 14, '2020-03-19');
INSERT INTO `softwareengineering`.`diet` (`idDiet`, `idUser`, `idMeal`, `date`) VALUES (2179, 3, 11, '2020-03-19');
INSERT INTO `softwareengineering`.`diet` (`idDiet`, `idUser`, `idMeal`, `date`) VALUES (2180, 3, 15, '2020-03-19');
INSERT INTO `softwareengineering`.`diet` (`idDiet`, `idUser`, `idMeal`, `date`) VALUES (2181, 3, 22, '2020-03-19');
INSERT INTO `softwareengineering`.`diet` (`idDiet`, `idUser`, `idMeal`, `date`) VALUES (2182, 3, 27, '2020-03-19');
INSERT INTO `softwareengineering`.`diet` (`idDiet`, `idUser`, `idMeal`, `date`) VALUES (2183, 3, 44, '2020-03-19');
INSERT INTO `softwareengineering`.`diet` (`idDiet`, `idUser`, `idMeal`, `date`) VALUES (2184, 3, 30, '2020-03-19');
INSERT INTO `softwareengineering`.`diet` (`idDiet`, `idUser`, `idMeal`, `date`) VALUES (2185, 3, 54, '2020-03-19');
INSERT INTO `softwareengineering`.`diet` (`idDiet`, `idUser`, `idMeal`, `date`) VALUES (2186, 3, 50, '2020-03-19');
INSERT INTO `softwareengineering`.`weighttracking` (`idWeightTracking`, `idUser`, `date`, `weight`) VALUES (219, 3, '2020-03-19', 99.28);
INSERT INTO `softwareengineering`.`diet` (`idDiet`, `idUser`, `idMeal`, `date`) VALUES (2187, 3, 10, '2020-03-18');
INSERT INTO `softwareengineering`.`diet` (`idDiet`, `idUser`, `idMeal`, `date`) VALUES (2188, 3, 11, '2020-03-18');
INSERT INTO `softwareengineering`.`diet` (`idDiet`, `idUser`, `idMeal`, `date`) VALUES (2189, 3, 20, '2020-03-18');
INSERT INTO `softwareengineering`.`diet` (`idDiet`, `idUser`, `idMeal`, `date`) VALUES (2190, 3, 27, '2020-03-18');
INSERT INTO `softwareengineering`.`diet` (`idDiet`, `idUser`, `idMeal`, `date`) VALUES (2191, 3, 31, '2020-03-18');
INSERT INTO `softwareengineering`.`diet` (`idDiet`, `idUser`, `idMeal`, `date`) VALUES (2192, 3, 35, '2020-03-18');
INSERT INTO `softwareengineering`.`diet` (`idDiet`, `idUser`, `idMeal`, `date`) VALUES (2193, 3, 35, '2020-03-18');
INSERT INTO `softwareengineering`.`diet` (`idDiet`, `idUser`, `idMeal`, `date`) VALUES (2194, 3, 56, '2020-03-18');
INSERT INTO `softwareengineering`.`diet` (`idDiet`, `idUser`, `idMeal`, `date`) VALUES (2195, 3, 54, '2020-03-18');
INSERT INTO `softwareengineering`.`diet` (`idDiet`, `idUser`, `idMeal`, `date`) VALUES (2196, 3, 58, '2020-03-18');
INSERT INTO `softwareengineering`.`weighttracking` (`idWeightTracking`, `idUser`, `date`, `weight`) VALUES (220, 3, '2020-03-18', 99.11);
INSERT INTO `softwareengineering`.`exerciselink` (`idLink`, `idUser`, `idExerciseSession`, `date`) VALUES (221, 3, 1, '2020-03-17');
INSERT INTO `softwareengineering`.`diet` (`idDiet`, `idUser`, `idMeal`, `date`) VALUES (2197, 3, 9, '2020-03-17');
INSERT INTO `softwareengineering`.`diet` (`idDiet`, `idUser`, `idMeal`, `date`) VALUES (2198, 3, 9, '2020-03-17');
INSERT INTO `softwareengineering`.`diet` (`idDiet`, `idUser`, `idMeal`, `date`) VALUES (2199, 3, 23, '2020-03-17');
INSERT INTO `softwareengineering`.`diet` (`idDiet`, `idUser`, `idMeal`, `date`) VALUES (2200, 3, 24, '2020-03-17');
INSERT INTO `softwareengineering`.`diet` (`idDiet`, `idUser`, `idMeal`, `date`) VALUES (2201, 3, 25, '2020-03-17');
INSERT INTO `softwareengineering`.`diet` (`idDiet`, `idUser`, `idMeal`, `date`) VALUES (2202, 3, 39, '2020-03-17');
INSERT INTO `softwareengineering`.`diet` (`idDiet`, `idUser`, `idMeal`, `date`) VALUES (2203, 3, 30, '2020-03-17');
INSERT INTO `softwareengineering`.`diet` (`idDiet`, `idUser`, `idMeal`, `date`) VALUES (2204, 3, 41, '2020-03-17');
INSERT INTO `softwareengineering`.`diet` (`idDiet`, `idUser`, `idMeal`, `date`) VALUES (2205, 3, 50, '2020-03-17');
INSERT INTO `softwareengineering`.`diet` (`idDiet`, `idUser`, `idMeal`, `date`) VALUES (2206, 3, 58, '2020-03-17');
INSERT INTO `softwareengineering`.`diet` (`idDiet`, `idUser`, `idMeal`, `date`) VALUES (2207, 3, 49, '2020-03-17');
INSERT INTO `softwareengineering`.`weighttracking` (`idWeightTracking`, `idUser`, `date`, `weight`) VALUES (221, 3, '2020-03-17', 99.12);
INSERT INTO `softwareengineering`.`exerciselink` (`idLink`, `idUser`, `idExerciseSession`, `date`) VALUES (222, 3, 22, '2020-03-16');
INSERT INTO `softwareengineering`.`exerciselink` (`idLink`, `idUser`, `idExerciseSession`, `date`) VALUES (223, 3, 0, '2020-03-16');
INSERT INTO `softwareengineering`.`diet` (`idDiet`, `idUser`, `idMeal`, `date`) VALUES (2208, 3, 5, '2020-03-16');
INSERT INTO `softwareengineering`.`diet` (`idDiet`, `idUser`, `idMeal`, `date`) VALUES (2209, 3, 2, '2020-03-16');
INSERT INTO `softwareengineering`.`diet` (`idDiet`, `idUser`, `idMeal`, `date`) VALUES (2210, 3, 1, '2020-03-16');
INSERT INTO `softwareengineering`.`diet` (`idDiet`, `idUser`, `idMeal`, `date`) VALUES (2211, 3, 18, '2020-03-16');
INSERT INTO `softwareengineering`.`diet` (`idDiet`, `idUser`, `idMeal`, `date`) VALUES (2212, 3, 24, '2020-03-16');
INSERT INTO `softwareengineering`.`diet` (`idDiet`, `idUser`, `idMeal`, `date`) VALUES (2213, 3, 22, '2020-03-16');
INSERT INTO `softwareengineering`.`diet` (`idDiet`, `idUser`, `idMeal`, `date`) VALUES (2214, 3, 38, '2020-03-16');
INSERT INTO `softwareengineering`.`diet` (`idDiet`, `idUser`, `idMeal`, `date`) VALUES (2215, 3, 44, '2020-03-16');
INSERT INTO `softwareengineering`.`diet` (`idDiet`, `idUser`, `idMeal`, `date`) VALUES (2216, 3, 44, '2020-03-16');
INSERT INTO `softwareengineering`.`diet` (`idDiet`, `idUser`, `idMeal`, `date`) VALUES (2217, 3, 58, '2020-03-16');
INSERT INTO `softwareengineering`.`diet` (`idDiet`, `idUser`, `idMeal`, `date`) VALUES (2218, 3, 50, '2020-03-16');
INSERT INTO `softwareengineering`.`weighttracking` (`idWeightTracking`, `idUser`, `date`, `weight`) VALUES (222, 3, '2020-03-16', 99.29);
INSERT INTO `softwareengineering`.`exerciselink` (`idLink`, `idUser`, `idExerciseSession`, `date`) VALUES (224, 3, 23, '2020-03-15');
INSERT INTO `softwareengineering`.`diet` (`idDiet`, `idUser`, `idMeal`, `date`) VALUES (2219, 3, 9, '2020-03-15');
INSERT INTO `softwareengineering`.`diet` (`idDiet`, `idUser`, `idMeal`, `date`) VALUES (2220, 3, 2, '2020-03-15');
INSERT INTO `softwareengineering`.`diet` (`idDiet`, `idUser`, `idMeal`, `date`) VALUES (2221, 3, 5, '2020-03-15');
INSERT INTO `softwareengineering`.`diet` (`idDiet`, `idUser`, `idMeal`, `date`) VALUES (2222, 3, 22, '2020-03-15');
INSERT INTO `softwareengineering`.`diet` (`idDiet`, `idUser`, `idMeal`, `date`) VALUES (2223, 3, 19, '2020-03-15');
INSERT INTO `softwareengineering`.`diet` (`idDiet`, `idUser`, `idMeal`, `date`) VALUES (2224, 3, 20, '2020-03-15');
INSERT INTO `softwareengineering`.`diet` (`idDiet`, `idUser`, `idMeal`, `date`) VALUES (2225, 3, 43, '2020-03-15');
INSERT INTO `softwareengineering`.`diet` (`idDiet`, `idUser`, `idMeal`, `date`) VALUES (2226, 3, 33, '2020-03-15');
INSERT INTO `softwareengineering`.`diet` (`idDiet`, `idUser`, `idMeal`, `date`) VALUES (2227, 3, 36, '2020-03-15');
INSERT INTO `softwareengineering`.`diet` (`idDiet`, `idUser`, `idMeal`, `date`) VALUES (2228, 3, 49, '2020-03-15');
INSERT INTO `softwareengineering`.`diet` (`idDiet`, `idUser`, `idMeal`, `date`) VALUES (2229, 3, 57, '2020-03-15');
INSERT INTO `softwareengineering`.`diet` (`idDiet`, `idUser`, `idMeal`, `date`) VALUES (2230, 3, 45, '2020-03-15');
INSERT INTO `softwareengineering`.`weighttracking` (`idWeightTracking`, `idUser`, `date`, `weight`) VALUES (223, 3, '2020-03-15', 99.16);